TIMESTAMP,PREDICCION,PROB1,PREDICCION_2,PROB2
11:52:29,Act05,0.32671878456399056,Act21,0.15974367781013693
11:52:30,Act05,0.32671878456399056,Act21,0.15974367781013693
11:52:31,Act05,0.32671878456399056,Act21,0.15974367781013693
11:52:32,Act05,0.32671878456399056,Act21,0.15974367781013693
11:52:33,Act05,0.32671878456399056,Act21,0.15974367781013693
11:52:34,Act05,0.32671878456399056,Act21,0.15974367781013693
11:52:35,Act05,0.32671878456399056,Act21,0.15974367781013693
11:52:36,Act05,0.32671878456399056,Act21,0.15974367781013693
11:52:37,Act05,0.32671878456399056,Act21,0.15974367781013693
11:52:38,Act05,0.32671878456399056,Act21,0.15974367781013693
11:52:39,Act05,0.32671878456399056,Act21,0.15974367781013693
11:52:40,Act05,0.32671878456399056,Act21,0.15974367781013693
11:52:41,Act05,0.32671878456399056,Act21,0.15974367781013693
11:52:42,Act05,0.32671878456399056,Act21,0.15974367781013693
11:52:43,Act05,0.32671878456399056,Act21,0.15974367781013693
11:52:44,Act05,0.32671878456399056,Act21,0.15974367781013693
11:52:45,Act05,0.32671878456399056,Act21,0.15974367781013693
11:52:46,Act05,0.32671878456399056,Act21,0.15974367781013693
11:52:47,Act05,0.32671878456399056,Act21,0.15974367781013693
11:52:48,Act05,0.32671878456399056,Act21,0.15974367781013693
11:52:49,Act05,0.32671878456399056,Act21,0.15974367781013693
11:52:50,Act05,0.32671878456399056,Act21,0.15974367781013693
11:52:51,Act05,0.32671878456399056,Act21,0.15974367781013693
11:52:52,Act05,0.32671878456399056,Act21,0.15974367781013693
11:52:53,Act05,0.32671878456399056,Act21,0.15974367781013693
11:52:54,Act05,0.32671878456399056,Act21,0.15974367781013693
11:52:55,Act05,0.32671878456399056,Act21,0.15974367781013693
11:52:56,Act21,0.9834179496345647,Act05,0.011548670703118685
11:52:57,Act21,0.9834179496345647,Act05,0.011548670703118685
11:52:58,Act05,0.32671878456399056,Act21,0.15974367781013693
11:52:59,Act05,0.32671878456399056,Act21,0.15974367781013693
11:53:00,Act05,0.32671878456399056,Act21,0.15974367781013693
11:53:01,Act05,0.32671878456399056,Act21,0.15974367781013693
11:53:02,Act05,0.32671878456399056,Act21,0.15974367781013693
11:53:03,Act05,0.32671878456399056,Act21,0.15974367781013693
11:53:04,Act05,0.32671878456399056,Act21,0.15974367781013693
11:53:05,Act21,0.9420226212415611,Act22,0.03322931183367433
11:53:06,Act21,0.9420226212415611,Act22,0.03322931183367433
11:53:07,Act05,0.32671878456399056,Act21,0.15974367781013693
11:53:08,Act05,0.32671878456399056,Act21,0.15974367781013693
11:53:09,Act05,0.32671878456399056,Act21,0.15974367781013693
11:53:10,Act05,0.32671878456399056,Act21,0.15974367781013693
11:53:11,Act05,0.32671878456399056,Act21,0.15974367781013693
11:53:12,Act05,0.32671878456399056,Act21,0.15974367781013693
11:53:13,Act05,0.32671878456399056,Act21,0.15974367781013693
11:53:14,Act05,0.32671878456399056,Act21,0.15974367781013693
11:53:15,Act05,0.32671878456399056,Act21,0.15974367781013693
11:53:16,Act05,0.32671878456399056,Act21,0.15974367781013693
11:53:17,Act05,0.32671878456399056,Act21,0.15974367781013693
11:53:18,Act05,0.32671878456399056,Act21,0.15974367781013693
11:53:19,Act05,0.32671878456399056,Act21,0.15974367781013693
11:53:20,Act05,0.32671878456399056,Act21,0.15974367781013693
11:53:21,Act05,0.32671878456399056,Act21,0.15974367781013693
11:53:22,Act05,0.32671878456399056,Act21,0.15974367781013693
11:53:23,Act05,0.32671878456399056,Act21,0.15974367781013693
11:53:24,Act05,0.32671878456399056,Act21,0.15974367781013693
11:53:25,Act05,0.32671878456399056,Act21,0.15974367781013693
11:53:26,Act05,0.32671878456399056,Act21,0.15974367781013693
11:53:27,Act05,0.32671878456399056,Act21,0.15974367781013693
11:53:28,Act05,0.32671878456399056,Act21,0.15974367781013693
11:53:29,Act05,0.32671878456399056,Act21,0.15974367781013693
11:53:30,Act05,0.32671878456399056,Act21,0.15974367781013693
11:53:31,Act05,0.32671878456399056,Act21,0.15974367781013693
11:53:32,Act05,0.32671878456399056,Act21,0.15974367781013693
11:53:33,Act05,0.32671878456399056,Act21,0.15974367781013693
11:53:34,Act05,0.32671878456399056,Act21,0.15974367781013693
11:53:35,Act05,0.32671878456399056,Act21,0.15974367781013693
11:53:36,Act05,0.32671878456399056,Act21,0.15974367781013693
11:53:37,Act21,0.9834179496345647,Act05,0.011548670703118685
11:53:38,Act21,0.9783981627956861,Act05,0.0114497645444405
11:53:39,Act05,0.29061873216354195,Act21,0.14258903111155677
11:53:40,Act05,0.32671878456399056,Act21,0.15974367781013693
11:53:41,Act05,0.32671878456399056,Act21,0.15974367781013693
11:53:42,Act05,0.32671878456399056,Act21,0.15974367781013693
11:53:43,Act05,0.32671878456399056,Act21,0.15974367781013693
11:53:44,Act05,0.32671878456399056,Act21,0.15974367781013693
11:53:45,Act05,0.32671878456399056,Act21,0.15974367781013693
11:53:46,Act05,0.32671878456399056,Act21,0.15974367781013693
11:53:47,Act05,0.32671878456399056,Act21,0.15974367781013693
11:53:48,Act05,0.32671878456399056,Act21,0.15974367781013693
11:53:49,Act05,0.32671878456399056,Act21,0.15974367781013693
11:53:50,Act05,0.32671878456399056,Act21,0.15974367781013693
11:53:51,Act05,0.32671878456399056,Act21,0.15974367781013693
11:53:52,Act05,0.32671878456399056,Act21,0.15974367781013693
11:53:53,Act05,0.32671878456399056,Act21,0.15974367781013693
11:53:54,Act05,0.32671878456399056,Act21,0.15974367781013693
11:53:55,Act05,0.32671878456399056,Act21,0.15974367781013693
11:53:56,Act05,0.32671878456399056,Act21,0.15974367781013693
11:53:57,Act05,0.32671878456399056,Act21,0.15974367781013693
11:53:58,Act05,0.32671878456399056,Act21,0.15974367781013693
11:53:59,Act05,0.32671878456399056,Act21,0.15974367781013693
11:54:00,Act05,0.32671878456399056,Act21,0.15974367781013693
11:54:01,Act05,0.32671878456399056,Act21,0.15974367781013693
11:54:02,Act05,0.32671878456399056,Act21,0.15974367781013693
11:54:03,Act05,0.32671878456399056,Act21,0.15974367781013693
11:54:04,Act05,0.32671878456399056,Act21,0.15974367781013693
11:54:05,Act05,0.32671878456399056,Act21,0.15974367781013693
11:54:06,Act05,0.32671878456399056,Act21,0.15974367781013693
11:54:07,Act05,0.32671878456399056,Act21,0.15974367781013693
11:54:08,Act05,0.32671878456399056,Act21,0.15974367781013693
11:54:09,Act05,0.32671878456399056,Act21,0.15974367781013693
11:54:10,Act05,0.32671878456399056,Act21,0.15974367781013693
11:54:11,Act05,0.32671878456399056,Act21,0.15974367781013693
11:54:12,Act05,0.32671878456399056,Act21,0.15974367781013693
11:54:13,Act05,0.32671878456399056,Act21,0.15974367781013693
11:54:14,Act05,0.32671878456399056,Act21,0.15974367781013693
11:54:15,Act05,0.32671878456399056,Act21,0.15974367781013693
11:54:16,Act05,0.32671878456399056,Act21,0.15974367781013693
11:54:17,Act05,0.32671878456399056,Act21,0.15974367781013693
11:54:18,Act05,0.32671878456399056,Act21,0.15974367781013693
11:54:19,Act05,0.32671878456399056,Act21,0.15974367781013693
11:54:20,Act05,0.32671878456399056,Act21,0.15974367781013693
11:54:21,Act05,0.32671878456399056,Act21,0.15974367781013693
11:54:22,Act05,0.32671878456399056,Act21,0.15974367781013693
11:54:23,Act05,0.32671878456399056,Act21,0.15974367781013693
11:54:24,Act05,0.32671878456399056,Act21,0.15974367781013693
11:54:25,Act05,0.32671878456399056,Act21,0.15974367781013693
11:54:26,Act05,0.32671878456399056,Act21,0.15974367781013693
11:54:27,Act05,0.32671878456399056,Act21,0.15974367781013693
11:54:28,Act05,0.32671878456399056,Act21,0.15974367781013693
11:54:29,Act05,0.32671878456399056,Act21,0.15974367781013693
11:54:30,Act05,0.32671878456399056,Act21,0.15974367781013693
11:54:31,Act05,0.32671878456399056,Act21,0.15974367781013693
11:54:32,Act05,0.32671878456399056,Act21,0.15974367781013693
11:54:33,Act05,0.32671878456399056,Act21,0.15974367781013693
11:54:34,Act05,0.32671878456399056,Act21,0.15974367781013693
11:54:35,Act05,0.32671878456399056,Act21,0.15974367781013693
11:54:36,Act05,0.32671878456399056,Act21,0.15974367781013693
11:54:37,Act05,0.32671878456399056,Act21,0.15974367781013693
11:54:38,Act05,0.32671878456399056,Act21,0.15974367781013693
11:54:39,Act05,0.32671878456399056,Act21,0.15974367781013693
11:54:40,Act05,0.32671878456399056,Act21,0.15974367781013693
11:54:41,Act05,0.32671878456399056,Act21,0.15974367781013693
11:54:42,Act05,0.32671878456399056,Act21,0.15974367781013693
11:54:43,Act05,0.32671878456399056,Act21,0.15974367781013693
11:54:44,Act05,0.32671878456399056,Act21,0.15974367781013693
11:54:45,Act05,0.32671878456399056,Act21,0.15974367781013693
11:54:46,Act05,0.32671878456399056,Act21,0.15974367781013693
11:54:47,Act05,0.32671878456399056,Act21,0.15974367781013693
11:54:48,Act05,0.32671878456399056,Act21,0.15974367781013693
11:54:49,Act05,0.32671878456399056,Act21,0.15974367781013693
11:54:50,Act05,0.32671878456399056,Act21,0.15974367781013693
11:54:51,Act05,0.32671878456399056,Act21,0.15974367781013693
11:54:52,Act05,0.32671878456399056,Act21,0.15974367781013693
11:54:53,Act05,0.32671878456399056,Act21,0.15974367781013693
11:54:54,Act05,0.32671878456399056,Act21,0.15974367781013693
11:54:55,Act05,0.32671878456399056,Act21,0.15974367781013693
11:54:56,Act05,0.32671878456399056,Act21,0.15974367781013693
11:54:57,Act05,0.32671878456399056,Act21,0.15974367781013693
11:54:58,Act05,0.32671878456399056,Act21,0.15974367781013693
11:54:59,Act05,0.32671878456399056,Act21,0.15974367781013693
11:55:00,Act05,0.32671878456399056,Act21,0.15974367781013693
11:55:01,Act05,0.32671878456399056,Act21,0.15974367781013693
11:55:02,Act05,0.32671878456399056,Act21,0.15974367781013693
11:55:03,Act05,0.32671878456399056,Act21,0.15974367781013693
11:55:04,Act05,0.32671878456399056,Act21,0.15974367781013693
11:55:05,Act05,0.32671878456399056,Act21,0.15974367781013693
11:55:06,Act24,0.9380091480352963,Act18,0.02232147242485291
11:55:07,Act24,0.9408516080141196,Act18,0.02188026995381673
11:55:08,Act24,0.9408516080141196,Act18,0.02188026995381673
11:55:09,Act24,0.9408516080141196,Act18,0.02188026995381673
11:55:10,Act24,0.9380091480352963,Act18,0.02232147242485291
11:55:11,Act24,0.9380091480352963,Act18,0.02232147242485291
11:55:12,Act05,0.32671878456399056,Act21,0.15974367781013693
11:55:13,Act05,0.32671878456399056,Act21,0.15974367781013693
11:55:14,Act05,0.32671878456399056,Act21,0.15974367781013693
11:55:15,Act05,0.32671878456399056,Act21,0.15974367781013693
11:55:16,Act05,0.32671878456399056,Act21,0.15974367781013693
11:55:17,Act24,0.9380091480352963,Act18,0.02232147242485291
11:55:18,Act24,0.9408516080141196,Act18,0.02188026995381673
11:55:19,Act24,0.9408516080141196,Act18,0.02188026995381673
11:55:20,Act18,0.6747967479674797,Act16,0.3252032520325203
11:55:21,Act16,0.5,Act18,0.5
11:55:22,Act24,0.9643747499625375,Act16,0.013025968551291026
11:55:23,Act24,0.9380091480352963,Act18,0.02232147242485291
11:55:24,Act05,0.32671878456399056,Act21,0.15974367781013693
11:55:25,Act17,0.6386814821658174,Act16,0.3601425468429565
11:55:26,Act17,0.6386814821658174,Act16,0.3601425468429565
11:55:27,Act17,0.4295239530457915,Act18,0.2959565222342744
11:55:28,Act05,0.32671878456399056,Act21,0.15974367781013693
11:55:29,Act05,0.32671878456399056,Act21,0.15974367781013693
11:55:30,Act05,0.32671878456399056,Act21,0.15974367781013693
11:55:31,Act05,0.32671878456399056,Act21,0.15974367781013693
11:55:32,Act17,0.4295239530457915,Act18,0.2959565222342744
11:55:33,Act17,0.6386814821658174,Act16,0.3601425468429565
11:55:34,Act17,0.6386814821658174,Act16,0.3601425468429565
11:55:35,Act17,0.6386814821658174,Act16,0.3601425468429565
11:55:36,Act17,0.6386814821658174,Act16,0.3601425468429565
11:55:37,Act05,0.32671878456399056,Act21,0.15974367781013693
11:55:38,Act05,0.32671878456399056,Act21,0.15974367781013693
11:55:39,Act05,0.32671878456399056,Act21,0.15974367781013693
11:55:40,Act05,0.32671878456399056,Act21,0.15974367781013693
11:55:41,Act05,0.32671878456399056,Act21,0.15974367781013693
11:55:42,Act17,0.6386814821658174,Act16,0.3601425468429565
11:55:43,Act17,0.6386814821658174,Act16,0.3601425468429565
11:55:44,Act17,0.4295239530457915,Act18,0.2959565222342744
11:55:45,Act05,0.32671878456399056,Act21,0.15974367781013693
11:55:46,Act05,0.32671878456399056,Act21,0.15974367781013693
11:55:47,Act05,0.32671878456399056,Act21,0.15974367781013693
11:55:48,Act17,0.8151366439170933,Act16,0.18486335608290677
11:55:49,Act17,0.8151366439170933,Act16,0.18486335608290677
11:55:50,Act17,0.8151366439170933,Act16,0.18486335608290677
11:55:51,Act17,0.8151366439170933,Act16,0.18486335608290677
11:55:52,Act17,0.8151366439170933,Act16,0.18486335608290677
11:55:53,Act17,0.8151366439170933,Act16,0.18486335608290677
11:55:54,Act17,0.8151366439170933,Act16,0.18486335608290677
11:55:55,Act17,0.8151366439170933,Act16,0.18486335608290677
11:55:56,Act17,0.8151366439170933,Act16,0.18486335608290677
11:55:57,Act17,0.8151366439170933,Act16,0.18486335608290677
11:55:58,Act17,0.8151366439170933,Act16,0.18486335608290677
11:55:59,Act17,0.8151366439170933,Act16,0.18486335608290677
11:56:00,Act17,0.8151366439170933,Act16,0.18486335608290677
11:56:01,Act17,0.8151366439170933,Act16,0.18486335608290677
11:56:02,Act17,0.8151366439170933,Act16,0.18486335608290677
11:56:03,Act17,0.8151366439170933,Act16,0.18486335608290677
11:56:04,Act17,0.8151366439170933,Act16,0.18486335608290677
11:56:05,Act17,0.8151366439170933,Act16,0.18486335608290677
11:56:06,Act17,0.8151366439170933,Act16,0.18486335608290677
11:56:07,Act17,0.5138850063238312,Act16,0.4013134433346888
11:56:08,Act17,0.5138850063238312,Act16,0.4013134433346888
11:56:09,Act17,0.6386814821658174,Act16,0.3601425468429565
11:56:10,Act17,0.4295239530457915,Act18,0.2959565222342744
11:56:11,Act17,0.4295239530457915,Act18,0.2959565222342744
11:56:12,Act17,0.6386814821658174,Act16,0.3601425468429565
11:56:13,Act17,0.8151366439170933,Act16,0.18486335608290677
11:56:14,Act17,0.8151366439170933,Act16,0.18486335608290677
11:56:15,Act17,0.8151366439170933,Act16,0.18486335608290677
11:56:16,Act17,0.8151366439170933,Act16,0.18486335608290677
11:56:17,Act17,0.8151366439170933,Act16,0.18486335608290677
11:56:18,Act17,0.8151366439170933,Act16,0.18486335608290677
11:56:19,Act17,0.8151366439170933,Act16,0.18486335608290677
11:56:20,Act17,0.7544939146934572,Act16,0.2455060853065428
11:56:21,Act17,0.8151366439170933,Act16,0.18486335608290677
11:56:22,Act17,0.8151366439170933,Act16,0.18486335608290677
11:56:23,Act17,0.8151366439170933,Act16,0.18486335608290677
11:56:24,Act17,0.8151366439170933,Act16,0.18486335608290677
11:56:25,Act17,0.8151366439170933,Act16,0.18486335608290677
11:56:26,Act17,0.8151366439170933,Act16,0.18486335608290677
11:56:27,Act17,0.8151366439170933,Act16,0.18486335608290677
11:56:28,Act17,0.8151366439170933,Act16,0.18486335608290677
11:56:29,Act17,0.7544939146934572,Act16,0.2455060853065428
11:56:30,Act05,0.32671878456399056,Act21,0.15974367781013693
11:56:31,Act17,0.5138850063238312,Act16,0.4013134433346888
11:56:32,Act17,0.5138850063238312,Act16,0.4013134433346888
11:56:33,Act05,0.32671878456399056,Act21,0.15974367781013693
11:56:34,Act17,0.4295239530457915,Act18,0.2959565222342744
11:56:35,Act17,0.6386814821658174,Act16,0.3601425468429565
11:56:36,Act17,0.6386814821658174,Act16,0.3601425468429565
11:56:37,Act05,0.32671878456399056,Act21,0.15974367781013693
11:56:38,Act05,0.32671878456399056,Act21,0.15974367781013693
11:56:39,Act17,0.4295239530457915,Act18,0.2959565222342744
11:56:40,Act17,0.4295239530457915,Act18,0.2959565222342744
11:56:41,Act17,0.4295239530457915,Act18,0.2959565222342744
11:56:42,Act17,0.4295239530457915,Act18,0.2959565222342744
11:56:43,Act17,0.6386814821658174,Act16,0.3601425468429565
11:56:44,Act17,0.9965304757700769,Act22,0.003469524229923013
11:56:45,Act22,0.8011992547033167,Act17,0.19880074529668332
11:56:46,Act22,0.8011992547033167,Act17,0.19880074529668332
11:56:47,Act22,1.0,Act24,0.0
11:56:48,Act22,1.0,Act24,0.0
11:56:49,Act22,0.5098282952343673,Act02,0.4901717047656326
11:56:50,Act02,0.8548951841420585,Act05,0.101266825643041
11:56:51,Act02,0.8548951841420585,Act05,0.101266825643041
11:56:52,Act05,0.32671878456399056,Act21,0.15974367781013693
11:56:53,Act02,0.8548951841420585,Act05,0.101266825643041
11:56:54,Act02,0.8548951841420585,Act05,0.101266825643041
11:56:55,Act02,0.8548951841420585,Act05,0.101266825643041
11:56:56,Act02,0.8548951841420585,Act05,0.101266825643041
11:56:57,Act05,0.32671878456399056,Act21,0.15974367781013693
11:56:58,Act02,0.8548951841420585,Act05,0.101266825643041
11:56:59,Act02,0.8548951841420585,Act05,0.101266825643041
11:57:00,Act02,0.8548951841420585,Act05,0.101266825643041
11:57:01,Act02,0.8548951841420585,Act05,0.101266825643041
11:57:02,Act02,0.8548951841420585,Act05,0.101266825643041
11:57:03,Act05,0.32671878456399056,Act21,0.15974367781013693
11:57:04,Act05,0.32671878456399056,Act21,0.15974367781013693
11:57:05,Act02,0.8548951841420585,Act05,0.101266825643041
11:57:06,Act02,0.8548951841420585,Act05,0.101266825643041
11:57:07,Act02,0.8548951841420585,Act05,0.101266825643041
11:57:08,Act02,0.8548951841420585,Act05,0.101266825643041
11:57:09,Act02,0.8548951841420585,Act05,0.101266825643041
11:57:10,Act02,0.8548951841420585,Act05,0.101266825643041
11:57:11,Act02,0.8548951841420585,Act05,0.101266825643041
11:57:12,Act02,0.8548951841420585,Act05,0.101266825643041
11:57:13,Act02,0.8548951841420585,Act05,0.101266825643041
11:57:14,Act05,0.32671878456399056,Act21,0.15974367781013693
11:57:15,Act02,0.8548951841420585,Act05,0.101266825643041
11:57:16,Act02,0.8548951841420585,Act05,0.101266825643041
11:57:17,Act02,0.8548951841420585,Act05,0.101266825643041
11:57:18,Act02,0.9983077449201526,Act22,0.001692255079847365
11:57:19,Act02,0.9983077449201526,Act22,0.001692255079847365
11:57:20,Act02,0.8548951841420585,Act05,0.101266825643041
11:57:21,Act05,0.32671878456399056,Act21,0.15974367781013693
11:57:22,Act02,0.9447808968729762,Act05,0.055219103127023834
11:57:23,Act05,0.32671878456399056,Act21,0.15974367781013693
11:57:24,Act02,0.8548951841420585,Act05,0.101266825643041
11:57:25,Act05,0.32671878456399056,Act21,0.15974367781013693
11:57:26,Act05,0.32671878456399056,Act21,0.15974367781013693
11:57:27,Act05,0.32671878456399056,Act21,0.15974367781013693
11:57:28,Act05,0.32671878456399056,Act21,0.15974367781013693
11:57:29,Act05,0.32671878456399056,Act21,0.15974367781013693
11:57:30,Act05,0.32671878456399056,Act21,0.15974367781013693
11:57:31,Act05,0.32671878456399056,Act21,0.15974367781013693
11:57:32,Act05,0.32671878456399056,Act21,0.15974367781013693
11:57:33,Act05,0.32671878456399056,Act21,0.15974367781013693
11:57:34,Act02,0.9983077449201526,Act22,0.001692255079847365
11:57:35,Act02,0.9983077449201526,Act22,0.001692255079847365
11:57:36,Act02,0.9983077449201526,Act22,0.001692255079847365
11:57:37,Act02,0.8548951841420585,Act05,0.101266825643041
11:57:38,Act02,0.8548951841420585,Act05,0.101266825643041
11:57:39,Act02,0.8548951841420585,Act05,0.101266825643041
11:57:40,Act02,0.9983077449201526,Act22,0.001692255079847365
11:57:41,Act02,0.9983077449201526,Act22,0.001692255079847365
11:57:42,Act02,0.8548951841420585,Act05,0.101266825643041
11:57:43,Act02,0.8548951841420585,Act05,0.101266825643041
11:57:44,Act02,0.8548951841420585,Act05,0.101266825643041
11:57:45,Act02,0.8548951841420585,Act05,0.101266825643041
11:57:46,Act02,0.8548951841420585,Act05,0.101266825643041
11:57:47,Act02,0.8548951841420585,Act05,0.101266825643041
11:57:48,Act05,0.32671878456399056,Act21,0.15974367781013693
11:57:49,Act05,0.32671878456399056,Act21,0.15974367781013693
11:57:50,Act02,0.8548951841420585,Act05,0.101266825643041
11:57:51,Act02,0.8548951841420585,Act05,0.101266825643041
11:57:52,Act02,0.8548951841420585,Act05,0.101266825643041
11:57:53,Act02,0.8548951841420585,Act05,0.101266825643041
11:57:54,Act02,0.8548951841420585,Act05,0.101266825643041
11:57:55,Act05,0.32671878456399056,Act21,0.15974367781013693
11:57:56,Act05,0.32671878456399056,Act21,0.15974367781013693
11:57:57,Act02,0.8548951841420585,Act05,0.101266825643041
11:57:58,Act02,0.8548951841420585,Act05,0.101266825643041
11:57:59,Act02,0.8548951841420585,Act05,0.101266825643041
11:58:00,Act02,0.8548951841420585,Act05,0.101266825643041
11:58:01,Act05,0.32671878456399056,Act21,0.15974367781013693
11:58:02,Act05,0.32671878456399056,Act21,0.15974367781013693
11:58:03,Act05,0.32671878456399056,Act21,0.15974367781013693
11:58:04,Act05,0.32671878456399056,Act21,0.15974367781013693
11:58:05,Act05,0.32671878456399056,Act21,0.15974367781013693
11:58:06,Act05,0.32671878456399056,Act21,0.15974367781013693
11:58:07,Act05,0.32671878456399056,Act21,0.15974367781013693
11:58:08,Act05,0.32671878456399056,Act21,0.15974367781013693
11:58:09,Act05,0.32671878456399056,Act21,0.15974367781013693
11:58:10,Act05,0.32671878456399056,Act21,0.15974367781013693
11:58:11,Act05,0.32671878456399056,Act21,0.15974367781013693
11:58:12,Act05,0.32671878456399056,Act21,0.15974367781013693
11:58:13,Act05,0.32671878456399056,Act21,0.15974367781013693
11:58:14,Act05,0.32671878456399056,Act21,0.15974367781013693
11:58:15,Act05,0.32671878456399056,Act21,0.15974367781013693
11:58:16,Act05,0.32671878456399056,Act21,0.15974367781013693
11:58:17,Act05,0.32671878456399056,Act21,0.15974367781013693
11:58:18,Act05,0.32671878456399056,Act21,0.15974367781013693
11:58:19,Act05,0.32671878456399056,Act21,0.15974367781013693
11:58:20,Act05,0.32671878456399056,Act21,0.15974367781013693
11:58:21,Act05,0.32671878456399056,Act21,0.15974367781013693
11:58:22,Act05,0.32671878456399056,Act21,0.15974367781013693
11:58:23,Act05,0.32671878456399056,Act21,0.15974367781013693
11:58:24,Act02,0.8548951841420585,Act05,0.101266825643041
11:58:25,Act02,0.8548951841420585,Act05,0.101266825643041
11:58:26,Act02,0.8548951841420585,Act05,0.101266825643041
11:58:27,Act02,0.8548951841420585,Act05,0.101266825643041
11:58:28,Act05,0.32671878456399056,Act21,0.15974367781013693
11:58:29,Act02,0.8548951841420585,Act05,0.101266825643041
11:58:30,Act02,0.8548951841420585,Act05,0.101266825643041
11:58:31,Act05,0.32671878456399056,Act21,0.15974367781013693
11:58:32,Act02,0.8548951841420585,Act05,0.101266825643041
11:58:33,Act02,0.8548951841420585,Act05,0.101266825643041
11:58:34,Act02,0.8548951841420585,Act05,0.101266825643041
11:58:35,Act02,0.8548951841420585,Act05,0.101266825643041
11:58:36,Act02,0.8548951841420585,Act05,0.101266825643041
11:58:37,Act02,0.8548951841420585,Act05,0.101266825643041
11:58:38,Act02,0.8548951841420585,Act05,0.101266825643041
11:58:39,Act02,0.8548951841420585,Act05,0.101266825643041
11:58:40,Act05,0.32671878456399056,Act21,0.15974367781013693
11:58:41,Act05,0.32671878456399056,Act21,0.15974367781013693
11:58:42,Act05,0.32671878456399056,Act21,0.15974367781013693
11:58:43,Act02,0.8548951841420585,Act05,0.101266825643041
11:58:44,Act05,0.32671878456399056,Act21,0.15974367781013693
11:58:45,Act05,0.32671878456399056,Act21,0.15974367781013693
11:58:46,Act05,0.32671878456399056,Act21,0.15974367781013693
11:58:47,Act05,0.32671878456399056,Act21,0.15974367781013693
11:58:48,Act02,0.8548951841420585,Act05,0.101266825643041
11:58:49,Act02,0.8548951841420585,Act05,0.101266825643041
11:58:50,Act02,0.8548951841420585,Act05,0.101266825643041
11:58:51,Act02,0.8548951841420585,Act05,0.101266825643041
11:58:52,Act02,0.8548951841420585,Act05,0.101266825643041
11:58:53,Act05,0.32671878456399056,Act21,0.15974367781013693
11:58:54,Act02,0.8548951841420585,Act05,0.101266825643041
11:58:55,Act02,0.8548951841420585,Act05,0.101266825643041
11:58:56,Act02,0.8548951841420585,Act05,0.101266825643041
11:58:57,Act02,0.8548951841420585,Act05,0.101266825643041
11:58:58,Act02,0.8548951841420585,Act05,0.101266825643041
11:58:59,Act02,0.8548951841420585,Act05,0.101266825643041
11:59:00,Act02,0.8548951841420585,Act05,0.101266825643041
11:59:01,Act05,0.32671878456399056,Act21,0.15974367781013693
11:59:02,Act02,0.8548951841420585,Act05,0.101266825643041
11:59:03,Act02,0.8548951841420585,Act05,0.101266825643041
11:59:04,Act02,0.8548951841420585,Act05,0.101266825643041
11:59:05,Act02,0.8548951841420585,Act05,0.101266825643041
11:59:06,Act02,0.8548951841420585,Act05,0.101266825643041
11:59:07,Act02,0.8548951841420585,Act05,0.101266825643041
11:59:08,Act02,0.8548951841420585,Act05,0.101266825643041
11:59:09,Act02,0.8548951841420585,Act05,0.101266825643041
11:59:10,Act02,0.8548951841420585,Act05,0.101266825643041
11:59:11,Act02,0.8548951841420585,Act05,0.101266825643041
11:59:12,Act05,0.32671878456399056,Act21,0.15974367781013693
11:59:13,Act05,0.32671878456399056,Act21,0.15974367781013693
11:59:14,Act05,0.32671878456399056,Act21,0.15974367781013693
11:59:15,Act05,0.32671878456399056,Act21,0.15974367781013693
11:59:16,Act05,0.32671878456399056,Act21,0.15974367781013693
11:59:17,Act05,0.32671878456399056,Act21,0.15974367781013693
11:59:18,Act05,0.32671878456399056,Act21,0.15974367781013693
11:59:19,Act05,0.32671878456399056,Act21,0.15974367781013693
11:59:20,Act02,0.8548951841420585,Act05,0.101266825643041
11:59:21,Act02,0.8548951841420585,Act05,0.101266825643041
11:59:22,Act05,0.32671878456399056,Act21,0.15974367781013693
11:59:23,Act05,0.32671878456399056,Act21,0.15974367781013693
11:59:24,Act05,0.32671878456399056,Act21,0.15974367781013693
11:59:25,Act05,0.32671878456399056,Act21,0.15974367781013693
11:59:26,Act05,0.32671878456399056,Act21,0.15974367781013693
11:59:27,Act05,0.32671878456399056,Act21,0.15974367781013693
11:59:28,Act05,0.32671878456399056,Act21,0.15974367781013693
11:59:29,Act05,0.32671878456399056,Act21,0.15974367781013693
11:59:30,Act05,0.32671878456399056,Act21,0.15974367781013693
11:59:31,Act05,0.32671878456399056,Act21,0.15974367781013693
11:59:32,Act05,0.32671878456399056,Act21,0.15974367781013693
11:59:33,Act05,0.32671878456399056,Act21,0.15974367781013693
11:59:34,Act05,0.32671878456399056,Act21,0.15974367781013693
11:59:35,Act05,0.32671878456399056,Act21,0.15974367781013693
11:59:36,Act05,0.32671878456399056,Act21,0.15974367781013693
11:59:37,Act05,0.32671878456399056,Act21,0.15974367781013693
11:59:38,Act05,0.32671878456399056,Act21,0.15974367781013693
11:59:39,Act05,0.32671878456399056,Act21,0.15974367781013693
11:59:40,Act05,0.32671878456399056,Act21,0.15974367781013693
11:59:41,Act05,0.32671878456399056,Act21,0.15974367781013693
11:59:42,Act05,0.32671878456399056,Act21,0.15974367781013693
11:59:43,Act05,0.32671878456399056,Act21,0.15974367781013693
11:59:44,Act05,0.32671878456399056,Act21,0.15974367781013693
11:59:45,Act05,0.32671878456399056,Act21,0.15974367781013693
11:59:46,Act05,0.29061873216354195,Act21,0.14258903111155677
11:59:47,Act05,0.29061873216354195,Act21,0.14258903111155677
11:59:48,Act05,0.32671878456399056,Act21,0.15974367781013693
11:59:49,Act05,0.32671878456399056,Act21,0.15974367781013693
11:59:50,Act05,0.32671878456399056,Act21,0.15974367781013693
11:59:51,Act05,0.32671878456399056,Act21,0.15974367781013693
11:59:52,Act05,0.32671878456399056,Act21,0.15974367781013693
11:59:53,Act05,0.32671878456399056,Act21,0.15974367781013693
11:59:54,Act05,0.32671878456399056,Act21,0.15974367781013693
11:59:55,Act05,0.32671878456399056,Act21,0.15974367781013693
11:59:56,Act05,0.32671878456399056,Act21,0.15974367781013693
11:59:57,Act05,0.32671878456399056,Act21,0.15974367781013693
11:59:58,Act05,0.32671878456399056,Act21,0.15974367781013693
11:59:59,Act05,0.32671878456399056,Act21,0.15974367781013693
12:00:00,Act05,0.32671878456399056,Act21,0.15974367781013693
12:00:01,Act05,0.32671878456399056,Act21,0.15974367781013693
12:00:02,Act05,0.32671878456399056,Act21,0.15974367781013693
12:00:03,Act05,0.32671878456399056,Act21,0.15974367781013693
12:00:04,Act05,0.32671878456399056,Act21,0.15974367781013693
12:00:05,Act05,0.32671878456399056,Act21,0.15974367781013693
12:00:06,Act05,0.32671878456399056,Act21,0.15974367781013693
12:00:07,Act05,0.32671878456399056,Act21,0.15974367781013693
12:00:08,Act05,0.32671878456399056,Act21,0.15974367781013693
12:00:09,Act05,0.32671878456399056,Act21,0.15974367781013693
12:00:10,Act05,0.32671878456399056,Act21,0.15974367781013693
12:00:11,Act05,0.32671878456399056,Act21,0.15974367781013693
12:00:12,Act05,0.32671878456399056,Act21,0.15974367781013693
12:00:13,Act05,0.32671878456399056,Act21,0.15974367781013693
12:00:14,Act05,0.32671878456399056,Act21,0.15974367781013693
12:00:15,Act05,0.32671878456399056,Act21,0.15974367781013693
12:00:16,Act22,0.5839148610320755,Act17,0.38368010274182274
12:00:17,Act22,0.5839148610320755,Act17,0.38368010274182274
12:00:18,Act05,0.32671878456399056,Act21,0.15974367781013693
12:00:19,Act05,0.32671878456399056,Act21,0.15974367781013693
12:00:20,Act05,0.32671878456399056,Act21,0.15974367781013693
12:00:21,Act05,0.32671878456399056,Act21,0.15974367781013693
12:00:22,Act05,0.32671878456399056,Act21,0.15974367781013693
12:00:23,Act05,0.32671878456399056,Act21,0.15974367781013693
12:00:24,Act05,0.32671878456399056,Act21,0.15974367781013693
12:00:25,Act05,0.32671878456399056,Act21,0.15974367781013693
12:00:26,Act05,0.32671878456399056,Act21,0.15974367781013693
12:00:27,Act05,0.32671878456399056,Act21,0.15974367781013693
12:00:28,Act05,0.32671878456399056,Act21,0.15974367781013693
12:00:29,Act05,0.32671878456399056,Act21,0.15974367781013693
12:00:30,Act05,0.32671878456399056,Act21,0.15974367781013693
12:00:31,Act05,0.32671878456399056,Act21,0.15974367781013693
12:00:32,Act05,0.32671878456399056,Act21,0.15974367781013693
12:00:33,Act05,0.32671878456399056,Act21,0.15974367781013693
12:00:34,Act05,0.32671878456399056,Act21,0.15974367781013693
12:00:35,Act05,0.32671878456399056,Act21,0.15974367781013693
12:00:36,Act05,0.32671878456399056,Act21,0.15974367781013693
12:00:37,Act05,0.32671878456399056,Act21,0.15974367781013693
12:00:38,Act05,0.32671878456399056,Act21,0.15974367781013693
12:00:39,Act05,0.32671878456399056,Act21,0.15974367781013693
12:00:40,Act05,0.32671878456399056,Act21,0.15974367781013693
12:00:41,Act05,0.32671878456399056,Act21,0.15974367781013693
12:00:42,Act05,0.32671878456399056,Act21,0.15974367781013693
12:00:43,Act05,0.32671878456399056,Act21,0.15974367781013693
12:00:44,Act05,0.32671878456399056,Act21,0.15974367781013693
12:00:45,Act05,0.32671878456399056,Act21,0.15974367781013693
12:00:46,Act05,0.32671878456399056,Act21,0.15974367781013693
12:00:47,Act05,0.32671878456399056,Act21,0.15974367781013693
12:00:48,Act05,0.32671878456399056,Act21,0.15974367781013693
12:00:49,Act05,0.32671878456399056,Act21,0.15974367781013693
12:00:50,Act05,0.32671878456399056,Act21,0.15974367781013693
12:00:51,Act05,0.32671878456399056,Act21,0.15974367781013693
12:00:52,Act05,0.32671878456399056,Act21,0.15974367781013693
12:00:53,Act05,0.32671878456399056,Act21,0.15974367781013693
12:00:54,Act05,0.32671878456399056,Act21,0.15974367781013693
12:00:55,Act05,0.32671878456399056,Act21,0.15974367781013693
12:00:56,Act05,0.32671878456399056,Act21,0.15974367781013693
12:00:57,Act05,0.32671878456399056,Act21,0.15974367781013693
12:00:58,Act05,0.32671878456399056,Act21,0.15974367781013693
12:00:59,Act05,0.32671878456399056,Act21,0.15974367781013693
12:01:00,Act05,0.32671878456399056,Act21,0.15974367781013693
12:01:01,Act05,0.32671878456399056,Act21,0.15974367781013693
12:01:02,Act05,0.32671878456399056,Act21,0.15974367781013693
12:01:03,Act05,0.32671878456399056,Act21,0.15974367781013693
12:01:04,Act05,0.32671878456399056,Act21,0.15974367781013693
12:01:05,Act05,0.32671878456399056,Act21,0.15974367781013693
12:01:06,Act05,0.32671878456399056,Act21,0.15974367781013693
12:01:07,Act05,0.32671878456399056,Act21,0.15974367781013693
12:01:08,Act05,0.32671878456399056,Act21,0.15974367781013693
12:01:09,Act05,0.32671878456399056,Act21,0.15974367781013693
12:01:10,Act05,0.32671878456399056,Act21,0.15974367781013693
12:01:11,Act05,0.32671878456399056,Act21,0.15974367781013693
12:01:12,Act05,0.32671878456399056,Act21,0.15974367781013693
12:01:13,Act05,0.32671878456399056,Act21,0.15974367781013693
12:01:14,Act05,0.32671878456399056,Act21,0.15974367781013693
12:01:15,Act05,0.32671878456399056,Act21,0.15974367781013693
12:01:16,Act05,0.32671878456399056,Act21,0.15974367781013693
12:01:17,Act05,0.32671878456399056,Act21,0.15974367781013693
12:01:18,Act05,0.32671878456399056,Act21,0.15974367781013693
12:01:19,Act05,0.32671878456399056,Act21,0.15974367781013693
12:01:20,Act05,0.32671878456399056,Act21,0.15974367781013693
12:01:21,Act05,0.32671878456399056,Act21,0.15974367781013693
12:01:22,Act05,0.32671878456399056,Act21,0.15974367781013693
12:01:23,Act05,0.32671878456399056,Act21,0.15974367781013693
12:01:24,Act05,0.32671878456399056,Act21,0.15974367781013693
12:01:25,Act05,0.32671878456399056,Act21,0.15974367781013693
12:01:26,Act05,0.32671878456399056,Act21,0.15974367781013693
12:01:27,Act05,0.32671878456399056,Act21,0.15974367781013693
12:01:28,Act05,0.32671878456399056,Act21,0.15974367781013693
12:01:29,Act05,0.32671878456399056,Act21,0.15974367781013693
12:01:30,Act05,0.32671878456399056,Act21,0.15974367781013693
12:01:31,Act05,0.32671878456399056,Act21,0.15974367781013693
12:01:32,Act05,0.32671878456399056,Act21,0.15974367781013693
12:01:33,Act05,0.32671878456399056,Act21,0.15974367781013693
12:01:34,Act05,0.32671878456399056,Act21,0.15974367781013693
12:01:35,Act05,0.32671878456399056,Act21,0.15974367781013693
12:01:36,Act05,0.32671878456399056,Act21,0.15974367781013693
12:01:37,Act05,0.32671878456399056,Act21,0.15974367781013693
12:01:38,Act05,0.32671878456399056,Act21,0.15974367781013693
12:01:39,Act05,0.32671878456399056,Act21,0.15974367781013693
12:01:40,Act05,0.32671878456399056,Act21,0.15974367781013693
12:01:41,Act05,0.32671878456399056,Act21,0.15974367781013693
12:01:42,Act05,0.32671878456399056,Act21,0.15974367781013693
12:01:43,Act05,0.32671878456399056,Act21,0.15974367781013693
12:01:44,Act05,0.32671878456399056,Act21,0.15974367781013693
12:01:45,Act05,0.32671878456399056,Act21,0.15974367781013693
12:01:46,Act05,0.32671878456399056,Act21,0.15974367781013693
12:01:47,Act05,0.32671878456399056,Act21,0.15974367781013693
12:01:48,Act05,0.32671878456399056,Act21,0.15974367781013693
12:01:49,Act05,0.32671878456399056,Act21,0.15974367781013693
12:01:50,Act05,0.32671878456399056,Act21,0.15974367781013693
12:01:51,Act05,0.32671878456399056,Act21,0.15974367781013693
12:01:52,Act05,0.32671878456399056,Act21,0.15974367781013693
12:01:53,Act05,0.32671878456399056,Act21,0.15974367781013693
12:01:54,Act05,0.32671878456399056,Act21,0.15974367781013693
12:01:55,Act05,0.32671878456399056,Act21,0.15974367781013693
12:01:56,Act05,0.32671878456399056,Act21,0.15974367781013693
12:01:57,Act05,0.32671878456399056,Act21,0.15974367781013693
12:01:58,Act05,0.32671878456399056,Act21,0.15974367781013693
12:01:59,Act05,0.32671878456399056,Act21,0.15974367781013693
12:02:00,Act05,0.32671878456399056,Act21,0.15974367781013693
12:02:01,Act05,0.32671878456399056,Act21,0.15974367781013693
12:02:02,Act05,0.32671878456399056,Act21,0.15974367781013693
12:02:03,Act05,0.32671878456399056,Act21,0.15974367781013693
12:02:04,Act05,0.32671878456399056,Act21,0.15974367781013693
12:02:05,Act05,0.32671878456399056,Act21,0.15974367781013693
12:02:06,Act05,0.32671878456399056,Act21,0.15974367781013693
12:02:07,Act05,0.32671878456399056,Act21,0.15974367781013693
12:02:08,Act05,0.32671878456399056,Act21,0.15974367781013693
12:02:09,Act05,0.32671878456399056,Act21,0.15974367781013693
12:02:10,Act05,0.32671878456399056,Act21,0.15974367781013693
12:02:11,Act05,0.32671878456399056,Act21,0.15974367781013693
12:02:12,Act05,0.32671878456399056,Act21,0.15974367781013693
12:02:13,Act05,0.32671878456399056,Act21,0.15974367781013693
12:02:14,Act05,0.32671878456399056,Act21,0.15974367781013693
12:02:15,Act05,0.32671878456399056,Act21,0.15974367781013693
12:02:16,Act05,0.32671878456399056,Act21,0.15974367781013693
12:02:17,Act05,0.32671878456399056,Act21,0.15974367781013693
12:02:18,Act05,0.32671878456399056,Act21,0.15974367781013693
12:02:19,Act05,0.32671878456399056,Act21,0.15974367781013693
12:02:20,Act05,0.32671878456399056,Act21,0.15974367781013693
12:02:21,Act05,0.32671878456399056,Act21,0.15974367781013693
12:02:22,Act05,0.32671878456399056,Act21,0.15974367781013693
12:02:23,Act05,0.32671878456399056,Act21,0.15974367781013693
12:02:24,Act05,0.32671878456399056,Act21,0.15974367781013693
12:02:25,Act05,0.32671878456399056,Act21,0.15974367781013693
12:02:26,Act05,0.32671878456399056,Act21,0.15974367781013693
12:02:27,Act05,0.32671878456399056,Act21,0.15974367781013693
12:02:28,Act05,0.32671878456399056,Act21,0.15974367781013693
12:02:29,Act05,0.32671878456399056,Act21,0.15974367781013693
12:02:30,Act05,0.32671878456399056,Act21,0.15974367781013693
12:02:31,Act05,0.32671878456399056,Act21,0.15974367781013693
12:02:32,Act05,0.32671878456399056,Act21,0.15974367781013693
12:02:33,Act05,0.32671878456399056,Act21,0.15974367781013693
12:02:34,Act05,0.32671878456399056,Act21,0.15974367781013693
12:02:35,Act05,0.32671878456399056,Act21,0.15974367781013693
12:02:36,Act05,0.32671878456399056,Act21,0.15974367781013693
12:02:37,Act05,0.32671878456399056,Act21,0.15974367781013693
12:02:38,Act05,0.32671878456399056,Act21,0.15974367781013693
12:02:39,Act05,0.32671878456399056,Act21,0.15974367781013693
12:02:40,Act05,0.32671878456399056,Act21,0.15974367781013693
12:02:41,Act05,0.32671878456399056,Act21,0.15974367781013693
12:02:42,Act05,0.32671878456399056,Act21,0.15974367781013693
12:02:43,Act05,0.32671878456399056,Act21,0.15974367781013693
12:02:44,Act05,0.32671878456399056,Act21,0.15974367781013693
12:02:45,Act05,0.32671878456399056,Act21,0.15974367781013693
12:02:46,Act05,0.32671878456399056,Act21,0.15974367781013693
12:02:47,Act05,0.32671878456399056,Act21,0.15974367781013693
12:02:48,Act05,0.32671878456399056,Act21,0.15974367781013693
12:02:49,Act05,0.32671878456399056,Act21,0.15974367781013693
12:02:50,Act05,0.32671878456399056,Act21,0.15974367781013693
12:02:51,Act05,0.32671878456399056,Act21,0.15974367781013693
12:02:52,Act05,0.32671878456399056,Act21,0.15974367781013693
12:02:53,Act05,0.32671878456399056,Act21,0.15974367781013693
12:02:54,Act05,0.32671878456399056,Act21,0.15974367781013693
12:02:55,Act05,0.32671878456399056,Act21,0.15974367781013693
12:02:56,Act05,0.32671878456399056,Act21,0.15974367781013693
12:02:57,Act05,0.32671878456399056,Act21,0.15974367781013693
12:02:58,Act05,0.32671878456399056,Act21,0.15974367781013693
12:02:59,Act05,0.32671878456399056,Act21,0.15974367781013693
12:03:00,Act05,0.32671878456399056,Act21,0.15974367781013693
12:03:01,Act05,0.32671878456399056,Act21,0.15974367781013693
12:03:02,Act05,0.32671878456399056,Act21,0.15974367781013693
12:03:03,Act05,0.32671878456399056,Act21,0.15974367781013693
12:03:04,Act05,0.32671878456399056,Act21,0.15974367781013693
12:03:05,Act05,0.32671878456399056,Act21,0.15974367781013693
12:03:06,Act05,0.32671878456399056,Act21,0.15974367781013693
12:03:07,Act05,0.32671878456399056,Act21,0.15974367781013693
12:03:08,Act05,0.32671878456399056,Act21,0.15974367781013693
12:03:09,Act05,0.32671878456399056,Act21,0.15974367781013693
12:03:10,Act05,0.32671878456399056,Act21,0.15974367781013693
12:03:11,Act05,0.32671878456399056,Act21,0.15974367781013693
12:03:12,Act05,0.32671878456399056,Act21,0.15974367781013693
12:03:13,Act05,0.32671878456399056,Act21,0.15974367781013693
12:03:14,Act05,0.32671878456399056,Act21,0.15974367781013693
12:03:15,Act05,0.32671878456399056,Act21,0.15974367781013693
12:03:16,Act05,0.32671878456399056,Act21,0.15974367781013693
12:03:17,Act05,0.32671878456399056,Act21,0.15974367781013693
12:03:18,Act05,0.32671878456399056,Act21,0.15974367781013693
12:03:19,Act05,0.32671878456399056,Act21,0.15974367781013693
12:03:20,Act05,0.32671878456399056,Act21,0.15974367781013693
12:03:21,Act05,0.32671878456399056,Act21,0.15974367781013693
12:03:22,Act05,0.32671878456399056,Act21,0.15974367781013693
12:03:23,Act05,0.32671878456399056,Act21,0.15974367781013693
12:03:24,Act05,0.32671878456399056,Act21,0.15974367781013693
12:03:25,Act05,0.32671878456399056,Act21,0.15974367781013693
12:03:26,Act05,0.32671878456399056,Act21,0.15974367781013693
12:03:27,Act05,0.32671878456399056,Act21,0.15974367781013693
12:03:28,Act05,0.32671878456399056,Act21,0.15974367781013693
12:03:29,Act05,0.32671878456399056,Act21,0.15974367781013693
12:03:30,Act05,0.32671878456399056,Act21,0.15974367781013693
12:03:31,Act05,0.32671878456399056,Act21,0.15974367781013693
12:03:32,Act05,0.32671878456399056,Act21,0.15974367781013693
12:03:33,Act05,0.32671878456399056,Act21,0.15974367781013693
12:03:34,Act05,0.32671878456399056,Act21,0.15974367781013693
12:03:35,Act05,0.32671878456399056,Act21,0.15974367781013693
12:03:36,Act05,0.32671878456399056,Act21,0.15974367781013693
12:03:37,Act05,0.32671878456399056,Act21,0.15974367781013693
12:03:38,Act05,0.32671878456399056,Act21,0.15974367781013693
12:03:39,Act05,0.32671878456399056,Act21,0.15974367781013693
12:03:40,Act05,0.32671878456399056,Act21,0.15974367781013693
12:03:41,Act05,0.32671878456399056,Act21,0.15974367781013693
12:03:42,Act05,0.32671878456399056,Act21,0.15974367781013693
12:03:43,Act05,0.32671878456399056,Act21,0.15974367781013693
12:03:44,Act05,0.32671878456399056,Act21,0.15974367781013693
12:03:45,Act05,0.32671878456399056,Act21,0.15974367781013693
12:03:46,Act05,0.32671878456399056,Act21,0.15974367781013693
12:03:47,Act05,0.32671878456399056,Act21,0.15974367781013693
12:03:48,Act05,0.32671878456399056,Act21,0.15974367781013693
12:03:49,Act05,0.32671878456399056,Act21,0.15974367781013693
12:03:50,Act05,0.32671878456399056,Act21,0.15974367781013693
12:03:51,Act05,0.32671878456399056,Act21,0.15974367781013693
12:03:52,Act05,0.32671878456399056,Act21,0.15974367781013693
12:03:53,Act05,0.32671878456399056,Act21,0.15974367781013693
12:03:54,Act05,0.32671878456399056,Act21,0.15974367781013693
12:03:55,Act05,0.32671878456399056,Act21,0.15974367781013693
12:03:56,Act05,0.32671878456399056,Act21,0.15974367781013693
12:03:57,Act05,0.32671878456399056,Act21,0.15974367781013693
12:03:58,Act05,0.32671878456399056,Act21,0.15974367781013693
12:03:59,Act05,0.32671878456399056,Act21,0.15974367781013693
12:04:00,Act05,0.32671878456399056,Act21,0.15974367781013693
12:04:01,Act05,0.32671878456399056,Act21,0.15974367781013693
12:04:02,Act05,0.32671878456399056,Act21,0.15974367781013693
12:04:03,Act05,0.32671878456399056,Act21,0.15974367781013693
12:04:04,Act05,0.32671878456399056,Act21,0.15974367781013693
12:04:05,Act05,0.32671878456399056,Act21,0.15974367781013693
12:04:06,Act05,0.32671878456399056,Act21,0.15974367781013693
12:04:07,Act05,0.32671878456399056,Act21,0.15974367781013693
12:04:08,Act05,0.32671878456399056,Act21,0.15974367781013693
12:04:09,Act05,0.32671878456399056,Act21,0.15974367781013693
12:04:10,Act05,0.32671878456399056,Act21,0.15974367781013693
12:04:11,Act05,0.32671878456399056,Act21,0.15974367781013693
12:04:12,Act05,0.32671878456399056,Act21,0.15974367781013693
12:04:13,Act05,0.32671878456399056,Act21,0.15974367781013693
12:04:14,Act05,0.32671878456399056,Act21,0.15974367781013693
12:04:15,Act05,0.32671878456399056,Act21,0.15974367781013693
12:04:16,Act05,0.32671878456399056,Act21,0.15974367781013693
12:04:17,Act05,0.32671878456399056,Act21,0.15974367781013693
12:04:18,Act05,0.32671878456399056,Act21,0.15974367781013693
12:04:19,Act05,0.32671878456399056,Act21,0.15974367781013693
12:04:20,Act05,0.32671878456399056,Act21,0.15974367781013693
12:04:21,Act05,0.32671878456399056,Act21,0.15974367781013693
12:04:22,Act05,0.32671878456399056,Act21,0.15974367781013693
12:04:23,Act05,0.32671878456399056,Act21,0.15974367781013693
12:04:24,Act05,0.32671878456399056,Act21,0.15974367781013693
12:04:25,Act05,0.32671878456399056,Act21,0.15974367781013693
12:04:26,Act05,0.32671878456399056,Act21,0.15974367781013693
12:04:27,Act05,0.32671878456399056,Act21,0.15974367781013693
12:04:28,Act05,0.32671878456399056,Act21,0.15974367781013693
12:04:29,Act05,0.32671878456399056,Act21,0.15974367781013693
12:04:30,Act05,0.32671878456399056,Act21,0.15974367781013693
12:04:31,Act05,0.32671878456399056,Act21,0.15974367781013693
12:04:32,Act05,0.32671878456399056,Act21,0.15974367781013693
12:04:33,Act05,0.32671878456399056,Act21,0.15974367781013693
12:04:34,Act05,0.32671878456399056,Act21,0.15974367781013693
12:04:35,Act05,0.32671878456399056,Act21,0.15974367781013693
12:04:36,Act05,0.32671878456399056,Act21,0.15974367781013693
12:04:37,Act05,0.32671878456399056,Act21,0.15974367781013693
12:04:38,Act05,0.32671878456399056,Act21,0.15974367781013693
12:04:39,Act05,0.32671878456399056,Act21,0.15974367781013693
12:04:40,Act05,0.32671878456399056,Act21,0.15974367781013693
12:04:41,Act05,0.32671878456399056,Act21,0.15974367781013693
12:04:42,Act05,0.32671878456399056,Act21,0.15974367781013693
12:04:43,Act05,0.32671878456399056,Act21,0.15974367781013693
12:04:44,Act05,0.32671878456399056,Act21,0.15974367781013693
12:04:45,Act05,0.32671878456399056,Act21,0.15974367781013693
12:04:46,Act05,0.32671878456399056,Act21,0.15974367781013693
12:04:47,Act05,0.32671878456399056,Act21,0.15974367781013693
12:04:48,Act05,0.32671878456399056,Act21,0.15974367781013693
12:04:49,Act05,0.32671878456399056,Act21,0.15974367781013693
12:04:50,Act05,0.32671878456399056,Act21,0.15974367781013693
12:04:51,Act05,0.32671878456399056,Act21,0.15974367781013693
12:04:52,Act05,0.32671878456399056,Act21,0.15974367781013693
12:04:53,Act05,0.32671878456399056,Act21,0.15974367781013693
12:04:54,Act05,0.32671878456399056,Act21,0.15974367781013693
12:04:55,Act05,0.32671878456399056,Act21,0.15974367781013693
12:04:56,Act05,0.32671878456399056,Act21,0.15974367781013693
12:04:57,Act05,0.32671878456399056,Act21,0.15974367781013693
12:04:58,Act05,0.32671878456399056,Act21,0.15974367781013693
12:04:59,Act05,0.32671878456399056,Act21,0.15974367781013693
12:05:00,Act05,0.32671878456399056,Act21,0.15974367781013693
12:05:01,Act05,0.32671878456399056,Act21,0.15974367781013693
12:05:02,Act05,0.32671878456399056,Act21,0.15974367781013693
12:05:03,Act05,0.32671878456399056,Act21,0.15974367781013693
12:05:04,Act05,0.32671878456399056,Act21,0.15974367781013693
12:05:05,Act05,0.32671878456399056,Act21,0.15974367781013693
12:05:06,Act05,0.32671878456399056,Act21,0.15974367781013693
12:05:07,Act05,0.32671878456399056,Act21,0.15974367781013693
12:05:08,Act05,0.32671878456399056,Act21,0.15974367781013693
12:05:09,Act05,0.32671878456399056,Act21,0.15974367781013693
12:05:10,Act05,0.32671878456399056,Act21,0.15974367781013693
12:05:11,Act05,0.32671878456399056,Act21,0.15974367781013693
12:05:12,Act05,0.32671878456399056,Act21,0.15974367781013693
12:05:13,Act05,0.32671878456399056,Act21,0.15974367781013693
12:05:14,Act05,0.32671878456399056,Act21,0.15974367781013693
12:05:15,Act05,0.32671878456399056,Act21,0.15974367781013693
12:05:16,Act05,0.32671878456399056,Act21,0.15974367781013693
12:05:17,Act05,0.32671878456399056,Act21,0.15974367781013693
12:05:18,Act05,0.32671878456399056,Act21,0.15974367781013693
12:05:19,Act05,0.32671878456399056,Act21,0.15974367781013693
12:05:20,Act05,0.32671878456399056,Act21,0.15974367781013693
12:05:21,Act05,0.32671878456399056,Act21,0.15974367781013693
12:05:22,Act05,0.32671878456399056,Act21,0.15974367781013693
12:05:23,Act05,0.32671878456399056,Act21,0.15974367781013693
12:05:24,Act05,0.32671878456399056,Act21,0.15974367781013693
12:05:25,Act05,0.32671878456399056,Act21,0.15974367781013693
12:05:26,Act05,0.32671878456399056,Act21,0.15974367781013693
12:05:27,Act05,0.32671878456399056,Act21,0.15974367781013693
12:05:28,Act05,0.32671878456399056,Act21,0.15974367781013693
12:05:29,Act05,0.32671878456399056,Act21,0.15974367781013693
12:05:30,Act05,0.32671878456399056,Act21,0.15974367781013693
12:05:31,Act05,0.32671878456399056,Act21,0.15974367781013693
12:05:32,Act05,0.32671878456399056,Act21,0.15974367781013693
12:05:33,Act05,0.32671878456399056,Act21,0.15974367781013693
12:05:34,Act05,0.32671878456399056,Act21,0.15974367781013693
12:05:35,Act05,0.32671878456399056,Act21,0.15974367781013693
12:05:36,Act05,0.32671878456399056,Act21,0.15974367781013693
12:05:37,Act05,0.32671878456399056,Act21,0.15974367781013693
12:05:38,Act05,0.32671878456399056,Act21,0.15974367781013693
12:05:39,Act05,0.32671878456399056,Act21,0.15974367781013693
12:05:40,Act05,0.32671878456399056,Act21,0.15974367781013693
12:05:41,Act05,0.32671878456399056,Act21,0.15974367781013693
12:05:42,Act05,0.32671878456399056,Act21,0.15974367781013693
12:05:43,Act05,0.32671878456399056,Act21,0.15974367781013693
12:05:44,Act05,0.32671878456399056,Act21,0.15974367781013693
12:05:45,Act05,0.32671878456399056,Act21,0.15974367781013693
12:05:46,Act05,0.32671878456399056,Act21,0.15974367781013693
12:05:47,Act05,0.32671878456399056,Act21,0.15974367781013693
12:05:48,Act05,0.32671878456399056,Act21,0.15974367781013693
12:05:49,Act05,0.32671878456399056,Act21,0.15974367781013693
12:05:50,Act05,0.32671878456399056,Act21,0.15974367781013693
12:05:51,Act05,0.32671878456399056,Act21,0.15974367781013693
12:05:52,Act05,0.32671878456399056,Act21,0.15974367781013693
12:05:53,Act05,0.32671878456399056,Act21,0.15974367781013693
12:05:54,Act05,0.32671878456399056,Act21,0.15974367781013693
12:05:55,Act05,0.32671878456399056,Act21,0.15974367781013693
12:05:56,Act05,0.32671878456399056,Act21,0.15974367781013693
12:05:57,Act05,0.32671878456399056,Act21,0.15974367781013693
12:05:58,Act05,0.32671878456399056,Act21,0.15974367781013693
12:05:59,Act05,0.32671878456399056,Act21,0.15974367781013693
12:06:00,Act05,0.32671878456399056,Act21,0.15974367781013693
12:06:01,Act05,0.32671878456399056,Act21,0.15974367781013693
12:06:02,Act05,0.32671878456399056,Act21,0.15974367781013693
12:06:03,Act05,0.32671878456399056,Act21,0.15974367781013693
12:06:04,Act05,0.32671878456399056,Act21,0.15974367781013693
12:06:05,Act05,0.32671878456399056,Act21,0.15974367781013693
12:06:06,Act05,0.32671878456399056,Act21,0.15974367781013693
12:06:07,Act05,0.32671878456399056,Act21,0.15974367781013693
12:06:08,Act05,0.32671878456399056,Act21,0.15974367781013693
12:06:09,Act05,0.32671878456399056,Act21,0.15974367781013693
12:06:10,Act05,0.32671878456399056,Act21,0.15974367781013693
12:06:11,Act05,0.32671878456399056,Act21,0.15974367781013693
12:06:12,Act05,0.32671878456399056,Act21,0.15974367781013693
12:06:13,Act05,0.32671878456399056,Act21,0.15974367781013693
12:06:14,Act05,0.32671878456399056,Act21,0.15974367781013693
12:06:15,Act05,0.32671878456399056,Act21,0.15974367781013693
12:06:16,Act05,0.32671878456399056,Act21,0.15974367781013693
12:06:17,Act05,0.32671878456399056,Act21,0.15974367781013693
12:06:18,Act05,0.32671878456399056,Act21,0.15974367781013693
12:06:19,Act05,0.32671878456399056,Act21,0.15974367781013693
12:06:20,Act05,0.32671878456399056,Act21,0.15974367781013693
12:06:21,Act05,0.32671878456399056,Act21,0.15974367781013693
12:06:22,Act05,0.32671878456399056,Act21,0.15974367781013693
12:06:23,Act05,0.32671878456399056,Act21,0.15974367781013693
12:06:24,Act05,0.32671878456399056,Act21,0.15974367781013693
12:06:25,Act05,0.32671878456399056,Act21,0.15974367781013693
12:06:26,Act05,0.32671878456399056,Act21,0.15974367781013693
12:06:27,Act05,0.32671878456399056,Act21,0.15974367781013693
12:06:28,Act05,0.32671878456399056,Act21,0.15974367781013693
12:06:29,Act05,0.32671878456399056,Act21,0.15974367781013693
12:06:30,Act05,0.32671878456399056,Act21,0.15974367781013693
12:06:31,Act05,0.32671878456399056,Act21,0.15974367781013693
12:06:32,Act05,0.32671878456399056,Act21,0.15974367781013693
12:06:33,Act05,0.32671878456399056,Act21,0.15974367781013693
12:06:34,Act05,0.32671878456399056,Act21,0.15974367781013693
12:06:35,Act05,0.32671878456399056,Act21,0.15974367781013693
12:06:36,Act05,0.32671878456399056,Act21,0.15974367781013693
12:06:37,Act05,0.32671878456399056,Act21,0.15974367781013693
12:06:38,Act05,0.32671878456399056,Act21,0.15974367781013693
12:06:39,Act05,0.32671878456399056,Act21,0.15974367781013693
12:06:40,Act05,0.32671878456399056,Act21,0.15974367781013693
12:06:41,Act05,0.32671878456399056,Act21,0.15974367781013693
12:06:42,Act05,0.32671878456399056,Act21,0.15974367781013693
12:06:43,Act05,0.32671878456399056,Act21,0.15974367781013693
12:06:44,Act05,0.32671878456399056,Act21,0.15974367781013693
12:06:45,Act05,0.32671878456399056,Act21,0.15974367781013693
12:06:46,Act05,0.32671878456399056,Act21,0.15974367781013693
12:06:47,Act05,0.32671878456399056,Act21,0.15974367781013693
12:06:48,Act05,0.32671878456399056,Act21,0.15974367781013693
12:06:49,Act05,0.32671878456399056,Act21,0.15974367781013693
12:06:50,Act05,0.32671878456399056,Act21,0.15974367781013693
12:06:51,Act05,0.32671878456399056,Act21,0.15974367781013693
12:06:52,Act05,0.32671878456399056,Act21,0.15974367781013693
12:06:53,Act05,0.32671878456399056,Act21,0.15974367781013693
12:06:54,Act05,0.32671878456399056,Act21,0.15974367781013693
12:06:55,Act05,0.32671878456399056,Act21,0.15974367781013693
12:06:56,Act05,0.32671878456399056,Act21,0.15974367781013693
12:06:57,Act05,0.32671878456399056,Act21,0.15974367781013693
12:06:58,Act05,0.32671878456399056,Act21,0.15974367781013693
12:06:59,Act05,0.32671878456399056,Act21,0.15974367781013693
12:07:00,Act05,0.32671878456399056,Act21,0.15974367781013693
12:07:01,Act05,0.32671878456399056,Act21,0.15974367781013693
12:07:02,Act05,0.32671878456399056,Act21,0.15974367781013693
12:07:03,Act05,0.32671878456399056,Act21,0.15974367781013693
12:07:04,Act05,0.32671878456399056,Act21,0.15974367781013693
12:07:05,Act05,0.32671878456399056,Act21,0.15974367781013693
12:07:06,Act05,0.32671878456399056,Act21,0.15974367781013693
12:07:07,Act22,0.5839148610320755,Act17,0.38368010274182274
12:07:08,Act22,0.5839148610320755,Act17,0.38368010274182274
12:07:09,Act22,0.8011992547033167,Act17,0.19880074529668332
12:07:10,Act17,0.9965304757700769,Act22,0.003469524229923013
12:07:11,Act17,0.9965304757700769,Act22,0.003469524229923013
12:07:12,Act17,0.6386814821658174,Act16,0.3601425468429565
12:07:13,Act17,0.6386814821658174,Act16,0.3601425468429565
12:07:14,Act17,0.6386814821658174,Act16,0.3601425468429565
12:07:15,Act17,0.6386814821658174,Act16,0.3601425468429565
12:07:16,Act17,0.6386814821658174,Act16,0.3601425468429565
12:07:17,Act17,0.4295239530457915,Act18,0.2959565222342744
12:07:18,Act05,0.32671878456399056,Act21,0.15974367781013693
12:07:19,Act05,0.32671878456399056,Act21,0.15974367781013693
12:07:20,Act17,0.5138850063238312,Act16,0.4013134433346888
12:07:21,Act17,0.6386814821658174,Act16,0.3601425468429565
12:07:22,Act17,0.5138850063238312,Act16,0.4013134433346888
12:07:23,Act17,0.5138850063238312,Act16,0.4013134433346888
12:07:24,Act05,0.32671878456399056,Act21,0.15974367781013693
12:07:25,Act05,0.32671878456399056,Act21,0.15974367781013693
12:07:26,Act17,0.5138850063238312,Act16,0.4013134433346888
12:07:27,Act17,0.5138850063238312,Act16,0.4013134433346888
12:07:28,Act17,0.5138850063238312,Act16,0.4013134433346888
12:07:29,Act05,0.32671878456399056,Act21,0.15974367781013693
12:07:30,Act05,0.32671878456399056,Act21,0.15974367781013693
12:07:31,Act05,0.32671878456399056,Act21,0.15974367781013693
12:07:32,Act05,0.32671878456399056,Act21,0.15974367781013693
12:07:33,Act05,0.32671878456399056,Act21,0.15974367781013693
12:07:34,Act05,0.32671878456399056,Act21,0.15974367781013693
12:07:35,Act17,0.5138850063238312,Act16,0.4013134433346888
12:07:36,Act17,0.5138850063238312,Act16,0.4013134433346888
12:07:37,Act05,0.32671878456399056,Act21,0.15974367781013693
12:07:38,Act05,0.32671878456399056,Act21,0.15974367781013693
12:07:39,Act05,0.32671878456399056,Act21,0.15974367781013693
12:07:40,Act05,0.32671878456399056,Act21,0.15974367781013693
12:07:41,Act05,0.32671878456399056,Act21,0.15974367781013693
12:07:42,Act05,0.32671878456399056,Act21,0.15974367781013693
12:07:43,Act05,0.32671878456399056,Act21,0.15974367781013693
12:07:44,Act05,0.32671878456399056,Act21,0.15974367781013693
12:07:45,Act17,0.6386814821658174,Act16,0.3601425468429565
12:07:46,Act17,0.6386814821658174,Act16,0.3601425468429565
12:07:47,Act17,0.6386814821658174,Act16,0.3601425468429565
12:07:48,Act17,0.6386814821658174,Act16,0.3601425468429565
12:07:49,Act17,0.4295239530457915,Act18,0.2959565222342744
12:07:50,Act17,0.6386814821658174,Act16,0.3601425468429565
12:07:51,Act17,0.6386814821658174,Act16,0.3601425468429565
12:07:52,Act17,0.6386814821658174,Act16,0.3601425468429565
12:07:53,Act17,0.6386814821658174,Act16,0.3601425468429565
12:07:54,Act17,0.6386814821658174,Act16,0.3601425468429565
12:07:55,Act17,0.6386814821658174,Act16,0.3601425468429565
12:07:56,Act17,0.4295239530457915,Act18,0.2959565222342744
12:07:57,Act17,0.4295239530457915,Act18,0.2959565222342744
12:07:58,Act17,0.4295239530457915,Act18,0.2959565222342744
12:07:59,Act17,0.6386814821658174,Act16,0.3601425468429565
12:08:00,Act17,0.6386814821658174,Act16,0.3601425468429565
12:08:01,Act17,0.6386814821658174,Act16,0.3601425468429565
12:08:02,Act17,0.4295239530457915,Act18,0.2959565222342744
12:08:03,Act17,0.6386814821658174,Act16,0.3601425468429565
12:08:04,Act17,0.5138850063238312,Act16,0.4013134433346888
12:08:05,Act17,0.5138850063238312,Act16,0.4013134433346888
12:08:06,Act05,0.32671878456399056,Act21,0.15974367781013693
12:08:07,Act05,0.32671878456399056,Act21,0.15974367781013693
12:08:08,Act05,0.32671878456399056,Act21,0.15974367781013693
12:08:09,Act05,0.32671878456399056,Act21,0.15974367781013693
12:08:10,Act05,0.32671878456399056,Act21,0.15974367781013693
12:08:11,Act05,0.32671878456399056,Act21,0.15974367781013693
12:08:12,Act05,0.32671878456399056,Act21,0.15974367781013693
12:08:13,Act05,0.32671878456399056,Act21,0.15974367781013693
12:08:14,Act17,0.4295239530457915,Act18,0.2959565222342744
12:08:15,Act17,0.4295239530457915,Act18,0.2959565222342744
12:08:16,Act17,0.4295239530457915,Act18,0.2959565222342744
12:08:17,Act17,0.4295239530457915,Act18,0.2959565222342744
12:08:18,Act05,0.32671878456399056,Act21,0.15974367781013693
12:08:19,Act17,0.6386814821658174,Act16,0.3601425468429565
12:08:20,Act17,0.6386814821658174,Act16,0.3601425468429565
12:08:21,Act17,0.7544939146934572,Act16,0.2455060853065428
12:08:22,Act17,0.8097481708456298,Act16,0.19025182915437022
12:08:23,Act17,0.8097481708456298,Act16,0.19025182915437022
12:08:24,Act17,0.7971382694078377,Act16,0.20286173059216228
12:08:25,Act17,0.8151366439170933,Act16,0.18486335608290677
12:08:26,Act17,0.8151366439170933,Act16,0.18486335608290677
12:08:27,Act17,0.8151366439170933,Act16,0.18486335608290677
12:08:28,Act17,0.8151366439170933,Act16,0.18486335608290677
12:08:29,Act17,0.8151366439170933,Act16,0.18486335608290677
12:08:30,Act17,0.8151366439170933,Act16,0.18486335608290677
12:08:31,Act17,0.8151366439170933,Act16,0.18486335608290677
12:08:32,Act17,0.7544939146934572,Act16,0.2455060853065428
12:08:33,Act17,0.7544939146934572,Act16,0.2455060853065428
12:08:34,Act17,0.8151366439170933,Act16,0.18486335608290677
12:08:35,Act17,0.8097481708456298,Act16,0.19025182915437022
12:08:36,Act17,0.8097481708456298,Act16,0.19025182915437022
12:08:37,Act17,0.8097481708456298,Act16,0.19025182915437022
12:08:38,Act17,0.7544939146934572,Act16,0.2455060853065428
12:08:39,Act17,0.7544939146934572,Act16,0.2455060853065428
12:08:40,Act17,0.7544939146934572,Act16,0.2455060853065428
12:08:41,Act17,0.7544939146934572,Act16,0.2455060853065428
12:08:42,Act05,0.32671878456399056,Act21,0.15974367781013693
12:08:43,Act17,0.5138850063238312,Act16,0.4013134433346888
12:08:44,Act17,0.6386814821658174,Act16,0.3601425468429565
12:08:45,Act17,0.4295239530457915,Act18,0.2959565222342744
12:08:46,Act17,0.5138850063238312,Act16,0.4013134433346888
12:08:47,Act05,0.32671878456399056,Act21,0.15974367781013693
12:08:48,Act05,0.32671878456399056,Act21,0.15974367781013693
12:08:49,Act05,0.32671878456399056,Act21,0.15974367781013693
12:08:50,Act05,0.32671878456399056,Act21,0.15974367781013693
12:08:51,Act05,0.32671878456399056,Act21,0.15974367781013693
12:08:52,Act05,0.32671878456399056,Act21,0.15974367781013693
12:08:53,Act05,0.32671878456399056,Act21,0.15974367781013693
12:08:54,Act05,0.32671878456399056,Act21,0.15974367781013693
12:08:55,Act05,0.32671878456399056,Act21,0.15974367781013693
12:08:56,Act05,0.32671878456399056,Act21,0.15974367781013693
12:08:57,Act05,0.32671878456399056,Act21,0.15974367781013693
12:08:58,Act05,0.32671878456399056,Act21,0.15974367781013693
12:08:59,Act05,0.32671878456399056,Act21,0.15974367781013693
12:09:00,Act05,0.32671878456399056,Act21,0.15974367781013693
12:09:01,Act05,0.32671878456399056,Act21,0.15974367781013693
12:09:02,Act05,0.32671878456399056,Act21,0.15974367781013693
12:09:03,Act05,0.32671878456399056,Act21,0.15974367781013693
12:09:04,Act05,0.32671878456399056,Act21,0.15974367781013693
12:09:05,Act05,0.32671878456399056,Act21,0.15974367781013693
12:09:06,Act05,0.32671878456399056,Act21,0.15974367781013693
12:09:07,Act05,0.32671878456399056,Act21,0.15974367781013693
12:09:08,Act17,0.6386814821658174,Act16,0.3601425468429565
12:09:09,Act17,0.6386814821658174,Act16,0.3601425468429565
12:09:10,Act17,0.6386814821658174,Act16,0.3601425468429565
12:09:11,Act17,0.4295239530457915,Act18,0.2959565222342744
12:09:12,Act05,0.32671878456399056,Act21,0.15974367781013693
12:09:13,Act17,0.4295239530457915,Act18,0.2959565222342744
12:09:14,Act17,0.6386814821658174,Act16,0.3601425468429565
12:09:15,Act17,0.6386814821658174,Act16,0.3601425468429565
12:09:16,Act17,0.4295239530457915,Act18,0.2959565222342744
12:09:17,Act05,0.32671878456399056,Act21,0.15974367781013693
12:09:18,Act17,0.4295239530457915,Act18,0.2959565222342744
12:09:19,Act17,0.4295239530457915,Act18,0.2959565222342744
12:09:20,Act17,0.4295239530457915,Act18,0.2959565222342744
12:09:21,Act17,0.6386814821658174,Act16,0.3601425468429565
12:09:22,Act17,0.5213793923416182,Act16,0.3052920141379554
12:09:23,Act05,0.29061873216354195,Act21,0.14258903111155677
12:09:24,Act21,1.0,Act24,0.0
12:09:25,Act24,,Act22,
12:09:26,Act13,1.0,Act24,0.0
12:09:27,Act21,0.9890811477636088,Act05,0.0057873914158213585
12:09:28,Act21,1.0,Act24,0.0
12:09:29,Act21,0.9420226212415611,Act22,0.03322931183367433
12:09:30,Act21,0.9534511503450428,Act22,0.034091491080445104
12:09:31,Act21,0.9890811477636088,Act05,0.0057873914158213585
12:09:32,Act21,0.9834179496345647,Act05,0.011548670703118685
12:09:33,Act05,0.32671878456399056,Act21,0.15974367781013693
12:09:34,Act21,0.9834179496345647,Act05,0.011548670703118685
12:09:35,Act05,0.32671878456399056,Act21,0.15974367781013693
12:09:36,Act05,0.32671878456399056,Act21,0.15974367781013693
12:09:37,Act05,0.32671878456399056,Act21,0.15974367781013693
12:09:38,Act05,0.32671878456399056,Act21,0.15974367781013693
12:09:39,Act05,0.32671878456399056,Act21,0.15974367781013693
12:09:40,Act21,1.0,Act24,0.0
12:09:41,Act21,1.0,Act24,0.0
12:09:42,Act21,1.0,Act24,0.0
12:09:43,Act21,1.0,Act24,0.0
12:09:44,Act21,1.0,Act24,0.0
12:09:45,Act21,1.0,Act24,0.0
12:09:46,Act21,1.0,Act24,0.0
12:09:47,Act21,1.0,Act24,0.0
12:09:48,Act21,1.0,Act24,0.0
12:09:49,Act21,0.9420226212415611,Act22,0.03322931183367433
12:09:50,Act21,0.9420226212415611,Act22,0.03322931183367433
12:09:51,Act21,0.9420226212415611,Act22,0.03322931183367433
12:09:52,Act21,0.9420226212415611,Act22,0.03322931183367433
12:09:53,Act21,0.9420226212415611,Act22,0.03322931183367433
12:09:54,Act05,0.32671878456399056,Act21,0.15974367781013693
12:09:55,Act21,0.9420226212415611,Act22,0.03322931183367433
12:09:56,Act21,0.9420226212415611,Act22,0.03322931183367433
12:09:57,Act05,0.32671878456399056,Act21,0.15974367781013693
12:09:58,Act21,0.9420226212415611,Act22,0.03322931183367433
12:09:59,Act21,1.0,Act24,0.0
12:10:00,Act21,0.8884566218447184,Act22,0.11154337815528154
12:10:01,Act05,0.32671878456399056,Act21,0.15974367781013693
12:10:02,Act21,0.9420226212415611,Act22,0.03322931183367433
12:10:03,Act21,0.9420226212415611,Act22,0.03322931183367433
12:10:04,Act21,0.9420226212415611,Act22,0.03322931183367433
12:10:05,Act21,0.9420226212415611,Act22,0.03322931183367433
12:10:06,Act21,0.9420226212415611,Act22,0.03322931183367433
12:10:07,Act21,0.9420226212415611,Act22,0.03322931183367433
12:10:08,Act21,0.9420226212415611,Act22,0.03322931183367433
12:10:09,Act21,0.9420226212415611,Act22,0.03322931183367433
12:10:10,Act21,0.9420226212415611,Act22,0.03322931183367433
12:10:11,Act21,1.0,Act24,0.0
12:10:12,Act21,1.0,Act24,0.0
12:10:13,Act21,0.9420226212415611,Act22,0.03322931183367433
12:10:14,Act21,0.9420226212415611,Act22,0.03322931183367433
12:10:15,Act21,0.9420226212415611,Act22,0.03322931183367433
12:10:16,Act21,0.9420226212415611,Act22,0.03322931183367433
12:10:17,Act21,0.9420226212415611,Act22,0.03322931183367433
12:10:18,Act21,0.9420226212415611,Act22,0.03322931183367433
12:10:19,Act21,0.9420226212415611,Act22,0.03322931183367433
12:10:20,Act21,0.9420226212415611,Act22,0.03322931183367433
12:10:21,Act21,1.0,Act24,0.0
12:10:22,Act21,0.9420226212415611,Act22,0.03322931183367433
12:10:23,Act21,0.9420226212415611,Act22,0.03322931183367433
12:10:24,Act21,0.9420226212415611,Act22,0.03322931183367433
12:10:25,Act21,0.9420226212415611,Act22,0.03322931183367433
12:10:26,Act21,0.9420226212415611,Act22,0.03322931183367433
12:10:27,Act21,0.9420226212415611,Act22,0.03322931183367433
12:10:28,Act21,0.9834179496345647,Act05,0.011548670703118685
12:10:29,Act21,0.9420226212415611,Act22,0.03322931183367433
12:10:30,Act21,1.0,Act24,0.0
12:10:31,Act21,0.9420226212415611,Act22,0.03322931183367433
12:10:32,Act21,0.9420226212415611,Act22,0.03322931183367433
12:10:33,Act21,0.9420226212415611,Act22,0.03322931183367433
12:10:34,Act21,1.0,Act24,0.0
12:10:35,Act21,1.0,Act24,0.0
12:10:36,Act21,0.9420226212415611,Act22,0.03322931183367433
12:10:37,Act21,0.9420226212415611,Act22,0.03322931183367433
12:10:38,Act21,0.9420226212415611,Act22,0.03322931183367433
12:10:39,Act21,0.9420226212415611,Act22,0.03322931183367433
12:10:40,Act21,0.9855971967915661,Act22,0.014402803208433885
12:10:41,Act21,0.9855971967915661,Act22,0.014402803208433885
12:10:42,Act21,1.0,Act24,0.0
12:10:43,Act21,1.0,Act24,0.0
12:10:44,Act21,0.9420226212415611,Act22,0.03322931183367433
12:10:45,Act21,0.9420226212415611,Act22,0.03322931183367433
12:10:46,Act21,0.9420226212415611,Act22,0.03322931183367433
12:10:47,Act21,0.9420226212415611,Act22,0.03322931183367433
12:10:48,Act21,0.9420226212415611,Act22,0.03322931183367433
12:10:49,Act21,0.9420226212415611,Act22,0.03322931183367433
12:10:50,Act21,1.0,Act24,0.0
12:10:51,Act21,1.0,Act24,0.0
12:10:52,Act21,1.0,Act24,0.0
12:10:53,Act05,0.32671878456399056,Act21,0.15974367781013693
12:10:54,Act21,0.9420226212415611,Act22,0.03322931183367433
12:10:55,Act21,0.9834179496345647,Act05,0.011548670703118685
12:10:56,Act05,0.32671878456399056,Act21,0.15974367781013693
12:10:57,Act21,0.9420226212415611,Act22,0.03322931183367433
12:10:58,Act05,0.32671878456399056,Act21,0.15974367781013693
12:10:59,Act21,0.9834179496345647,Act05,0.011548670703118685
12:11:00,Act05,0.32671878456399056,Act21,0.15974367781013693
12:11:01,Act05,0.32671878456399056,Act21,0.15974367781013693
12:11:02,Act21,0.9834179496345647,Act05,0.011548670703118685
12:11:03,Act21,0.9834179496345647,Act05,0.011548670703118685
12:11:04,Act05,0.32671878456399056,Act21,0.15974367781013693
12:11:05,Act05,0.32671878456399056,Act21,0.15974367781013693
12:11:06,Act05,0.32671878456399056,Act21,0.15974367781013693
12:11:07,Act05,0.32671878456399056,Act21,0.15974367781013693
12:11:08,Act05,0.32671878456399056,Act21,0.15974367781013693
12:11:09,Act05,0.32671878456399056,Act21,0.15974367781013693
12:11:10,Act05,0.32671878456399056,Act21,0.15974367781013693
12:11:11,Act05,0.32671878456399056,Act21,0.15974367781013693
12:11:12,Act05,0.32671878456399056,Act21,0.15974367781013693
12:11:13,Act05,0.32671878456399056,Act21,0.15974367781013693
12:11:14,Act05,0.32671878456399056,Act21,0.15974367781013693
12:11:15,Act05,0.32671878456399056,Act21,0.15974367781013693
12:11:16,Act05,0.32671878456399056,Act21,0.15974367781013693
12:11:17,Act05,0.32671878456399056,Act21,0.15974367781013693
12:11:18,Act05,0.32671878456399056,Act21,0.15974367781013693
12:11:19,Act21,0.9834179496345647,Act05,0.011548670703118685
12:11:20,Act05,0.32671878456399056,Act21,0.15974367781013693
12:11:21,Act05,0.32671878456399056,Act21,0.15974367781013693
12:11:22,Act05,0.32671878456399056,Act21,0.15974367781013693
12:11:23,Act05,0.32671878456399056,Act21,0.15974367781013693
12:11:24,Act05,0.32671878456399056,Act21,0.15974367781013693
12:11:25,Act05,0.32671878456399056,Act21,0.15974367781013693
12:11:26,Act05,0.32671878456399056,Act21,0.15974367781013693
12:11:27,Act05,0.32671878456399056,Act21,0.15974367781013693
12:11:28,Act05,0.32671878456399056,Act21,0.15974367781013693
12:11:29,Act21,0.9420226212415611,Act22,0.03322931183367433
12:11:30,Act21,0.9420226212415611,Act22,0.03322931183367433
12:11:31,Act05,0.32671878456399056,Act21,0.15974367781013693
12:11:32,Act05,0.32671878456399056,Act21,0.15974367781013693
12:11:33,Act05,0.32671878456399056,Act21,0.15974367781013693
12:11:34,Act05,0.32671878456399056,Act21,0.15974367781013693
12:11:35,Act05,0.32671878456399056,Act21,0.15974367781013693
12:11:36,Act21,0.9834179496345647,Act05,0.011548670703118685
12:11:37,Act05,0.32671878456399056,Act21,0.15974367781013693
12:11:38,Act05,0.32671878456399056,Act21,0.15974367781013693
12:11:39,Act05,0.32671878456399056,Act21,0.15974367781013693
12:11:40,Act05,0.32671878456399056,Act21,0.15974367781013693
12:11:41,Act05,0.32671878456399056,Act21,0.15974367781013693
12:11:42,Act05,0.32671878456399056,Act21,0.15974367781013693
12:11:43,Act21,0.9834179496345647,Act05,0.011548670703118685
12:11:44,Act05,0.32671878456399056,Act21,0.15974367781013693
12:11:45,Act05,0.32671878456399056,Act21,0.15974367781013693
12:11:46,Act05,0.32671878456399056,Act21,0.15974367781013693
12:11:47,Act05,0.32671878456399056,Act21,0.15974367781013693
12:11:48,Act21,0.9834179496345647,Act05,0.011548670703118685
12:11:49,Act21,0.9834179496345647,Act05,0.011548670703118685
12:11:50,Act05,0.32671878456399056,Act21,0.15974367781013693
12:11:51,Act05,0.32671878456399056,Act21,0.15974367781013693
12:11:52,Act05,0.32671878456399056,Act21,0.15974367781013693
12:11:53,Act05,0.32671878456399056,Act21,0.15974367781013693
12:11:54,Act05,0.32671878456399056,Act21,0.15974367781013693
12:11:55,Act05,0.32671878456399056,Act21,0.15974367781013693
12:11:56,Act21,0.9834179496345647,Act05,0.011548670703118685
12:11:57,Act21,0.9834179496345647,Act05,0.011548670703118685
12:11:58,Act05,0.32671878456399056,Act21,0.15974367781013693
12:11:59,Act05,0.32671878456399056,Act21,0.15974367781013693
12:12:00,Act05,0.32671878456399056,Act21,0.15974367781013693
12:12:01,Act05,0.32671878456399056,Act21,0.15974367781013693
12:12:02,Act05,0.32671878456399056,Act21,0.15974367781013693
12:12:03,Act21,0.9834179496345647,Act05,0.011548670703118685
12:12:04,Act05,0.32671878456399056,Act21,0.15974367781013693
12:12:05,Act05,0.32671878456399056,Act21,0.15974367781013693
12:12:06,Act05,0.32671878456399056,Act21,0.15974367781013693
12:12:07,Act05,0.32671878456399056,Act21,0.15974367781013693
12:12:08,Act21,0.9834179496345647,Act05,0.011548670703118685
12:12:09,Act05,0.32671878456399056,Act21,0.15974367781013693
12:12:10,Act05,0.32671878456399056,Act21,0.15974367781013693
12:12:11,Act21,0.9834179496345647,Act05,0.011548670703118685
12:12:12,Act05,0.32671878456399056,Act21,0.15974367781013693
12:12:13,Act05,0.32671878456399056,Act21,0.15974367781013693
12:12:14,Act05,0.32671878456399056,Act21,0.15974367781013693
12:12:15,Act05,0.32671878456399056,Act21,0.15974367781013693
12:12:16,Act05,0.32671878456399056,Act21,0.15974367781013693
12:12:17,Act05,0.32671878456399056,Act21,0.15974367781013693
12:12:18,Act05,0.32671878456399056,Act21,0.15974367781013693
12:12:19,Act05,0.32671878456399056,Act21,0.15974367781013693
12:12:20,Act05,0.32671878456399056,Act21,0.15974367781013693
12:12:21,Act05,0.32671878456399056,Act21,0.15974367781013693
12:12:22,Act05,0.32671878456399056,Act21,0.15974367781013693
12:12:23,Act05,0.32671878456399056,Act21,0.15974367781013693
12:12:24,Act21,0.9834179496345647,Act05,0.011548670703118685
12:12:25,Act05,0.32671878456399056,Act21,0.15974367781013693
12:12:26,Act21,0.9834179496345647,Act05,0.011548670703118685
12:12:27,Act05,0.32671878456399056,Act21,0.15974367781013693
12:12:28,Act05,0.32671878456399056,Act21,0.15974367781013693
12:12:29,Act05,0.32671878456399056,Act21,0.15974367781013693
12:12:30,Act05,0.32671878456399056,Act21,0.15974367781013693
12:12:31,Act21,0.9834179496345647,Act05,0.011548670703118685
12:12:32,Act05,0.32671878456399056,Act21,0.15974367781013693
12:12:33,Act21,0.9834179496345647,Act05,0.011548670703118685
12:12:34,Act21,0.9834179496345647,Act05,0.011548670703118685
12:12:35,Act05,0.32671878456399056,Act21,0.15974367781013693
12:12:36,Act05,0.32671878456399056,Act21,0.15974367781013693
12:12:37,Act05,0.32671878456399056,Act21,0.15974367781013693
12:12:38,Act05,0.32671878456399056,Act21,0.15974367781013693
12:12:39,Act05,0.32671878456399056,Act21,0.15974367781013693
12:12:40,Act05,0.32671878456399056,Act21,0.15974367781013693
12:12:41,Act05,0.32671878456399056,Act21,0.15974367781013693
12:12:42,Act05,0.32671878456399056,Act21,0.15974367781013693
12:12:43,Act05,0.32671878456399056,Act21,0.15974367781013693
12:12:44,Act05,0.32671878456399056,Act21,0.15974367781013693
12:12:45,Act05,0.32671878456399056,Act21,0.15974367781013693
12:12:46,Act05,0.32671878456399056,Act21,0.15974367781013693
12:12:47,Act05,0.32671878456399056,Act21,0.15974367781013693
12:12:48,Act05,0.32671878456399056,Act21,0.15974367781013693
12:12:49,Act05,0.32671878456399056,Act21,0.15974367781013693
12:12:50,Act05,0.32671878456399056,Act21,0.15974367781013693
12:12:51,Act05,0.32671878456399056,Act21,0.15974367781013693
12:12:52,Act05,0.32671878456399056,Act21,0.15974367781013693
12:12:53,Act05,0.32671878456399056,Act21,0.15974367781013693
12:12:54,Act05,0.32671878456399056,Act21,0.15974367781013693
12:12:55,Act05,0.32671878456399056,Act21,0.15974367781013693
12:12:56,Act05,0.32671878456399056,Act21,0.15974367781013693
12:12:57,Act05,0.32671878456399056,Act21,0.15974367781013693
12:12:58,Act05,0.32671878456399056,Act21,0.15974367781013693
12:12:59,Act21,0.9834179496345647,Act05,0.011548670703118685
12:13:00,Act05,0.32671878456399056,Act21,0.15974367781013693
12:13:01,Act05,0.32671878456399056,Act21,0.15974367781013693
12:13:02,Act05,0.32671878456399056,Act21,0.15974367781013693
12:13:03,Act05,0.32671878456399056,Act21,0.15974367781013693
12:13:04,Act05,0.32671878456399056,Act21,0.15974367781013693
12:13:05,Act05,0.32671878456399056,Act21,0.15974367781013693
12:13:06,Act21,0.9834179496345647,Act05,0.011548670703118685
12:13:07,Act21,0.9834179496345647,Act05,0.011548670703118685
12:13:08,Act05,0.32671878456399056,Act21,0.15974367781013693
12:13:09,Act05,0.32671878456399056,Act21,0.15974367781013693
12:13:10,Act05,0.32671878456399056,Act21,0.15974367781013693
12:13:11,Act05,0.32671878456399056,Act21,0.15974367781013693
12:13:12,Act05,0.32671878456399056,Act21,0.15974367781013693
12:13:13,Act21,0.9834179496345647,Act05,0.011548670703118685
12:13:14,Act05,0.32671878456399056,Act21,0.15974367781013693
12:13:15,Act05,0.32671878456399056,Act21,0.15974367781013693
12:13:16,Act05,0.32671878456399056,Act21,0.15974367781013693
12:13:17,Act05,0.32671878456399056,Act21,0.15974367781013693
12:13:18,Act05,0.32671878456399056,Act21,0.15974367781013693
12:13:19,Act05,0.32671878456399056,Act21,0.15974367781013693
12:13:20,Act05,0.32671878456399056,Act21,0.15974367781013693
12:13:21,Act05,0.32671878456399056,Act21,0.15974367781013693
12:13:22,Act05,0.32671878456399056,Act21,0.15974367781013693
12:13:23,Act05,0.32671878456399056,Act21,0.15974367781013693
12:13:24,Act05,0.32671878456399056,Act21,0.15974367781013693
12:13:25,Act05,0.32671878456399056,Act21,0.15974367781013693
12:13:26,Act05,0.32671878456399056,Act21,0.15974367781013693
12:13:27,Act05,0.32671878456399056,Act21,0.15974367781013693
12:13:28,Act05,0.32671878456399056,Act21,0.15974367781013693
12:13:29,Act21,0.9834179496345647,Act05,0.011548670703118685
12:13:30,Act05,0.32671878456399056,Act21,0.15974367781013693
12:13:31,Act05,0.32671878456399056,Act21,0.15974367781013693
12:13:32,Act05,0.32671878456399056,Act21,0.15974367781013693
12:13:33,Act05,0.32671878456399056,Act21,0.15974367781013693
12:13:34,Act05,0.32671878456399056,Act21,0.15974367781013693
12:13:35,Act05,0.32671878456399056,Act21,0.15974367781013693
12:13:36,Act05,0.32671878456399056,Act21,0.15974367781013693
12:13:37,Act05,0.32671878456399056,Act21,0.15974367781013693
12:13:38,Act05,0.32671878456399056,Act21,0.15974367781013693
12:13:39,Act05,0.32671878456399056,Act21,0.15974367781013693
12:13:40,Act05,0.32671878456399056,Act21,0.15974367781013693
12:13:41,Act05,0.32671878456399056,Act21,0.15974367781013693
12:13:42,Act05,0.32671878456399056,Act21,0.15974367781013693
12:13:43,Act05,0.32671878456399056,Act21,0.15974367781013693
12:13:44,Act05,0.32671878456399056,Act21,0.15974367781013693
12:13:45,Act05,0.32671878456399056,Act21,0.15974367781013693
12:13:46,Act05,0.32671878456399056,Act21,0.15974367781013693
12:13:47,Act05,0.32671878456399056,Act21,0.15974367781013693
12:13:48,Act05,0.32671878456399056,Act21,0.15974367781013693
12:13:49,Act05,0.32671878456399056,Act21,0.15974367781013693
12:13:50,Act05,0.32671878456399056,Act21,0.15974367781013693
12:13:51,Act05,0.32671878456399056,Act21,0.15974367781013693
12:13:52,Act05,0.32671878456399056,Act21,0.15974367781013693
12:13:53,Act05,0.32671878456399056,Act21,0.15974367781013693
12:13:54,Act05,0.32671878456399056,Act21,0.15974367781013693
12:13:55,Act05,0.32671878456399056,Act21,0.15974367781013693
12:13:56,Act05,0.32671878456399056,Act21,0.15974367781013693
12:13:57,Act05,0.32671878456399056,Act21,0.15974367781013693
12:13:58,Act21,0.9834179496345647,Act05,0.011548670703118685
12:13:59,Act05,0.32671878456399056,Act21,0.15974367781013693
12:14:00,Act05,0.32671878456399056,Act21,0.15974367781013693
12:14:01,Act05,0.32671878456399056,Act21,0.15974367781013693
12:14:02,Act21,0.9834179496345647,Act05,0.011548670703118685
12:14:03,Act21,0.9834179496345647,Act05,0.011548670703118685
12:14:04,Act21,0.9834179496345647,Act05,0.011548670703118685
12:14:05,Act21,0.9834179496345647,Act05,0.011548670703118685
12:14:06,Act05,0.32671878456399056,Act21,0.15974367781013693
12:14:07,Act05,0.32671878456399056,Act21,0.15974367781013693
12:14:08,Act05,0.32671878456399056,Act21,0.15974367781013693
12:14:09,Act05,0.32671878456399056,Act21,0.15974367781013693
12:14:10,Act05,0.32671878456399056,Act21,0.15974367781013693
12:14:11,Act05,0.32671878456399056,Act21,0.15974367781013693
12:14:12,Act05,0.32671878456399056,Act21,0.15974367781013693
12:14:13,Act05,0.32671878456399056,Act21,0.15974367781013693
12:14:14,Act05,0.32671878456399056,Act21,0.15974367781013693
12:14:15,Act05,0.32671878456399056,Act21,0.15974367781013693
12:14:16,Act05,0.32671878456399056,Act21,0.15974367781013693
12:14:17,Act05,0.32671878456399056,Act21,0.15974367781013693
12:14:18,Act05,0.32671878456399056,Act21,0.15974367781013693
12:14:19,Act05,0.32671878456399056,Act21,0.15974367781013693
12:14:20,Act05,0.32671878456399056,Act21,0.15974367781013693
12:14:21,Act05,0.32671878456399056,Act21,0.15974367781013693
12:14:22,Act05,0.32671878456399056,Act21,0.15974367781013693
12:14:23,Act05,0.32671878456399056,Act21,0.15974367781013693
12:14:24,Act05,0.32671878456399056,Act21,0.15974367781013693
12:14:25,Act05,0.32671878456399056,Act21,0.15974367781013693
12:14:26,Act05,0.32671878456399056,Act21,0.15974367781013693
12:14:27,Act05,0.32671878456399056,Act21,0.15974367781013693
12:14:28,Act05,0.32671878456399056,Act21,0.15974367781013693
12:14:29,Act05,0.32671878456399056,Act21,0.15974367781013693
12:14:30,Act05,0.32671878456399056,Act21,0.15974367781013693
12:14:31,Act05,0.32671878456399056,Act21,0.15974367781013693
12:14:32,Act05,0.32671878456399056,Act21,0.15974367781013693
12:14:33,Act05,0.32671878456399056,Act21,0.15974367781013693
12:14:34,Act05,0.32671878456399056,Act21,0.15974367781013693
12:14:35,Act05,0.32671878456399056,Act21,0.15974367781013693
12:14:36,Act05,0.32671878456399056,Act21,0.15974367781013693
12:14:37,Act05,0.32671878456399056,Act21,0.15974367781013693
12:14:38,Act05,0.32671878456399056,Act21,0.15974367781013693
12:14:39,Act05,0.32671878456399056,Act21,0.15974367781013693
12:14:40,Act05,0.32671878456399056,Act21,0.15974367781013693
12:14:41,Act05,0.32671878456399056,Act21,0.15974367781013693
12:14:42,Act05,0.32671878456399056,Act21,0.15974367781013693
12:14:43,Act05,0.32671878456399056,Act21,0.15974367781013693
12:14:44,Act21,0.9834179496345647,Act05,0.011548670703118685
12:14:45,Act21,1.0,Act24,0.0
12:14:46,Act21,1.0,Act24,0.0
12:14:47,Act05,0.32671878456399056,Act21,0.15974367781013693
12:14:48,Act21,0.9834179496345647,Act05,0.011548670703118685
12:14:49,Act21,0.9834179496345647,Act05,0.011548670703118685
12:14:50,Act21,0.9834179496345647,Act05,0.011548670703118685
12:14:51,Act21,0.9834179496345647,Act05,0.011548670703118685
12:14:52,Act21,0.9834179496345647,Act05,0.011548670703118685
12:14:53,Act21,0.9834179496345647,Act05,0.011548670703118685
12:14:54,Act21,0.9834179496345647,Act05,0.011548670703118685
12:14:55,Act21,0.9834179496345647,Act05,0.011548670703118685
12:14:56,Act21,0.9834179496345647,Act05,0.011548670703118685
12:14:57,Act05,0.32671878456399056,Act21,0.15974367781013693
12:14:58,Act05,0.32671878456399056,Act21,0.15974367781013693
12:14:59,Act21,0.9834179496345647,Act05,0.011548670703118685
12:15:00,Act21,0.9834179496345647,Act05,0.011548670703118685
12:15:01,Act21,0.9834179496345647,Act05,0.011548670703118685
12:15:02,Act21,0.9834179496345647,Act05,0.011548670703118685
12:15:03,Act21,0.9834179496345647,Act05,0.011548670703118685
12:15:04,Act21,0.9834179496345647,Act05,0.011548670703118685
12:15:05,Act21,0.9834179496345647,Act05,0.011548670703118685
12:15:06,Act21,0.9834179496345647,Act05,0.011548670703118685
12:15:07,Act21,0.9834179496345647,Act05,0.011548670703118685
12:15:08,Act21,0.9834179496345647,Act05,0.011548670703118685
12:15:09,Act21,0.9834179496345647,Act05,0.011548670703118685
12:15:10,Act21,0.9834179496345647,Act05,0.011548670703118685
12:15:11,Act21,0.9834179496345647,Act05,0.011548670703118685
12:15:12,Act21,0.9834179496345647,Act05,0.011548670703118685
12:15:13,Act21,0.9834179496345647,Act05,0.011548670703118685
12:15:14,Act21,1.0,Act24,0.0
12:15:15,Act21,1.0,Act24,0.0
12:15:16,Act21,0.9834179496345647,Act05,0.011548670703118685
12:15:17,Act21,0.9834179496345647,Act05,0.011548670703118685
12:15:18,Act05,0.32671878456399056,Act21,0.15974367781013693
12:15:19,Act05,0.32671878456399056,Act21,0.15974367781013693
12:15:20,Act21,0.9834179496345647,Act05,0.011548670703118685
12:15:21,Act05,0.32671878456399056,Act21,0.15974367781013693
12:15:22,Act05,0.32671878456399056,Act21,0.15974367781013693
12:15:23,Act05,0.32671878456399056,Act21,0.15974367781013693
12:15:24,Act05,0.32671878456399056,Act21,0.15974367781013693
12:15:25,Act05,0.32671878456399056,Act21,0.15974367781013693
12:15:26,Act05,0.32671878456399056,Act21,0.15974367781013693
12:15:27,Act05,0.32671878456399056,Act21,0.15974367781013693
12:15:28,Act05,0.32671878456399056,Act21,0.15974367781013693
12:15:29,Act05,0.32671878456399056,Act21,0.15974367781013693
12:15:30,Act05,0.32671878456399056,Act21,0.15974367781013693
12:15:31,Act05,0.32671878456399056,Act21,0.15974367781013693
12:15:32,Act05,0.32671878456399056,Act21,0.15974367781013693
12:15:33,Act05,0.32671878456399056,Act21,0.15974367781013693
12:15:34,Act05,0.32671878456399056,Act21,0.15974367781013693
12:15:35,Act05,0.32671878456399056,Act21,0.15974367781013693
12:15:36,Act05,0.32671878456399056,Act21,0.15974367781013693
12:15:37,Act05,0.32671878456399056,Act21,0.15974367781013693
12:15:38,Act05,0.32671878456399056,Act21,0.15974367781013693
12:15:39,Act05,0.32671878456399056,Act21,0.15974367781013693
12:15:40,Act05,0.32671878456399056,Act21,0.15974367781013693
12:15:41,Act05,0.32671878456399056,Act21,0.15974367781013693
12:15:42,Act05,0.32671878456399056,Act21,0.15974367781013693
12:15:43,Act05,0.32671878456399056,Act21,0.15974367781013693
12:15:44,Act05,0.32671878456399056,Act21,0.15974367781013693
12:15:45,Act05,0.32671878456399056,Act21,0.15974367781013693
12:15:46,Act05,0.32671878456399056,Act21,0.15974367781013693
12:15:47,Act05,0.32671878456399056,Act21,0.15974367781013693
12:15:48,Act05,0.32671878456399056,Act21,0.15974367781013693
12:15:49,Act05,0.32671878456399056,Act21,0.15974367781013693
12:15:50,Act05,0.32671878456399056,Act21,0.15974367781013693
12:15:51,Act05,0.32671878456399056,Act21,0.15974367781013693
12:15:52,Act05,0.32671878456399056,Act21,0.15974367781013693
12:15:53,Act05,0.32671878456399056,Act21,0.15974367781013693
12:15:54,Act05,0.32671878456399056,Act21,0.15974367781013693
12:15:55,Act05,0.32671878456399056,Act21,0.15974367781013693
12:15:56,Act05,0.32671878456399056,Act21,0.15974367781013693
12:15:57,Act05,0.32671878456399056,Act21,0.15974367781013693
12:15:58,Act05,0.32671878456399056,Act21,0.15974367781013693
12:15:59,Act05,0.32671878456399056,Act21,0.15974367781013693
12:16:00,Act05,0.32671878456399056,Act21,0.15974367781013693
12:16:01,Act05,0.32671878456399056,Act21,0.15974367781013693
12:16:02,Act05,0.32671878456399056,Act21,0.15974367781013693
12:16:03,Act05,0.32671878456399056,Act21,0.15974367781013693
12:16:04,Act05,0.32671878456399056,Act21,0.15974367781013693
12:16:05,Act05,0.32671878456399056,Act21,0.15974367781013693
12:16:06,Act05,0.32671878456399056,Act21,0.15974367781013693
12:16:07,Act05,0.32671878456399056,Act21,0.15974367781013693
12:16:08,Act05,0.32671878456399056,Act21,0.15974367781013693
12:16:09,Act21,0.9834179496345647,Act05,0.011548670703118685
12:16:10,Act21,0.9834179496345647,Act05,0.011548670703118685
12:16:11,Act05,0.32671878456399056,Act21,0.15974367781013693
12:16:12,Act05,0.32671878456399056,Act21,0.15974367781013693
12:16:13,Act05,0.32671878456399056,Act21,0.15974367781013693
12:16:14,Act05,0.32671878456399056,Act21,0.15974367781013693
12:16:15,Act05,0.32671878456399056,Act21,0.15974367781013693
12:16:16,Act05,0.32671878456399056,Act21,0.15974367781013693
12:16:17,Act05,0.32671878456399056,Act21,0.15974367781013693
12:16:18,Act05,0.32671878456399056,Act21,0.15974367781013693
12:16:19,Act05,0.32671878456399056,Act21,0.15974367781013693
12:16:20,Act05,0.32671878456399056,Act21,0.15974367781013693
12:16:21,Act05,0.32671878456399056,Act21,0.15974367781013693
12:16:22,Act05,0.32671878456399056,Act21,0.15974367781013693
12:16:23,Act05,0.32671878456399056,Act21,0.15974367781013693
12:16:24,Act05,0.32671878456399056,Act21,0.15974367781013693
12:16:25,Act05,0.32671878456399056,Act21,0.15974367781013693
12:16:26,Act05,0.32671878456399056,Act21,0.15974367781013693
12:16:27,Act05,0.32671878456399056,Act21,0.15974367781013693
12:16:28,Act05,0.32671878456399056,Act21,0.15974367781013693
12:16:29,Act05,0.32671878456399056,Act21,0.15974367781013693
12:16:30,Act05,0.32671878456399056,Act21,0.15974367781013693
12:16:31,Act05,0.32671878456399056,Act21,0.15974367781013693
12:16:32,Act05,0.32671878456399056,Act21,0.15974367781013693
12:16:33,Act05,0.32671878456399056,Act21,0.15974367781013693
12:16:34,Act05,0.32671878456399056,Act21,0.15974367781013693
12:16:35,Act05,0.32671878456399056,Act21,0.15974367781013693
12:16:36,Act05,0.32671878456399056,Act21,0.15974367781013693
12:16:37,Act05,0.32671878456399056,Act21,0.15974367781013693
12:16:38,Act05,0.32671878456399056,Act21,0.15974367781013693
12:16:39,Act05,0.32671878456399056,Act21,0.15974367781013693
12:16:40,Act05,0.32671878456399056,Act21,0.15974367781013693
12:16:41,Act05,0.32671878456399056,Act21,0.15974367781013693
12:16:42,Act05,0.32671878456399056,Act21,0.15974367781013693
12:16:43,Act05,0.32671878456399056,Act21,0.15974367781013693
12:16:44,Act05,0.32671878456399056,Act21,0.15974367781013693
12:16:45,Act05,0.32671878456399056,Act21,0.15974367781013693
12:16:46,Act05,0.32671878456399056,Act21,0.15974367781013693
12:16:47,Act05,0.32671878456399056,Act21,0.15974367781013693
12:16:48,Act05,0.32671878456399056,Act21,0.15974367781013693
12:16:49,Act05,0.32671878456399056,Act21,0.15974367781013693
12:16:50,Act05,0.32671878456399056,Act21,0.15974367781013693
12:16:51,Act05,0.32671878456399056,Act21,0.15974367781013693
12:16:52,Act05,0.32671878456399056,Act21,0.15974367781013693
12:16:53,Act05,0.32671878456399056,Act21,0.15974367781013693
12:16:54,Act05,0.32671878456399056,Act21,0.15974367781013693
12:16:55,Act05,0.32671878456399056,Act21,0.15974367781013693
12:16:56,Act05,0.32671878456399056,Act21,0.15974367781013693
12:16:57,Act05,0.32671878456399056,Act21,0.15974367781013693
12:16:58,Act05,0.32671878456399056,Act21,0.15974367781013693
12:16:59,Act05,0.32671878456399056,Act21,0.15974367781013693
12:17:00,Act05,0.32671878456399056,Act21,0.15974367781013693
12:17:01,Act05,0.32671878456399056,Act21,0.15974367781013693
12:17:02,Act05,0.32671878456399056,Act21,0.15974367781013693
12:17:03,Act05,0.32671878456399056,Act21,0.15974367781013693
12:17:04,Act05,0.32671878456399056,Act21,0.15974367781013693
12:17:05,Act05,0.32671878456399056,Act21,0.15974367781013693
12:17:06,Act05,0.32671878456399056,Act21,0.15974367781013693
12:17:07,Act05,0.32671878456399056,Act21,0.15974367781013693
12:17:08,Act05,0.32671878456399056,Act21,0.15974367781013693
12:17:09,Act05,0.32671878456399056,Act21,0.15974367781013693
12:17:10,Act05,0.32671878456399056,Act21,0.15974367781013693
12:17:11,Act05,0.32671878456399056,Act21,0.15974367781013693
12:17:12,Act05,0.32671878456399056,Act21,0.15974367781013693
12:17:13,Act05,0.32671878456399056,Act21,0.15974367781013693
12:17:14,Act05,0.32671878456399056,Act21,0.15974367781013693
12:17:15,Act05,0.32671878456399056,Act21,0.15974367781013693
12:17:16,Act05,0.32671878456399056,Act21,0.15974367781013693
12:17:17,Act05,0.32671878456399056,Act21,0.15974367781013693
12:17:18,Act05,0.32671878456399056,Act21,0.15974367781013693
12:17:19,Act05,0.32671878456399056,Act21,0.15974367781013693
12:17:20,Act05,0.32671878456399056,Act21,0.15974367781013693
12:17:21,Act05,0.32671878456399056,Act21,0.15974367781013693
12:17:22,Act05,0.32671878456399056,Act21,0.15974367781013693
12:17:23,Act05,0.32671878456399056,Act21,0.15974367781013693
12:17:24,Act05,0.32671878456399056,Act21,0.15974367781013693
12:17:25,Act05,0.32671878456399056,Act21,0.15974367781013693
12:17:26,Act05,0.32671878456399056,Act21,0.15974367781013693
12:17:27,Act05,0.32671878456399056,Act21,0.15974367781013693
12:17:28,Act05,0.32671878456399056,Act21,0.15974367781013693
12:17:29,Act05,0.32671878456399056,Act21,0.15974367781013693
12:17:30,Act05,0.32671878456399056,Act21,0.15974367781013693
12:17:31,Act05,0.32671878456399056,Act21,0.15974367781013693
12:17:32,Act05,0.32671878456399056,Act21,0.15974367781013693
12:17:33,Act05,0.32671878456399056,Act21,0.15974367781013693
12:17:34,Act05,0.32671878456399056,Act21,0.15974367781013693
12:17:35,Act05,0.32671878456399056,Act21,0.15974367781013693
12:17:36,Act05,0.32671878456399056,Act21,0.15974367781013693
12:17:37,Act05,0.32671878456399056,Act21,0.15974367781013693
12:17:38,Act05,0.32671878456399056,Act21,0.15974367781013693
12:17:39,Act05,0.32671878456399056,Act21,0.15974367781013693
12:17:40,Act05,0.32671878456399056,Act21,0.15974367781013693
12:17:41,Act05,0.32671878456399056,Act21,0.15974367781013693
12:17:42,Act05,0.32671878456399056,Act21,0.15974367781013693
12:17:43,Act05,0.32671878456399056,Act21,0.15974367781013693
12:17:44,Act05,0.32671878456399056,Act21,0.15974367781013693
12:17:45,Act05,0.32671878456399056,Act21,0.15974367781013693
12:17:46,Act05,0.32671878456399056,Act21,0.15974367781013693
12:17:47,Act05,0.32671878456399056,Act21,0.15974367781013693
12:17:48,Act05,0.32671878456399056,Act21,0.15974367781013693
12:17:49,Act05,0.32671878456399056,Act21,0.15974367781013693
12:17:50,Act05,0.32671878456399056,Act21,0.15974367781013693
12:17:51,Act05,0.32671878456399056,Act21,0.15974367781013693
12:17:52,Act05,0.32671878456399056,Act21,0.15974367781013693
12:17:53,Act05,0.32671878456399056,Act21,0.15974367781013693
12:17:54,Act05,0.32671878456399056,Act21,0.15974367781013693
12:17:55,Act05,0.32671878456399056,Act21,0.15974367781013693
12:17:56,Act05,0.32671878456399056,Act21,0.15974367781013693
12:17:57,Act05,0.32671878456399056,Act21,0.15974367781013693
12:17:58,Act05,0.32671878456399056,Act21,0.15974367781013693
12:17:59,Act05,0.32671878456399056,Act21,0.15974367781013693
12:18:00,Act05,0.32671878456399056,Act21,0.15974367781013693
12:18:01,Act05,0.32671878456399056,Act21,0.15974367781013693
12:18:02,Act05,0.32671878456399056,Act21,0.15974367781013693
12:18:03,Act05,0.32671878456399056,Act21,0.15974367781013693
12:18:04,Act05,0.32671878456399056,Act21,0.15974367781013693
12:18:05,Act05,0.32671878456399056,Act21,0.15974367781013693
12:18:06,Act05,0.32671878456399056,Act21,0.15974367781013693
12:18:07,Act05,0.32671878456399056,Act21,0.15974367781013693
12:18:08,Act05,0.32671878456399056,Act21,0.15974367781013693
12:18:09,Act05,0.32671878456399056,Act21,0.15974367781013693
12:18:10,Act05,0.32671878456399056,Act21,0.15974367781013693
12:18:11,Act05,0.32671878456399056,Act21,0.15974367781013693
12:18:12,Act05,0.32671878456399056,Act21,0.15974367781013693
12:18:13,Act05,0.32671878456399056,Act21,0.15974367781013693
12:18:14,Act05,0.32671878456399056,Act21,0.15974367781013693
12:18:15,Act05,0.32671878456399056,Act21,0.15974367781013693
12:18:16,Act05,0.32671878456399056,Act21,0.15974367781013693
12:18:17,Act05,0.32671878456399056,Act21,0.15974367781013693
12:18:18,Act05,0.32671878456399056,Act21,0.15974367781013693
12:18:19,Act05,0.32671878456399056,Act21,0.15974367781013693
12:18:20,Act05,0.32671878456399056,Act21,0.15974367781013693
12:18:21,Act05,0.32671878456399056,Act21,0.15974367781013693
12:18:22,Act05,0.32671878456399056,Act21,0.15974367781013693
12:18:23,Act05,0.32671878456399056,Act21,0.15974367781013693
12:18:24,Act05,0.32671878456399056,Act21,0.15974367781013693
12:18:25,Act05,0.32671878456399056,Act21,0.15974367781013693
12:18:26,Act05,0.32671878456399056,Act21,0.15974367781013693
12:18:27,Act05,0.32671878456399056,Act21,0.15974367781013693
12:18:28,Act05,0.32671878456399056,Act21,0.15974367781013693
12:18:29,Act05,0.32671878456399056,Act21,0.15974367781013693
12:18:30,Act05,0.32671878456399056,Act21,0.15974367781013693
12:18:31,Act05,0.32671878456399056,Act21,0.15974367781013693
12:18:32,Act05,0.32671878456399056,Act21,0.15974367781013693
12:18:33,Act05,0.32671878456399056,Act21,0.15974367781013693
12:18:34,Act05,0.32671878456399056,Act21,0.15974367781013693
12:18:35,Act05,0.32671878456399056,Act21,0.15974367781013693
12:18:36,Act05,0.32671878456399056,Act21,0.15974367781013693
12:18:37,Act05,0.32671878456399056,Act21,0.15974367781013693
12:18:38,Act05,0.32671878456399056,Act21,0.15974367781013693
12:18:39,Act05,0.32671878456399056,Act21,0.15974367781013693
12:18:40,Act05,0.32671878456399056,Act21,0.15974367781013693
12:18:41,Act05,0.32671878456399056,Act21,0.15974367781013693
12:18:42,Act05,0.32671878456399056,Act21,0.15974367781013693
12:18:43,Act05,0.32671878456399056,Act21,0.15974367781013693
12:18:44,Act05,0.32671878456399056,Act21,0.15974367781013693
12:18:45,Act05,0.32671878456399056,Act21,0.15974367781013693
12:18:46,Act05,0.32671878456399056,Act21,0.15974367781013693
12:18:47,Act05,0.32671878456399056,Act21,0.15974367781013693
12:18:48,Act05,0.32671878456399056,Act21,0.15974367781013693
12:18:49,Act05,0.32671878456399056,Act21,0.15974367781013693
12:18:50,Act05,0.32671878456399056,Act21,0.15974367781013693
12:18:51,Act05,0.32671878456399056,Act21,0.15974367781013693
12:18:52,Act05,0.32671878456399056,Act21,0.15974367781013693
12:18:53,Act05,0.32671878456399056,Act21,0.15974367781013693
12:18:54,Act05,0.32671878456399056,Act21,0.15974367781013693
12:18:55,Act05,0.32671878456399056,Act21,0.15974367781013693
12:18:56,Act05,0.32671878456399056,Act21,0.15974367781013693
12:18:57,Act05,0.32671878456399056,Act21,0.15974367781013693
12:18:58,Act05,0.32671878456399056,Act21,0.15974367781013693
12:18:59,Act05,0.32671878456399056,Act21,0.15974367781013693
12:19:00,Act05,0.32671878456399056,Act21,0.15974367781013693
12:19:01,Act05,0.32671878456399056,Act21,0.15974367781013693
12:19:02,Act05,0.32671878456399056,Act21,0.15974367781013693
12:19:03,Act05,0.32671878456399056,Act21,0.15974367781013693
12:19:04,Act05,0.32671878456399056,Act21,0.15974367781013693
12:19:05,Act05,0.32671878456399056,Act21,0.15974367781013693
12:19:06,Act05,0.32671878456399056,Act21,0.15974367781013693
12:19:07,Act05,0.32671878456399056,Act21,0.15974367781013693
12:19:08,Act21,0.9834179496345647,Act05,0.011548670703118685
12:19:09,Act21,0.9834179496345647,Act05,0.011548670703118685
12:19:10,Act21,0.9834179496345647,Act05,0.011548670703118685
12:19:11,Act21,0.9834179496345647,Act05,0.011548670703118685
12:19:12,Act21,0.9834179496345647,Act05,0.011548670703118685
12:19:13,Act05,0.32671878456399056,Act21,0.15974367781013693
12:19:14,Act05,0.32671878456399056,Act21,0.15974367781013693
12:19:15,Act05,0.32671878456399056,Act21,0.15974367781013693
12:19:16,Act05,0.32671878456399056,Act21,0.15974367781013693
12:19:17,Act05,0.32671878456399056,Act21,0.15974367781013693
12:19:18,Act05,0.32671878456399056,Act21,0.15974367781013693
12:19:19,Act05,0.32671878456399056,Act21,0.15974367781013693
12:19:20,Act05,0.32671878456399056,Act21,0.15974367781013693
12:19:21,Act05,0.32671878456399056,Act21,0.15974367781013693
12:19:22,Act05,0.32671878456399056,Act21,0.15974367781013693
12:19:23,Act05,0.32671878456399056,Act21,0.15974367781013693
12:19:24,Act05,0.32671878456399056,Act21,0.15974367781013693
12:19:25,Act05,0.32671878456399056,Act21,0.15974367781013693
12:19:26,Act05,0.32671878456399056,Act21,0.15974367781013693
12:19:27,Act05,0.32671878456399056,Act21,0.15974367781013693
12:19:28,Act05,0.32671878456399056,Act21,0.15974367781013693
12:19:29,Act05,0.32671878456399056,Act21,0.15974367781013693
12:19:30,Act05,0.32671878456399056,Act21,0.15974367781013693
12:19:31,Act05,0.32671878456399056,Act21,0.15974367781013693
12:19:32,Act05,0.32671878456399056,Act21,0.15974367781013693
12:19:33,Act05,0.32671878456399056,Act21,0.15974367781013693
12:19:34,Act05,0.32671878456399056,Act21,0.15974367781013693
12:19:35,Act05,0.32671878456399056,Act21,0.15974367781013693
12:19:36,Act05,0.32671878456399056,Act21,0.15974367781013693
12:19:37,Act05,0.32671878456399056,Act21,0.15974367781013693
12:19:38,Act05,0.32671878456399056,Act21,0.15974367781013693
12:19:39,Act05,0.32671878456399056,Act21,0.15974367781013693
12:19:40,Act05,0.32671878456399056,Act21,0.15974367781013693
12:19:41,Act05,0.32671878456399056,Act21,0.15974367781013693
12:19:42,Act05,0.32671878456399056,Act21,0.15974367781013693
12:19:43,Act05,0.32671878456399056,Act21,0.15974367781013693
12:19:44,Act05,0.32671878456399056,Act21,0.15974367781013693
12:19:45,Act21,0.9834179496345647,Act05,0.011548670703118685
12:19:46,Act21,0.9834179496345647,Act05,0.011548670703118685
12:19:47,Act05,0.32671878456399056,Act21,0.15974367781013693
12:19:48,Act05,0.32671878456399056,Act21,0.15974367781013693
12:19:49,Act05,0.32671878456399056,Act21,0.15974367781013693
12:19:50,Act05,0.32671878456399056,Act21,0.15974367781013693
12:19:51,Act05,0.32671878456399056,Act21,0.15974367781013693
12:19:52,Act05,0.32671878456399056,Act21,0.15974367781013693
12:19:53,Act05,0.32671878456399056,Act21,0.15974367781013693
12:19:54,Act05,0.32671878456399056,Act21,0.15974367781013693
12:19:55,Act05,0.32671878456399056,Act21,0.15974367781013693
12:19:56,Act05,0.32671878456399056,Act21,0.15974367781013693
12:19:57,Act05,0.32671878456399056,Act21,0.15974367781013693
12:19:58,Act21,0.9834179496345647,Act05,0.011548670703118685
12:19:59,Act21,0.9834179496345647,Act05,0.011548670703118685
12:20:00,Act05,0.32671878456399056,Act21,0.15974367781013693
12:20:01,Act05,0.32671878456399056,Act21,0.15974367781013693
12:20:02,Act05,0.32671878456399056,Act21,0.15974367781013693
12:20:03,Act05,0.32671878456399056,Act21,0.15974367781013693
12:20:04,Act05,0.32671878456399056,Act21,0.15974367781013693
12:20:05,Act05,0.32671878456399056,Act21,0.15974367781013693
12:20:06,Act05,0.32671878456399056,Act21,0.15974367781013693
12:20:07,Act05,0.32671878456399056,Act21,0.15974367781013693
12:20:08,Act05,0.32671878456399056,Act21,0.15974367781013693
12:20:09,Act05,0.32671878456399056,Act21,0.15974367781013693
12:20:10,Act05,0.32671878456399056,Act21,0.15974367781013693
12:20:11,Act05,0.32671878456399056,Act21,0.15974367781013693
12:20:12,Act05,0.32671878456399056,Act21,0.15974367781013693
12:20:13,Act05,0.32671878456399056,Act21,0.15974367781013693
12:20:14,Act05,0.32671878456399056,Act21,0.15974367781013693
12:20:15,Act05,0.32671878456399056,Act21,0.15974367781013693
12:20:16,Act05,0.32671878456399056,Act21,0.15974367781013693
12:20:17,Act05,0.32671878456399056,Act21,0.15974367781013693
12:20:18,Act05,0.32671878456399056,Act21,0.15974367781013693
12:20:19,Act05,0.32671878456399056,Act21,0.15974367781013693
12:20:20,Act05,0.32671878456399056,Act21,0.15974367781013693
12:20:21,Act05,0.32671878456399056,Act21,0.15974367781013693
12:20:22,Act05,0.32671878456399056,Act21,0.15974367781013693
12:20:23,Act05,0.32671878456399056,Act21,0.15974367781013693
12:20:24,Act05,0.32671878456399056,Act21,0.15974367781013693
12:20:25,Act05,0.32671878456399056,Act21,0.15974367781013693
12:20:26,Act05,0.32671878456399056,Act21,0.15974367781013693
12:20:27,Act05,0.32671878456399056,Act21,0.15974367781013693
12:20:28,Act05,0.32671878456399056,Act21,0.15974367781013693
12:20:29,Act05,0.32671878456399056,Act21,0.15974367781013693
12:20:30,Act05,0.32671878456399056,Act21,0.15974367781013693
12:20:31,Act05,0.32671878456399056,Act21,0.15974367781013693
12:20:32,Act05,0.32671878456399056,Act21,0.15974367781013693
12:20:33,Act05,0.32671878456399056,Act21,0.15974367781013693
12:20:34,Act21,0.9834179496345647,Act05,0.011548670703118685
12:20:35,Act21,0.9834179496345647,Act05,0.011548670703118685
12:20:36,Act05,0.32671878456399056,Act21,0.15974367781013693
12:20:37,Act05,0.32671878456399056,Act21,0.15974367781013693
12:20:38,Act05,0.32671878456399056,Act21,0.15974367781013693
12:20:39,Act21,1.0,Act24,0.0
12:20:40,Act21,1.0,Act24,0.0
12:20:41,Act21,1.0,Act24,0.0
12:20:42,Act21,1.0,Act24,0.0
12:20:43,Act21,1.0,Act24,0.0
12:20:44,Act21,1.0,Act24,0.0
12:20:45,Act21,0.911043140183463,Act22,0.06515031016791034
12:20:46,Act13,1.0,Act24,0.0
12:20:47,Act22,0.9004531958195509,Act13,0.0995468041804491
12:20:48,Act24,,Act22,
12:20:49,Act24,,Act22,
12:20:50,Act22,1.0,Act24,0.0
12:20:51,Act22,1.0,Act24,0.0
12:20:52,Act22,1.0,Act24,0.0
12:20:53,Act22,0.9639074105813209,Act20,0.024848713586547944
12:20:54,Act22,0.9639074105813209,Act20,0.024848713586547944
12:20:55,Act22,0.9639074105813209,Act20,0.024848713586547944
12:20:56,Act22,0.9639074105813209,Act20,0.024848713586547944
12:20:57,Act22,0.9639074105813209,Act20,0.024848713586547944
12:20:58,Act22,0.9639074105813209,Act20,0.024848713586547944
12:20:59,Act22,1.0,Act24,0.0
12:21:00,Act21,0.9834179496345647,Act05,0.011548670703118685
12:21:01,Act22,1.0,Act24,0.0
12:21:02,Act22,1.0,Act24,0.0
12:21:03,Act22,1.0,Act24,0.0
12:21:04,Act22,1.0,Act24,0.0
12:21:05,Act22,1.0,Act24,0.0
12:21:06,Act05,0.32671878456399056,Act21,0.15974367781013693
12:21:07,Act22,1.0,Act24,0.0
12:21:08,Act05,0.32671878456399056,Act21,0.15974367781013693
12:21:09,Act05,0.32671878456399056,Act21,0.15974367781013693
12:21:10,Act05,0.32671878456399056,Act21,0.15974367781013693
12:21:11,Act22,1.0,Act24,0.0
12:21:12,Act22,1.0,Act24,0.0
12:21:13,Act22,1.0,Act24,0.0
12:21:14,Act22,1.0,Act24,0.0
12:21:15,Act22,1.0,Act24,0.0
12:21:16,Act22,1.0,Act24,0.0
12:21:17,Act22,1.0,Act24,0.0
12:21:18,Act22,1.0,Act24,0.0
12:21:19,Act22,1.0,Act24,0.0
12:21:20,Act22,1.0,Act24,0.0
12:21:21,Act21,0.9834179496345647,Act05,0.011548670703118685
12:21:22,Act22,0.9639074105813209,Act20,0.024848713586547944
12:21:23,Act05,0.32671878456399056,Act21,0.15974367781013693
12:21:24,Act22,0.9639074105813209,Act20,0.024848713586547944
12:21:25,Act22,0.9639074105813209,Act20,0.024848713586547944
12:21:26,Act22,0.9639074105813209,Act20,0.024848713586547944
12:21:27,Act22,0.9639074105813209,Act20,0.024848713586547944
12:21:28,Act22,0.9639074105813209,Act20,0.024848713586547944
12:21:29,Act22,0.9639074105813209,Act20,0.024848713586547944
12:21:30,Act22,1.0,Act24,0.0
12:21:31,Act22,1.0,Act24,0.0
12:21:32,Act22,1.0,Act24,0.0
12:21:33,Act22,1.0,Act24,0.0
12:21:34,Act22,1.0,Act24,0.0
12:21:35,Act22,0.1291855905577271,Act24,0.12383314741860382
12:21:36,Act22,0.1291855905577271,Act24,0.12383314741860382
12:21:37,Act22,1.0,Act24,0.0
12:21:38,Act22,1.0,Act24,0.0
12:21:39,Act22,1.0,Act24,0.0
12:21:40,Act22,1.0,Act24,0.0
12:21:41,Act22,1.0,Act24,0.0
12:21:42,Act22,1.0,Act24,0.0
12:21:43,Act22,1.0,Act24,0.0
12:21:44,Act22,1.0,Act24,0.0
12:21:45,Act22,0.9639074105813209,Act20,0.024848713586547944
12:21:46,Act22,0.9639074105813209,Act20,0.024848713586547944
12:21:47,Act22,0.9639074105813209,Act20,0.024848713586547944
12:21:48,Act22,1.0,Act24,0.0
12:21:49,Act22,1.0,Act24,0.0
12:21:50,Act22,1.0,Act24,0.0
12:21:51,Act22,1.0,Act24,0.0
12:21:52,Act22,1.0,Act24,0.0
12:21:53,Act22,0.9639074105813209,Act20,0.024848713586547944
12:21:54,Act22,1.0,Act24,0.0
12:21:55,Act22,1.0,Act24,0.0
12:21:56,Act22,0.1291855905577271,Act24,0.12383314741860382
12:21:57,Act22,0.9639074105813209,Act20,0.024848713586547944
12:21:58,Act22,1.0,Act24,0.0
12:21:59,Act22,1.0,Act24,0.0
12:22:00,Act22,1.0,Act24,0.0
12:22:01,Act22,1.0,Act24,0.0
12:22:02,Act22,1.0,Act24,0.0
12:22:03,Act22,1.0,Act24,0.0
12:22:04,Act22,1.0,Act24,0.0
12:22:05,Act22,1.0,Act24,0.0
12:22:06,Act22,1.0,Act24,0.0
12:22:07,Act02,0.8548951841420585,Act05,0.101266825643041
12:22:08,Act22,0.5839148610320755,Act17,0.38368010274182274
12:22:09,Act02,0.8548951841420585,Act05,0.101266825643041
12:22:10,Act02,0.8548951841420585,Act05,0.101266825643041
12:22:11,Act05,0.32671878456399056,Act21,0.15974367781013693
12:22:12,Act22,0.9639074105813209,Act20,0.024848713586547944
12:22:13,Act22,0.9639074105813209,Act20,0.024848713586547944
12:22:14,Act05,0.32671878456399056,Act21,0.15974367781013693
12:22:15,Act05,0.32671878456399056,Act21,0.15974367781013693
12:22:16,Act05,0.32671878456399056,Act21,0.15974367781013693
12:22:17,Act05,0.32671878456399056,Act21,0.15974367781013693
12:22:18,Act05,0.32671878456399056,Act21,0.15974367781013693
12:22:19,Act05,0.32671878456399056,Act21,0.15974367781013693
12:22:20,Act05,0.32671878456399056,Act21,0.15974367781013693
12:22:21,Act05,0.32671878456399056,Act21,0.15974367781013693
12:22:22,Act05,0.32671878456399056,Act21,0.15974367781013693
12:22:23,Act22,0.9639074105813209,Act20,0.024848713586547944
12:22:24,Act22,0.9639074105813209,Act20,0.024848713586547944
12:22:25,Act05,0.32671878456399056,Act21,0.15974367781013693
12:22:26,Act05,0.32671878456399056,Act21,0.15974367781013693
12:22:27,Act05,0.32671878456399056,Act21,0.15974367781013693
12:22:28,Act05,0.32671878456399056,Act21,0.15974367781013693
12:22:29,Act05,0.32671878456399056,Act21,0.15974367781013693
12:22:30,Act05,0.32671878456399056,Act21,0.15974367781013693
12:22:31,Act05,0.32671878456399056,Act21,0.15974367781013693
12:22:32,Act05,0.32671878456399056,Act21,0.15974367781013693
12:22:33,Act05,0.32671878456399056,Act21,0.15974367781013693
12:22:34,Act05,0.32671878456399056,Act21,0.15974367781013693
12:22:35,Act05,0.32671878456399056,Act21,0.15974367781013693
12:22:36,Act21,0.9834179496345647,Act05,0.011548670703118685
12:22:37,Act05,0.18220361924575262,Act13,0.17709911237637846
12:22:38,Act22,0.8011992547033167,Act17,0.19880074529668332
12:22:39,Act22,1.0,Act24,0.0
12:22:40,Act22,1.0,Act24,0.0
12:22:41,Act22,1.0,Act24,0.0
12:22:42,Act22,1.0,Act24,0.0
12:22:43,Act22,1.0,Act24,0.0
12:22:44,Act22,1.0,Act24,0.0
12:22:45,Act22,1.0,Act24,0.0
12:22:46,Act22,1.0,Act24,0.0
12:22:47,Act22,1.0,Act24,0.0
12:22:48,Act22,0.9639074105813209,Act20,0.024848713586547944
12:22:49,Act22,0.9639074105813209,Act20,0.024848713586547944
12:22:50,Act22,0.9639074105813209,Act20,0.024848713586547944
12:22:51,Act22,0.9639074105813209,Act20,0.024848713586547944
12:22:52,Act22,0.9639074105813209,Act20,0.024848713586547944
12:22:53,Act22,1.0,Act24,0.0
12:22:54,Act22,1.0,Act24,0.0
12:22:55,Act22,1.0,Act24,0.0
12:22:56,Act22,1.0,Act24,0.0
12:22:57,Act22,1.0,Act24,0.0
12:22:58,Act22,0.9966247000899918,Act17,0.0033752999100082268
12:22:59,Act22,0.8164390930710954,Act17,0.1721646546367021
12:23:00,Act22,0.12315174936696131,Act24,0.12129154865500907
12:23:01,Act17,0.5068349769355392,Act16,0.3958077921975485
12:23:02,Act24,,Act22,
12:23:03,Act13,1.0,Act24,0.0
12:23:04,Act13,1.0,Act24,0.0
12:23:05,Act13,0.9743964886613021,Act24,0.025603511338697874
12:23:06,Act13,1.0,Act24,0.0
12:23:07,Act13,1.0,Act24,0.0
12:23:08,Act05,0.32671878456399056,Act21,0.15974367781013693
12:23:09,Act13,1.0,Act24,0.0
12:23:10,Act05,0.32671878456399056,Act21,0.15974367781013693
12:23:11,Act13,1.0,Act24,0.0
12:23:12,Act13,1.0,Act24,0.0
12:23:13,Act13,1.0,Act24,0.0
12:23:14,Act13,1.0,Act24,0.0
12:23:15,Act13,1.0,Act24,0.0
12:23:16,Act13,1.0,Act24,0.0
12:23:17,Act13,1.0,Act24,0.0
12:23:18,Act13,0.9585798816568047,Act24,0.04142011834319526
12:23:19,Act05,0.32671878456399056,Act21,0.15974367781013693
12:23:20,Act05,0.32671878456399056,Act21,0.15974367781013693
12:23:21,Act13,0.9585798816568047,Act24,0.04142011834319526
12:23:22,Act05,0.32671878456399056,Act21,0.15974367781013693
12:23:23,Act13,0.9585798816568047,Act24,0.04142011834319526
12:23:24,Act05,0.32671878456399056,Act21,0.15974367781013693
12:23:25,Act05,0.32671878456399056,Act21,0.15974367781013693
12:23:26,Act22,0.9400581222032219,Act13,0.05994187779677814
12:23:27,Act22,0.9400581222032219,Act13,0.05994187779677814
12:23:28,Act05,0.32671878456399056,Act21,0.15974367781013693
12:23:29,Act05,0.32671878456399056,Act21,0.15974367781013693
12:23:30,Act05,0.32671878456399056,Act21,0.15974367781013693
12:23:31,Act05,0.32671878456399056,Act21,0.15974367781013693
12:23:32,Act05,0.32671878456399056,Act21,0.15974367781013693
12:23:33,Act05,0.32671878456399056,Act21,0.15974367781013693
12:23:34,Act13,1.0,Act24,0.0
12:23:35,Act13,1.0,Act24,0.0
12:23:36,Act13,1.0,Act24,0.0
12:23:37,Act13,1.0,Act24,0.0
12:23:38,Act13,1.0,Act24,0.0
12:23:39,Act13,1.0,Act24,0.0
12:23:40,Act13,1.0,Act24,0.0
12:23:41,Act13,1.0,Act24,0.0
12:23:42,Act13,1.0,Act24,0.0
12:23:43,Act13,0.9585798816568047,Act24,0.04142011834319526
