TIMESTAMP,PREDICCION,PROB1,PREDICCION_2,PROB2
12:39:48,Act06,0.23777652576487146,Act09,0.18776565746961027
12:39:49,Act06,0.23777652576487146,Act09,0.18776565746961027
12:39:50,Act06,0.23777652576487146,Act09,0.18776565746961027
12:39:51,Act06,0.23777652576487146,Act09,0.18776565746961027
12:39:52,Act06,0.23777652576487146,Act09,0.18776565746961027
12:39:53,Act06,0.23777652576487146,Act09,0.18776565746961027
12:39:54,Act06,0.23777652576487146,Act09,0.18776565746961027
12:39:55,Act06,0.23777652576487146,Act09,0.18776565746961027
12:39:56,Act06,0.23777652576487146,Act09,0.18776565746961027
12:39:57,Act06,0.23777652576487146,Act09,0.18776565746961027
12:39:58,Act06,0.23777652576487146,Act09,0.18776565746961027
12:39:59,Act06,0.23777652576487146,Act09,0.18776565746961027
12:40:00,Act12,0.5726467112909936,Act15,0.29683839694866554
12:40:01,Act12,0.5726467112909936,Act15,0.29683839694866554
12:40:02,Act06,0.23777652576487146,Act09,0.18776565746961027
12:40:03,Act06,0.23777652576487146,Act09,0.18776565746961027
12:40:04,Act06,0.23777652576487146,Act09,0.18776565746961027
12:40:05,Act06,0.23777652576487146,Act09,0.18776565746961027
12:40:06,Act06,0.23777652576487146,Act09,0.18776565746961027
12:40:07,Act06,0.23777652576487146,Act09,0.18776565746961027
12:40:08,Act06,0.23777652576487146,Act09,0.18776565746961027
12:40:09,Act06,0.23777652576487146,Act09,0.18776565746961027
12:40:10,Act12,0.5726467112909936,Act15,0.29683839694866554
12:40:11,Act12,0.5726467112909936,Act15,0.29683839694866554
12:40:12,Act06,0.23777652576487146,Act09,0.18776565746961027
12:40:13,Act06,0.23777652576487146,Act09,0.18776565746961027
12:40:14,Act06,0.23777652576487146,Act09,0.18776565746961027
12:40:15,Act06,0.23777652576487146,Act09,0.18776565746961027
12:40:16,Act06,0.23777652576487146,Act09,0.18776565746961027
12:40:17,Act06,0.23777652576487146,Act09,0.18776565746961027
12:40:18,Act06,0.23777652576487146,Act09,0.18776565746961027
12:40:19,Act06,0.23777652576487146,Act09,0.18776565746961027
12:40:20,Act06,0.23777652576487146,Act09,0.18776565746961027
12:40:21,Act06,0.23777652576487146,Act09,0.18776565746961027
12:40:22,Act06,0.23777652576487146,Act09,0.18776565746961027
12:40:23,Act06,0.23777652576487146,Act09,0.18776565746961027
12:40:24,Act06,0.23777652576487146,Act09,0.18776565746961027
12:40:25,Act06,0.23777652576487146,Act09,0.18776565746961027
12:40:26,Act06,0.23777652576487146,Act09,0.18776565746961027
12:40:27,Act06,0.23777652576487146,Act09,0.18776565746961027
12:40:28,Act06,0.23777652576487146,Act09,0.18776565746961027
12:40:29,Act06,0.23777652576487146,Act09,0.18776565746961027
12:40:30,Act06,0.23777652576487146,Act09,0.18776565746961027
12:40:31,Act06,0.23777652576487146,Act09,0.18776565746961027
12:40:32,Act06,0.23777652576487146,Act09,0.18776565746961027
12:40:33,Act06,0.23777652576487146,Act09,0.18776565746961027
12:40:34,Act06,0.23777652576487146,Act09,0.18776565746961027
12:40:35,Act12,0.5726467112909936,Act15,0.29683839694866554
12:40:36,Act12,0.5726467112909936,Act15,0.29683839694866554
12:40:37,Act12,0.5726467112909936,Act15,0.29683839694866554
12:40:38,Act06,0.23777652576487146,Act09,0.18776565746961027
12:40:39,Act06,0.23777652576487146,Act09,0.18776565746961027
12:40:40,Act06,0.23777652576487146,Act09,0.18776565746961027
12:40:41,Act06,0.23777652576487146,Act09,0.18776565746961027
12:40:42,Act06,0.23777652576487146,Act09,0.18776565746961027
12:40:43,Act06,0.23777652576487146,Act09,0.18776565746961027
12:40:44,Act06,0.23777652576487146,Act09,0.18776565746961027
12:40:45,Act06,0.23777652576487146,Act09,0.18776565746961027
12:40:46,Act06,0.23777652576487146,Act09,0.18776565746961027
12:40:47,Act06,0.23777652576487146,Act09,0.18776565746961027
12:40:48,Act06,0.23777652576487146,Act09,0.18776565746961027
12:40:49,Act06,0.23777652576487146,Act09,0.18776565746961027
12:40:50,Act06,0.23777652576487146,Act09,0.18776565746961027
12:40:51,Act15,0.7984467326704614,Act17,0.07233479853219729
12:40:52,Act08,0.7411572877604516,Act15,0.15387940480529438
12:40:53,Act03,0.6801325282422964,Act08,0.2659444493221875
12:40:54,Act03,0.2949374571594773,Act08,0.22750411011406765
12:40:55,Act08,0.9999993917432092,Act09,6.082567907789054e-07
12:40:56,Act03,0.8144496502321585,Act08,0.10108105517517686
12:40:57,Act03,0.8144496502321585,Act08,0.10108105517517686
12:40:58,Act03,0.8144496502321585,Act08,0.10108105517517686
12:40:59,Act03,0.9308000364247996,Act08,0.05035216493916983
12:41:00,Act03,0.9308000364247996,Act08,0.05035216493916983
12:41:01,Act03,0.6612478125116414,Act08,0.10770085796957707
12:41:02,Act03,0.9308000364247996,Act08,0.05035216493916983
12:41:03,Act03,0.6612478125116414,Act08,0.10770085796957707
12:41:04,Act03,0.6612478125116414,Act08,0.10770085796957707
12:41:05,Act03,0.6612478125116414,Act08,0.10770085796957707
12:41:06,Act03,0.6612478125116414,Act08,0.10770085796957707
12:41:07,Act06,0.23777652576487146,Act09,0.18776565746961027
12:41:08,Act06,0.23777652576487146,Act09,0.18776565746961027
12:41:09,Act06,0.23777652576487146,Act09,0.18776565746961027
12:41:10,Act06,0.23777652576487146,Act09,0.18776565746961027
12:41:11,Act06,0.23777652576487146,Act09,0.18776565746961027
12:41:12,Act03,0.6612478125116414,Act08,0.10770085796957707
12:41:13,Act03,0.6612478125116414,Act08,0.10770085796957707
12:41:14,Act03,0.9308000364247996,Act08,0.05035216493916983
12:41:15,Act03,0.6612478125116414,Act08,0.10770085796957707
12:41:16,Act03,0.6612478125116414,Act08,0.10770085796957707
12:41:17,Act03,0.9308000364247996,Act08,0.05035216493916983
12:41:18,Act03,0.9308000364247996,Act08,0.05035216493916983
12:41:19,Act03,0.9330957294576895,Act06,0.04657803617888767
12:41:20,Act03,0.9308000364247996,Act08,0.05035216493916983
12:41:21,Act03,0.9308000364247996,Act08,0.05035216493916983
12:41:22,Act03,0.9308000364247996,Act08,0.05035216493916983
12:41:23,Act03,0.9308000364247996,Act08,0.05035216493916983
12:41:24,Act03,0.9308000364247996,Act08,0.05035216493916983
12:41:25,Act03,0.9308000364247996,Act08,0.05035216493916983
12:41:26,Act03,0.9917190427396456,Act08,0.00828095726035439
12:41:27,Act03,0.9917190427396456,Act08,0.00828095726035439
12:41:28,Act03,0.9917190427396456,Act08,0.00828095726035439
12:41:29,Act03,0.9838298195519003,Act15,0.011374918156334284
12:41:30,Act03,0.9330957294576895,Act06,0.04657803617888767
12:41:31,Act06,0.23777652576487146,Act09,0.18776565746961027
12:41:32,Act03,0.9330957294576895,Act06,0.04657803617888767
12:41:33,Act03,0.9330957294576895,Act06,0.04657803617888767
12:41:34,Act03,0.9330957294576895,Act06,0.04657803617888767
12:41:35,Act03,0.9838298195519003,Act15,0.011374918156334284
12:41:36,Act03,0.9330957294576895,Act06,0.04657803617888767
12:41:37,Act03,0.9330957294576895,Act06,0.04657803617888767
12:41:38,Act03,0.9330957294576895,Act06,0.04657803617888767
12:41:39,Act03,0.9330957294576895,Act06,0.04657803617888767
12:41:40,Act03,0.9330957294576895,Act06,0.04657803617888767
12:41:41,Act03,0.9330957294576895,Act06,0.04657803617888767
12:41:42,Act06,0.23777652576487146,Act09,0.18776565746961027
12:41:43,Act03,0.9330957294576895,Act06,0.04657803617888767
12:41:44,Act06,0.23777652576487146,Act09,0.18776565746961027
12:41:45,Act06,0.23777652576487146,Act09,0.18776565746961027
12:41:46,Act03,0.9330957294576895,Act06,0.04657803617888767
12:41:47,Act03,0.9330957294576895,Act06,0.04657803617888767
12:41:48,Act03,0.9330957294576895,Act06,0.04657803617888767
12:41:49,Act03,0.9308000364247996,Act08,0.05035216493916983
12:41:50,Act03,0.9308000364247996,Act08,0.05035216493916983
12:41:51,Act03,0.9308000364247996,Act08,0.05035216493916983
12:41:52,Act03,0.9308000364247996,Act08,0.05035216493916983
12:41:53,Act03,0.9308000364247996,Act08,0.05035216493916983
12:41:54,Act03,0.9308000364247996,Act08,0.05035216493916983
12:41:55,Act03,0.6612478125116414,Act08,0.10770085796957707
12:41:56,Act03,0.6612478125116414,Act08,0.10770085796957707
12:41:57,Act03,0.6612478125116414,Act08,0.10770085796957707
12:41:58,Act03,0.6612478125116414,Act08,0.10770085796957707
12:41:59,Act03,0.9308000364247996,Act08,0.05035216493916983
12:42:00,Act03,0.9261876626644961,Act15,0.06442198074426253
12:42:01,Act03,0.9917190427396456,Act08,0.00828095726035439
12:42:02,Act03,0.9308000364247996,Act08,0.05035216493916983
12:42:03,Act03,0.9308000364247996,Act08,0.05035216493916983
12:42:04,Act03,0.9308000364247996,Act08,0.05035216493916983
12:42:05,Act03,0.9308000364247996,Act08,0.05035216493916983
12:42:06,Act06,0.23777652576487146,Act09,0.18776565746961027
12:42:07,Act03,0.9308000364247996,Act08,0.05035216493916983
12:42:08,Act03,0.9330957294576895,Act06,0.04657803617888767
12:42:09,Act03,0.9308000364247996,Act08,0.05035216493916983
12:42:10,Act03,0.9308000364247996,Act08,0.05035216493916983
12:42:11,Act03,0.9308000364247996,Act08,0.05035216493916983
12:42:12,Act03,0.9308000364247996,Act08,0.05035216493916983
12:42:13,Act03,0.9308000364247996,Act08,0.05035216493916983
12:42:14,Act03,0.9917190427396456,Act08,0.00828095726035439
12:42:15,Act03,0.9308000364247996,Act08,0.05035216493916983
12:42:16,Act03,0.9308000364247996,Act08,0.05035216493916983
12:42:17,Act03,0.9308000364247996,Act08,0.05035216493916983
12:42:18,Act03,0.9308000364247996,Act08,0.05035216493916983
12:42:19,Act03,0.9308000364247996,Act08,0.05035216493916983
12:42:20,Act03,0.9308000364247996,Act08,0.05035216493916983
12:42:21,Act03,0.9917190427396456,Act08,0.00828095726035439
12:42:22,Act03,0.9308000364247996,Act08,0.05035216493916983
12:42:23,Act03,0.9308000364247996,Act08,0.05035216493916983
12:42:24,Act03,0.9917190427396456,Act08,0.00828095726035439
12:42:25,Act03,0.9330957294576895,Act06,0.04657803617888767
12:42:26,Act03,0.9330957294576895,Act06,0.04657803617888767
12:42:27,Act03,0.9330957294576895,Act06,0.04657803617888767
12:42:28,Act03,0.9330957294576895,Act06,0.04657803617888767
12:42:29,Act03,0.9330957294576895,Act06,0.04657803617888767
12:42:30,Act06,0.23777652576487146,Act09,0.18776565746961027
12:42:31,Act03,0.9330957294576895,Act06,0.04657803617888767
12:42:32,Act03,0.9330957294576895,Act06,0.04657803617888767
12:42:33,Act06,0.23777652576487146,Act09,0.18776565746961027
12:42:34,Act06,0.23777652576487146,Act09,0.18776565746961027
12:42:35,Act03,0.9330957294576895,Act06,0.04657803617888767
12:42:36,Act03,0.9330957294576895,Act06,0.04657803617888767
12:42:37,Act06,0.23777652576487146,Act09,0.18776565746961027
12:42:38,Act06,0.23777652576487146,Act09,0.18776565746961027
12:42:39,Act06,0.23777652576487146,Act09,0.18776565746961027
12:42:40,Act06,0.23777652576487146,Act09,0.18776565746961027
12:42:41,Act03,0.9330957294576895,Act06,0.04657803617888767
12:42:42,Act06,0.23777652576487146,Act09,0.18776565746961027
12:42:43,Act06,0.23777652576487146,Act09,0.18776565746961027
12:42:44,Act06,0.23777652576487146,Act09,0.18776565746961027
12:42:45,Act06,0.23777652576487146,Act09,0.18776565746961027
12:42:46,Act03,0.9330957294576895,Act06,0.04657803617888767
12:42:47,Act06,0.23777652576487146,Act09,0.18776565746961027
12:42:48,Act06,0.23777652576487146,Act09,0.18776565746961027
12:42:49,Act03,0.9330957294576895,Act06,0.04657803617888767
12:42:50,Act03,0.9330957294576895,Act06,0.04657803617888767
12:42:51,Act03,0.9330957294576895,Act06,0.04657803617888767
12:42:52,Act03,0.9330957294576895,Act06,0.04657803617888767
12:42:53,Act03,0.9330957294576895,Act06,0.04657803617888767
12:42:54,Act03,0.9330957294576895,Act06,0.04657803617888767
12:42:55,Act03,0.9330957294576895,Act06,0.04657803617888767
12:42:56,Act03,0.9330957294576895,Act06,0.04657803617888767
12:42:57,Act03,0.9330957294576895,Act06,0.04657803617888767
12:42:58,Act06,0.23777652576487146,Act09,0.18776565746961027
12:42:59,Act03,0.9330957294576895,Act06,0.04657803617888767
12:43:00,Act06,0.23777652576487146,Act09,0.18776565746961027
12:43:01,Act06,0.23777652576487146,Act09,0.18776565746961027
12:43:02,Act06,0.23777652576487146,Act09,0.18776565746961027
12:43:03,Act06,0.23777652576487146,Act09,0.18776565746961027
12:43:04,Act06,0.23777652576487146,Act09,0.18776565746961027
12:43:05,Act06,0.23777652576487146,Act09,0.18776565746961027
12:43:06,Act06,0.23777652576487146,Act09,0.18776565746961027
12:43:07,Act06,0.23777652576487146,Act09,0.18776565746961027
12:43:08,Act06,0.23777652576487146,Act09,0.18776565746961027
12:43:09,Act06,0.23777652576487146,Act09,0.18776565746961027
12:43:10,Act06,0.23777652576487146,Act09,0.18776565746961027
12:43:11,Act06,0.23777652576487146,Act09,0.18776565746961027
12:43:12,Act06,0.23777652576487146,Act09,0.18776565746961027
12:43:13,Act06,0.23777652576487146,Act09,0.18776565746961027
12:43:14,Act06,0.23777652576487146,Act09,0.18776565746961027
12:43:15,Act06,0.23777652576487146,Act09,0.18776565746961027
12:43:16,Act06,0.23777652576487146,Act09,0.18776565746961027
12:43:17,Act06,0.23777652576487146,Act09,0.18776565746961027
12:43:18,Act06,0.23777652576487146,Act09,0.18776565746961027
12:43:19,Act03,0.9330957294576895,Act06,0.04657803617888767
12:43:20,Act06,0.23777652576487146,Act09,0.18776565746961027
12:43:21,Act06,0.23777652576487146,Act09,0.18776565746961027
12:43:22,Act03,0.9330957294576895,Act06,0.04657803617888767
12:43:23,Act03,0.9330957294576895,Act06,0.04657803617888767
12:43:24,Act06,0.23777652576487146,Act09,0.18776565746961027
12:43:25,Act06,0.23777652576487146,Act09,0.18776565746961027
12:43:26,Act06,0.23777652576487146,Act09,0.18776565746961027
12:43:27,Act06,0.23777652576487146,Act09,0.18776565746961027
12:43:28,Act06,0.23777652576487146,Act09,0.18776565746961027
12:43:29,Act06,0.23777652576487146,Act09,0.18776565746961027
12:43:30,Act06,0.23777652576487146,Act09,0.18776565746961027
12:43:31,Act06,0.23777652576487146,Act09,0.18776565746961027
12:43:32,Act03,0.9330957294576895,Act06,0.04657803617888767
12:43:33,Act03,0.9330957294576895,Act06,0.04657803617888767
12:43:34,Act03,0.9330957294576895,Act06,0.04657803617888767
12:43:35,Act03,0.9330957294576895,Act06,0.04657803617888767
12:43:36,Act03,0.9838298195519003,Act15,0.011374918156334284
12:43:37,Act03,0.9917190427396456,Act08,0.00828095726035439
12:43:38,Act03,0.8144496502321585,Act08,0.10108105517517686
12:43:39,Act03,0.8144496502321585,Act08,0.10108105517517686
12:43:40,Act03,0.2949374571594773,Act08,0.22750411011406765
12:43:41,Act03,0.9330957294576895,Act06,0.04657803617888767
12:43:42,Act03,0.6612478125116414,Act08,0.10770085796957707
12:43:43,Act03,0.9330957294576895,Act06,0.04657803617888767
12:43:44,Act03,0.9330957294576895,Act06,0.04657803617888767
12:43:45,Act06,0.23777652576487146,Act09,0.18776565746961027
12:43:46,Act06,0.23777652576487146,Act09,0.18776565746961027
12:43:47,Act06,0.23777652576487146,Act09,0.18776565746961027
12:43:48,Act06,0.23777652576487146,Act09,0.18776565746961027
12:43:49,Act06,0.23777652576487146,Act09,0.18776565746961027
12:43:50,Act06,0.23777652576487146,Act09,0.18776565746961027
12:43:51,Act06,0.23777652576487146,Act09,0.18776565746961027
12:43:52,Act06,0.23777652576487146,Act09,0.18776565746961027
12:43:53,Act06,0.23777652576487146,Act09,0.18776565746961027
12:43:54,Act06,0.23777652576487146,Act09,0.18776565746961027
12:43:55,Act06,0.23777652576487146,Act09,0.18776565746961027
12:43:56,Act06,0.23777652576487146,Act09,0.18776565746961027
12:43:57,Act06,0.23777652576487146,Act09,0.18776565746961027
12:43:58,Act06,0.23777652576487146,Act09,0.18776565746961027
12:43:59,Act06,0.23777652576487146,Act09,0.18776565746961027
12:44:00,Act06,0.23777652576487146,Act09,0.18776565746961027
12:44:01,Act03,0.9308000364247996,Act08,0.05035216493916983
12:44:02,Act03,0.8144496502321585,Act08,0.10108105517517686
12:44:03,Act03,0.89394960383693,Act08,0.07309464725247425
12:44:04,Act03,0.9633935696337241,Act08,0.031812092210363206
12:44:05,Act03,0.89394960383693,Act08,0.07309464725247425
12:44:06,Act03,0.9330957294576895,Act06,0.04657803617888767
12:44:07,Act03,0.9261876626644961,Act15,0.06442198074426253
12:44:08,Act06,0.23777652576487146,Act09,0.18776565746961027
12:44:09,Act06,0.23777652576487146,Act09,0.18776565746961027
12:44:10,Act06,0.23777652576487146,Act09,0.18776565746961027
12:44:11,Act06,0.23777652576487146,Act09,0.18776565746961027
12:44:12,Act06,0.23777652576487146,Act09,0.18776565746961027
12:44:13,Act06,0.23777652576487146,Act09,0.18776565746961027
12:44:14,Act06,0.23777652576487146,Act09,0.18776565746961027
12:44:15,Act06,0.23777652576487146,Act09,0.18776565746961027
12:44:16,Act06,0.23777652576487146,Act09,0.18776565746961027
12:44:17,Act06,0.23777652576487146,Act09,0.18776565746961027
12:44:18,Act06,0.23777652576487146,Act09,0.18776565746961027
12:44:19,Act06,0.23777652576487146,Act09,0.18776565746961027
12:44:20,Act06,0.23777652576487146,Act09,0.18776565746961027
12:44:21,Act06,0.23777652576487146,Act09,0.18776565746961027
12:44:22,Act06,0.23777652576487146,Act09,0.18776565746961027
12:44:23,Act06,0.23777652576487146,Act09,0.18776565746961027
12:44:24,Act06,0.23777652576487146,Act09,0.18776565746961027
12:44:25,Act06,0.23777652576487146,Act09,0.18776565746961027
12:44:26,Act06,0.23777652576487146,Act09,0.18776565746961027
12:44:27,Act06,0.23777652576487146,Act09,0.18776565746961027
12:44:28,Act06,0.23777652576487146,Act09,0.18776565746961027
12:44:29,Act06,0.23777652576487146,Act09,0.18776565746961027
12:44:30,Act06,0.23777652576487146,Act09,0.18776565746961027
12:44:31,Act03,0.9330957294576895,Act06,0.04657803617888767
12:44:32,Act03,0.9308000364247996,Act08,0.05035216493916983
12:44:33,Act03,0.9308000364247996,Act08,0.05035216493916983
12:44:34,Act03,0.9330957294576895,Act06,0.04657803617888767
12:44:35,Act03,0.9330957294576895,Act06,0.04657803617888767
12:44:36,Act03,0.9330957294576895,Act06,0.04657803617888767
12:44:37,Act06,0.23777652576487146,Act09,0.18776565746961027
12:44:38,Act03,0.9330957294576895,Act06,0.04657803617888767
12:44:39,Act06,0.23777652576487146,Act09,0.18776565746961027
12:44:40,Act03,0.9330957294576895,Act06,0.04657803617888767
12:44:41,Act03,0.9330957294576895,Act06,0.04657803617888767
12:44:42,Act03,0.9330957294576895,Act06,0.04657803617888767
12:44:43,Act03,0.9330957294576895,Act06,0.04657803617888767
12:44:44,Act03,0.9330957294576895,Act06,0.04657803617888767
12:44:45,Act03,0.9330957294576895,Act06,0.04657803617888767
12:44:46,Act03,0.9330957294576895,Act06,0.04657803617888767
12:44:47,Act03,0.9330957294576895,Act06,0.04657803617888767
12:44:48,Act06,0.23777652576487146,Act09,0.18776565746961027
12:44:49,Act03,0.9330957294576895,Act06,0.04657803617888767
12:44:50,Act03,0.9917190427396456,Act08,0.00828095726035439
12:44:51,Act03,0.9917190427396456,Act08,0.00828095726035439
12:44:52,Act03,0.9917190427396456,Act08,0.00828095726035439
12:44:53,Act03,0.6612478125116414,Act08,0.10770085796957707
12:44:54,Act03,0.8144496502321585,Act08,0.10108105517517686
12:44:55,Act03,0.8144496502321585,Act08,0.10108105517517686
12:44:56,Act03,0.8144496502321585,Act08,0.10108105517517686
12:44:57,Act03,0.8144496502321585,Act08,0.10108105517517686
12:44:58,Act06,0.23777652576487146,Act09,0.18776565746961027
12:44:59,Act06,0.23777652576487146,Act09,0.18776565746961027
12:45:00,Act03,0.6612478125116414,Act08,0.10770085796957707
12:45:01,Act06,0.23777652576487146,Act09,0.18776565746961027
12:45:02,Act06,0.23777652576487146,Act09,0.18776565746961027
12:45:03,Act03,0.9308000364247996,Act08,0.05035216493916983
12:45:04,Act03,0.9308000364247996,Act08,0.05035216493916983
12:45:05,Act03,0.9308000364247996,Act08,0.05035216493916983
12:45:06,Act06,0.23777652576487146,Act09,0.18776565746961027
12:45:07,Act06,0.23777652576487146,Act09,0.18776565746961027
12:45:08,Act06,0.23777652576487146,Act09,0.18776565746961027
12:45:09,Act06,0.23777652576487146,Act09,0.18776565746961027
12:45:10,Act03,0.6612478125116414,Act08,0.10770085796957707
12:45:11,Act06,0.23777652576487146,Act09,0.18776565746961027
12:45:12,Act06,0.23777652576487146,Act09,0.18776565746961027
12:45:13,Act06,0.23777652576487146,Act09,0.18776565746961027
12:45:14,Act03,0.9308000364247996,Act08,0.05035216493916983
12:45:15,Act03,0.6612478125116414,Act08,0.10770085796957707
12:45:16,Act06,0.23777652576487146,Act09,0.18776565746961027
12:45:17,Act03,0.6612478125116414,Act08,0.10770085796957707
12:45:18,Act03,0.6612478125116414,Act08,0.10770085796957707
12:45:19,Act03,0.9308000364247996,Act08,0.05035216493916983
12:45:20,Act03,0.9308000364247996,Act08,0.05035216493916983
12:45:21,Act06,0.23777652576487146,Act09,0.18776565746961027
12:45:22,Act06,0.23777652576487146,Act09,0.18776565746961027
12:45:23,Act06,0.23777652576487146,Act09,0.18776565746961027
12:45:24,Act06,0.23777652576487146,Act09,0.18776565746961027
12:45:25,Act06,0.23777652576487146,Act09,0.18776565746961027
12:45:26,Act06,0.23777652576487146,Act09,0.18776565746961027
12:45:27,Act06,0.23777652576487146,Act09,0.18776565746961027
12:45:28,Act06,0.23777652576487146,Act09,0.18776565746961027
12:45:29,Act06,0.23777652576487146,Act09,0.18776565746961027
12:45:30,Act06,0.23777652576487146,Act09,0.18776565746961027
12:45:31,Act06,0.23777652576487146,Act09,0.18776565746961027
12:45:32,Act06,0.23777652576487146,Act09,0.18776565746961027
12:45:33,Act06,0.23777652576487146,Act09,0.18776565746961027
12:45:34,Act06,0.23777652576487146,Act09,0.18776565746961027
12:45:35,Act06,0.23777652576487146,Act09,0.18776565746961027
12:45:36,Act06,0.23777652576487146,Act09,0.18776565746961027
12:45:37,Act06,0.23777652576487146,Act09,0.18776565746961027
12:45:38,Act06,0.23777652576487146,Act09,0.18776565746961027
12:45:39,Act06,0.23777652576487146,Act09,0.18776565746961027
12:45:40,Act06,0.23777652576487146,Act09,0.18776565746961027
12:45:41,Act06,0.23777652576487146,Act09,0.18776565746961027
12:45:42,Act06,0.23777652576487146,Act09,0.18776565746961027
12:45:43,Act06,0.23777652576487146,Act09,0.18776565746961027
12:45:44,Act06,0.23777652576487146,Act09,0.18776565746961027
12:45:45,Act06,0.23777652576487146,Act09,0.18776565746961027
12:45:46,Act06,0.23777652576487146,Act09,0.18776565746961027
12:45:47,Act06,0.23777652576487146,Act09,0.18776565746961027
12:45:48,Act06,0.23777652576487146,Act09,0.18776565746961027
12:45:49,Act06,0.23777652576487146,Act09,0.18776565746961027
12:45:50,Act06,0.23777652576487146,Act09,0.18776565746961027
12:45:51,Act06,0.23777652576487146,Act09,0.18776565746961027
12:45:52,Act06,0.23777652576487146,Act09,0.18776565746961027
12:45:53,Act03,0.9308000364247996,Act08,0.05035216493916983
12:45:54,Act03,0.9308000364247996,Act08,0.05035216493916983
12:45:55,Act03,0.9308000364247996,Act08,0.05035216493916983
12:45:56,Act03,0.9330957294576895,Act06,0.04657803617888767
12:45:57,Act03,0.9330957294576895,Act06,0.04657803617888767
12:45:58,Act06,0.23777652576487146,Act09,0.18776565746961027
12:45:59,Act06,0.23777652576487146,Act09,0.18776565746961027
12:46:00,Act06,0.23777652576487146,Act09,0.18776565746961027
12:46:01,Act06,0.23777652576487146,Act09,0.18776565746961027
12:46:02,Act06,0.23777652576487146,Act09,0.18776565746961027
12:46:03,Act06,0.23777652576487146,Act09,0.18776565746961027
12:46:04,Act06,0.23777652576487146,Act09,0.18776565746961027
12:46:05,Act06,0.23777652576487146,Act09,0.18776565746961027
12:46:06,Act06,0.23777652576487146,Act09,0.18776565746961027
12:46:07,Act06,0.23777652576487146,Act09,0.18776565746961027
12:46:08,Act06,0.23777652576487146,Act09,0.18776565746961027
12:46:09,Act06,0.23777652576487146,Act09,0.18776565746961027
12:46:10,Act06,0.23777652576487146,Act09,0.18776565746961027
12:46:11,Act06,0.23777652576487146,Act09,0.18776565746961027
12:46:12,Act06,0.23777652576487146,Act09,0.18776565746961027
12:46:13,Act06,0.23777652576487146,Act09,0.18776565746961027
12:46:14,Act06,0.23777652576487146,Act09,0.18776565746961027
12:46:15,Act06,0.23777652576487146,Act09,0.18776565746961027
12:46:16,Act06,0.23777652576487146,Act09,0.18776565746961027
12:46:17,Act06,0.23777652576487146,Act09,0.18776565746961027
12:46:18,Act06,0.23777652576487146,Act09,0.18776565746961027
12:46:19,Act06,0.23777652576487146,Act09,0.18776565746961027
12:46:20,Act06,0.23777652576487146,Act09,0.18776565746961027
12:46:21,Act06,0.23777652576487146,Act09,0.18776565746961027
12:46:22,Act06,0.23777652576487146,Act09,0.18776565746961027
12:46:23,Act03,0.9308000364247996,Act08,0.05035216493916983
12:46:24,Act03,0.9308000364247996,Act08,0.05035216493916983
12:46:25,Act03,0.9308000364247996,Act08,0.05035216493916983
12:46:26,Act03,0.9308000364247996,Act08,0.05035216493916983
12:46:27,Act03,0.9308000364247996,Act08,0.05035216493916983
12:46:28,Act03,0.9330957294576895,Act06,0.04657803617888767
12:46:29,Act03,0.9330957294576895,Act06,0.04657803617888767
12:46:30,Act03,0.9330957294576895,Act06,0.04657803617888767
12:46:31,Act03,0.9330957294576895,Act06,0.04657803617888767
12:46:32,Act03,0.9838298195519003,Act15,0.011374918156334284
12:46:33,Act03,0.9330957294576895,Act06,0.04657803617888767
12:46:34,Act03,0.9330957294576895,Act06,0.04657803617888767
12:46:35,Act03,0.9330957294576895,Act06,0.04657803617888767
12:46:36,Act03,0.9330957294576895,Act06,0.04657803617888767
12:46:37,Act03,0.9330957294576895,Act06,0.04657803617888767
12:46:38,Act03,0.9308000364247996,Act08,0.05035216493916983
12:46:39,Act03,0.9308000364247996,Act08,0.05035216493916983
12:46:40,Act03,0.9308000364247996,Act08,0.05035216493916983
12:46:41,Act03,0.9330957294576895,Act06,0.04657803617888767
12:46:42,Act03,0.9330957294576895,Act06,0.04657803617888767
12:46:43,Act03,0.9330957294576895,Act06,0.04657803617888767
12:46:44,Act03,0.9330957294576895,Act06,0.04657803617888767
12:46:45,Act03,0.9330957294576895,Act06,0.04657803617888767
12:46:46,Act03,0.9330957294576895,Act06,0.04657803617888767
12:46:47,Act03,0.9330957294576895,Act06,0.04657803617888767
12:46:48,Act03,0.9330957294576895,Act06,0.04657803617888767
12:46:49,Act03,0.9330957294576895,Act06,0.04657803617888767
12:46:50,Act03,0.9330957294576895,Act06,0.04657803617888767
12:46:51,Act03,0.9330957294576895,Act06,0.04657803617888767
12:46:52,Act03,0.9330957294576895,Act06,0.04657803617888767
12:46:53,Act06,0.23777652576487146,Act09,0.18776565746961027
12:46:54,Act06,0.23777652576487146,Act09,0.18776565746961027
12:46:55,Act06,0.23777652576487146,Act09,0.18776565746961027
12:46:56,Act06,0.23777652576487146,Act09,0.18776565746961027
12:46:57,Act06,0.23777652576487146,Act09,0.18776565746961027
12:46:58,Act06,0.23777652576487146,Act09,0.18776565746961027
12:46:59,Act06,0.23777652576487146,Act09,0.18776565746961027
12:47:00,Act06,0.23777652576487146,Act09,0.18776565746961027
12:47:01,Act06,0.23777652576487146,Act09,0.18776565746961027
12:47:02,Act06,0.23777652576487146,Act09,0.18776565746961027
12:47:03,Act03,0.9330957294576895,Act06,0.04657803617888767
12:47:04,Act06,0.23777652576487146,Act09,0.18776565746961027
12:47:05,Act06,0.23777652576487146,Act09,0.18776565746961027
12:47:06,Act06,0.23777652576487146,Act09,0.18776565746961027
12:47:07,Act06,0.23777652576487146,Act09,0.18776565746961027
12:47:08,Act06,0.23777652576487146,Act09,0.18776565746961027
12:47:09,Act06,0.23777652576487146,Act09,0.18776565746961027
12:47:10,Act06,0.23777652576487146,Act09,0.18776565746961027
12:47:11,Act06,0.23777652576487146,Act09,0.18776565746961027
12:47:12,Act06,0.23777652576487146,Act09,0.18776565746961027
12:47:13,Act06,0.23777652576487146,Act09,0.18776565746961027
12:47:14,Act06,0.23777652576487146,Act09,0.18776565746961027
12:47:15,Act03,0.6612478125116414,Act08,0.10770085796957707
12:47:16,Act03,0.6612478125116414,Act08,0.10770085796957707
12:47:17,Act06,0.23777652576487146,Act09,0.18776565746961027
12:47:18,Act06,0.23777652576487146,Act09,0.18776565746961027
12:47:19,Act03,0.9330957294576895,Act06,0.04657803617888767
12:47:20,Act03,0.9330957294576895,Act06,0.04657803617888767
12:47:21,Act03,0.9838298195519003,Act15,0.011374918156334284
12:47:22,Act03,0.9330957294576895,Act06,0.04657803617888767
12:47:23,Act03,0.9838298195519003,Act15,0.011374918156334284
12:47:24,Act03,0.9330957294576895,Act06,0.04657803617888767
12:47:25,Act03,0.9330957294576895,Act06,0.04657803617888767
12:47:26,Act06,0.23777652576487146,Act09,0.18776565746961027
12:47:27,Act06,0.23777652576487146,Act09,0.18776565746961027
12:47:28,Act06,0.23777652576487146,Act09,0.18776565746961027
12:47:29,Act03,0.9330957294576895,Act06,0.04657803617888767
12:47:30,Act06,0.23777652576487146,Act09,0.18776565746961027
12:47:31,Act06,0.23777652576487146,Act09,0.18776565746961027
12:47:32,Act06,0.23777652576487146,Act09,0.18776565746961027
12:47:33,Act03,0.9330957294576895,Act06,0.04657803617888767
12:47:34,Act06,0.23777652576487146,Act09,0.18776565746961027
12:47:35,Act03,0.9330957294576895,Act06,0.04657803617888767
12:47:36,Act03,0.9330957294576895,Act06,0.04657803617888767
12:47:37,Act03,0.9330957294576895,Act06,0.04657803617888767
12:47:38,Act03,0.9330957294576895,Act06,0.04657803617888767
12:47:39,Act03,0.9330957294576895,Act06,0.04657803617888767
12:47:40,Act03,0.9330957294576895,Act06,0.04657803617888767
12:47:41,Act03,0.9330957294576895,Act06,0.04657803617888767
12:47:42,Act03,0.9330957294576895,Act06,0.04657803617888767
12:47:43,Act03,0.9330957294576895,Act06,0.04657803617888767
12:47:44,Act03,0.9330957294576895,Act06,0.04657803617888767
12:47:45,Act03,0.9330957294576895,Act06,0.04657803617888767
12:47:46,Act06,0.23777652576487146,Act09,0.18776565746961027
12:47:47,Act06,0.23777652576487146,Act09,0.18776565746961027
12:47:48,Act03,0.9330957294576895,Act06,0.04657803617888767
12:47:49,Act06,0.23777652576487146,Act09,0.18776565746961027
12:47:50,Act06,0.23777652576487146,Act09,0.18776565746961027
12:47:51,Act06,0.23777652576487146,Act09,0.18776565746961027
12:47:52,Act06,0.23777652576487146,Act09,0.18776565746961027
12:47:53,Act06,0.23777652576487146,Act09,0.18776565746961027
12:47:54,Act06,0.23777652576487146,Act09,0.18776565746961027
12:47:55,Act06,0.23777652576487146,Act09,0.18776565746961027
12:47:56,Act06,0.23777652576487146,Act09,0.18776565746961027
12:47:57,Act06,0.23777652576487146,Act09,0.18776565746961027
12:47:58,Act06,0.23777652576487146,Act09,0.18776565746961027
12:47:59,Act06,0.23777652576487146,Act09,0.18776565746961027
12:48:00,Act06,0.23777652576487146,Act09,0.18776565746961027
12:48:01,Act06,0.23777652576487146,Act09,0.18776565746961027
12:48:02,Act06,0.23777652576487146,Act09,0.18776565746961027
12:48:03,Act06,0.23777652576487146,Act09,0.18776565746961027
12:48:04,Act06,0.23777652576487146,Act09,0.18776565746961027
12:48:05,Act06,0.23777652576487146,Act09,0.18776565746961027
12:48:06,Act06,0.23777652576487146,Act09,0.18776565746961027
12:48:07,Act06,0.23777652576487146,Act09,0.18776565746961027
12:48:08,Act06,0.23777652576487146,Act09,0.18776565746961027
12:48:09,Act06,0.23777652576487146,Act09,0.18776565746961027
12:48:10,Act06,0.23777652576487146,Act09,0.18776565746961027
12:48:11,Act06,0.23777652576487146,Act09,0.18776565746961027
12:48:12,Act06,0.23777652576487146,Act09,0.18776565746961027
12:48:13,Act06,0.23777652576487146,Act09,0.18776565746961027
12:48:14,Act06,0.23777652576487146,Act09,0.18776565746961027
12:48:15,Act06,0.23777652576487146,Act09,0.18776565746961027
12:48:16,Act06,0.23777652576487146,Act09,0.18776565746961027
12:48:17,Act06,0.23777652576487146,Act09,0.18776565746961027
12:48:18,Act06,0.23777652576487146,Act09,0.18776565746961027
12:48:19,Act06,0.23777652576487146,Act09,0.18776565746961027
12:48:20,Act06,0.23777652576487146,Act09,0.18776565746961027
12:48:21,Act06,0.23777652576487146,Act09,0.18776565746961027
12:48:22,Act06,0.23777652576487146,Act09,0.18776565746961027
12:48:23,Act03,0.9330957294576895,Act06,0.04657803617888767
12:48:24,Act03,0.9330957294576895,Act06,0.04657803617888767
12:48:25,Act06,0.23777652576487146,Act09,0.18776565746961027
12:48:26,Act06,0.23777652576487146,Act09,0.18776565746961027
12:48:27,Act06,0.23777652576487146,Act09,0.18776565746961027
12:48:28,Act06,0.23777652576487146,Act09,0.18776565746961027
12:48:29,Act06,0.23777652576487146,Act09,0.18776565746961027
12:48:30,Act06,0.23777652576487146,Act09,0.18776565746961027
12:48:31,Act06,0.23777652576487146,Act09,0.18776565746961027
12:48:32,Act06,0.23777652576487146,Act09,0.18776565746961027
12:48:33,Act03,0.9330957294576895,Act06,0.04657803617888767
12:48:34,Act03,0.9330957294576895,Act06,0.04657803617888767
12:48:35,Act03,0.9330957294576895,Act06,0.04657803617888767
12:48:36,Act03,0.9330957294576895,Act06,0.04657803617888767
12:48:37,Act03,0.9330957294576895,Act06,0.04657803617888767
12:48:38,Act03,0.9330957294576895,Act06,0.04657803617888767
12:48:39,Act06,0.23777652576487146,Act09,0.18776565746961027
12:48:40,Act06,0.23777652576487146,Act09,0.18776565746961027
12:48:41,Act06,0.23777652576487146,Act09,0.18776565746961027
12:48:42,Act06,0.23777652576487146,Act09,0.18776565746961027
12:48:43,Act06,0.23777652576487146,Act09,0.18776565746961027
12:48:44,Act06,0.23777652576487146,Act09,0.18776565746961027
12:48:45,Act06,0.23777652576487146,Act09,0.18776565746961027
12:48:46,Act03,0.9330957294576895,Act06,0.04657803617888767
12:48:47,Act03,0.9330957294576895,Act06,0.04657803617888767
12:48:48,Act03,0.9838298195519003,Act15,0.011374918156334284
12:48:49,Act03,0.9838298195519003,Act15,0.011374918156334284
12:48:50,Act03,0.9330957294576895,Act06,0.04657803617888767
12:48:51,Act03,0.9330957294576895,Act06,0.04657803617888767
12:48:52,Act03,0.9330957294576895,Act06,0.04657803617888767
12:48:53,Act06,0.23777652576487146,Act09,0.18776565746961027
12:48:54,Act06,0.23777652576487146,Act09,0.18776565746961027
12:48:55,Act03,0.9330957294576895,Act06,0.04657803617888767
12:48:56,Act06,0.23777652576487146,Act09,0.18776565746961027
12:48:57,Act03,0.9330957294576895,Act06,0.04657803617888767
12:48:58,Act06,0.23777652576487146,Act09,0.18776565746961027
12:48:59,Act06,0.23777652576487146,Act09,0.18776565746961027
12:49:00,Act06,0.23777652576487146,Act09,0.18776565746961027
12:49:01,Act06,0.23777652576487146,Act09,0.18776565746961027
12:49:02,Act03,0.9330957294576895,Act06,0.04657803617888767
12:49:03,Act03,0.9330957294576895,Act06,0.04657803617888767
12:49:04,Act03,0.9330957294576895,Act06,0.04657803617888767
12:49:05,Act03,0.9330957294576895,Act06,0.04657803617888767
12:49:06,Act03,0.9330957294576895,Act06,0.04657803617888767
12:49:07,Act03,0.9330957294576895,Act06,0.04657803617888767
12:49:08,Act03,0.9330957294576895,Act06,0.04657803617888767
12:49:09,Act03,0.9330957294576895,Act06,0.04657803617888767
12:49:10,Act03,0.9330957294576895,Act06,0.04657803617888767
12:49:11,Act03,0.9330957294576895,Act06,0.04657803617888767
12:49:12,Act03,0.9330957294576895,Act06,0.04657803617888767
12:49:13,Act03,0.9308000364247996,Act08,0.05035216493916983
12:49:14,Act03,0.9308000364247996,Act08,0.05035216493916983
12:49:15,Act03,0.9330957294576895,Act06,0.04657803617888767
12:49:16,Act03,0.9330957294576895,Act06,0.04657803617888767
12:49:17,Act03,0.9330957294576895,Act06,0.04657803617888767
12:49:18,Act06,0.23777652576487146,Act09,0.18776565746961027
12:49:19,Act06,0.23777652576487146,Act09,0.18776565746961027
12:49:20,Act03,0.9330957294576895,Act06,0.04657803617888767
12:49:21,Act03,0.9308000364247996,Act08,0.05035216493916983
12:49:22,Act03,0.9308000364247996,Act08,0.05035216493916983
12:49:23,Act03,0.9330957294576895,Act06,0.04657803617888767
12:49:24,Act03,0.9330957294576895,Act06,0.04657803617888767
12:49:25,Act03,0.9330957294576895,Act06,0.04657803617888767
12:49:26,Act03,0.9330957294576895,Act06,0.04657803617888767
12:49:27,Act03,0.9330957294576895,Act06,0.04657803617888767
12:49:28,Act03,0.9330957294576895,Act06,0.04657803617888767
12:49:29,Act03,0.9330957294576895,Act06,0.04657803617888767
12:49:30,Act03,0.9330957294576895,Act06,0.04657803617888767
12:49:31,Act03,0.9330957294576895,Act06,0.04657803617888767
12:49:32,Act03,0.9330957294576895,Act06,0.04657803617888767
12:49:33,Act03,0.9330957294576895,Act06,0.04657803617888767
12:49:34,Act03,0.9330957294576895,Act06,0.04657803617888767
12:49:35,Act03,0.9330957294576895,Act06,0.04657803617888767
12:49:36,Act03,0.9330957294576895,Act06,0.04657803617888767
12:49:37,Act06,0.23777652576487146,Act09,0.18776565746961027
12:49:38,Act03,0.9330957294576895,Act06,0.04657803617888767
12:49:39,Act06,0.23777652576487146,Act09,0.18776565746961027
12:49:40,Act06,0.23777652576487146,Act09,0.18776565746961027
12:49:41,Act06,0.23777652576487146,Act09,0.18776565746961027
12:49:42,Act06,0.23777652576487146,Act09,0.18776565746961027
12:49:43,Act06,0.23777652576487146,Act09,0.18776565746961027
12:49:44,Act06,0.23777652576487146,Act09,0.18776565746961027
12:49:45,Act06,0.23777652576487146,Act09,0.18776565746961027
12:49:46,Act06,0.23777652576487146,Act09,0.18776565746961027
12:49:47,Act06,0.23777652576487146,Act09,0.18776565746961027
12:49:48,Act06,0.23777652576487146,Act09,0.18776565746961027
12:49:49,Act06,0.23777652576487146,Act09,0.18776565746961027
12:49:50,Act06,0.23777652576487146,Act09,0.18776565746961027
12:49:51,Act06,0.23777652576487146,Act09,0.18776565746961027
12:49:52,Act06,0.23777652576487146,Act09,0.18776565746961027
12:49:53,Act06,0.23777652576487146,Act09,0.18776565746961027
12:49:54,Act06,0.23777652576487146,Act09,0.18776565746961027
12:49:55,Act06,0.23777652576487146,Act09,0.18776565746961027
12:49:56,Act06,0.23777652576487146,Act09,0.18776565746961027
12:49:57,Act06,0.23777652576487146,Act09,0.18776565746961027
12:49:58,Act06,0.23777652576487146,Act09,0.18776565746961027
12:49:59,Act06,0.23777652576487146,Act09,0.18776565746961027
12:50:00,Act06,0.23777652576487146,Act09,0.18776565746961027
12:50:01,Act06,0.23777652576487146,Act09,0.18776565746961027
12:50:02,Act06,0.23777652576487146,Act09,0.18776565746961027
12:50:03,Act06,0.23777652576487146,Act09,0.18776565746961027
12:50:04,Act06,0.23777652576487146,Act09,0.18776565746961027
12:50:05,Act06,0.23777652576487146,Act09,0.18776565746961027
12:50:06,Act06,0.23777652576487146,Act09,0.18776565746961027
12:50:07,Act03,0.9330957294576895,Act06,0.04657803617888767
12:50:08,Act03,0.9330957294576895,Act06,0.04657803617888767
12:50:09,Act03,0.9330957294576895,Act06,0.04657803617888767
12:50:10,Act03,0.9330957294576895,Act06,0.04657803617888767
12:50:11,Act03,0.9330957294576895,Act06,0.04657803617888767
12:50:12,Act06,0.23777652576487146,Act09,0.18776565746961027
12:50:13,Act06,0.23777652576487146,Act09,0.18776565746961027
12:50:14,Act06,0.23777652576487146,Act09,0.18776565746961027
12:50:15,Act06,0.23777652576487146,Act09,0.18776565746961027
12:50:16,Act06,0.23777652576487146,Act09,0.18776565746961027
12:50:17,Act06,0.23777652576487146,Act09,0.18776565746961027
12:50:18,Act06,0.23777652576487146,Act09,0.18776565746961027
12:50:19,Act06,0.23777652576487146,Act09,0.18776565746961027
12:50:20,Act03,0.9330957294576895,Act06,0.04657803617888767
12:50:21,Act03,0.9330957294576895,Act06,0.04657803617888767
12:50:22,Act03,0.9330957294576895,Act06,0.04657803617888767
12:50:23,Act06,0.23777652576487146,Act09,0.18776565746961027
12:50:24,Act03,0.9330957294576895,Act06,0.04657803617888767
12:50:25,Act03,0.9330957294576895,Act06,0.04657803617888767
12:50:26,Act06,0.23777652576487146,Act09,0.18776565746961027
12:50:27,Act03,0.9330957294576895,Act06,0.04657803617888767
12:50:28,Act03,0.9330957294576895,Act06,0.04657803617888767
12:50:29,Act06,0.23777652576487146,Act09,0.18776565746961027
12:50:30,Act06,0.23777652576487146,Act09,0.18776565746961027
12:50:31,Act06,0.23777652576487146,Act09,0.18776565746961027
12:50:32,Act06,0.23777652576487146,Act09,0.18776565746961027
12:50:33,Act06,0.23777652576487146,Act09,0.18776565746961027
12:50:34,Act06,0.23777652576487146,Act09,0.18776565746961027
12:50:35,Act06,0.23777652576487146,Act09,0.18776565746961027
12:50:36,Act06,0.23777652576487146,Act09,0.18776565746961027
12:50:37,Act06,0.23777652576487146,Act09,0.18776565746961027
12:50:38,Act06,0.23777652576487146,Act09,0.18776565746961027
12:50:39,Act06,0.23777652576487146,Act09,0.18776565746961027
12:50:40,Act06,0.23777652576487146,Act09,0.18776565746961027
12:50:41,Act06,0.23777652576487146,Act09,0.18776565746961027
12:50:42,Act06,0.23777652576487146,Act09,0.18776565746961027
12:50:43,Act06,0.23777652576487146,Act09,0.18776565746961027
12:50:44,Act03,0.9330957294576895,Act06,0.04657803617888767
12:50:45,Act03,0.9330957294576895,Act06,0.04657803617888767
12:50:46,Act03,0.9330957294576895,Act06,0.04657803617888767
12:50:47,Act06,0.23777652576487146,Act09,0.18776565746961027
12:50:48,Act06,0.23777652576487146,Act09,0.18776565746961027
12:50:49,Act06,0.23777652576487146,Act09,0.18776565746961027
12:50:50,Act06,0.23777652576487146,Act09,0.18776565746961027
12:50:51,Act06,0.23777652576487146,Act09,0.18776565746961027
12:50:52,Act03,0.9330957294576895,Act06,0.04657803617888767
12:50:53,Act03,0.9330957294576895,Act06,0.04657803617888767
12:50:54,Act03,0.9330957294576895,Act06,0.04657803617888767
12:50:55,Act06,0.23777652576487146,Act09,0.18776565746961027
12:50:56,Act06,0.23777652576487146,Act09,0.18776565746961027
12:50:57,Act06,0.23777652576487146,Act09,0.18776565746961027
12:50:58,Act06,0.23777652576487146,Act09,0.18776565746961027
12:50:59,Act06,0.23777652576487146,Act09,0.18776565746961027
12:51:00,Act06,0.23777652576487146,Act09,0.18776565746961027
12:51:01,Act03,0.9330957294576895,Act06,0.04657803617888767
12:51:02,Act06,0.23777652576487146,Act09,0.18776565746961027
12:51:03,Act03,0.9838298195519003,Act15,0.011374918156334284
12:51:04,Act03,0.9838298195519003,Act15,0.011374918156334284
12:51:05,Act03,0.9838298195519003,Act15,0.011374918156334284
12:51:06,Act03,0.9838298195519003,Act15,0.011374918156334284
12:51:07,Act03,0.9917190427396456,Act08,0.00828095726035439
12:51:08,Act03,0.9838298195519003,Act15,0.011374918156334284
12:51:09,Act03,0.9330957294576895,Act06,0.04657803617888767
12:51:10,Act06,0.23777652576487146,Act09,0.18776565746961027
12:51:11,Act06,0.23777652576487146,Act09,0.18776565746961027
12:51:12,Act06,0.23777652576487146,Act09,0.18776565746961027
12:51:13,Act06,0.23777652576487146,Act09,0.18776565746961027
12:51:14,Act06,0.23777652576487146,Act09,0.18776565746961027
12:51:15,Act06,0.23777652576487146,Act09,0.18776565746961027
12:51:16,Act03,0.6612478125116414,Act08,0.10770085796957707
12:51:17,Act03,0.6612478125116414,Act08,0.10770085796957707
12:51:18,Act03,0.9308000364247996,Act08,0.05035216493916983
12:51:19,Act03,0.9308000364247996,Act08,0.05035216493916983
12:51:20,Act03,0.9308000364247996,Act08,0.05035216493916983
12:51:21,Act03,0.9308000364247996,Act08,0.05035216493916983
12:51:22,Act03,0.9308000364247996,Act08,0.05035216493916983
12:51:23,Act03,0.6612478125116414,Act08,0.10770085796957707
12:51:24,Act03,0.9308000364247996,Act08,0.05035216493916983
12:51:25,Act06,0.23777652576487146,Act09,0.18776565746961027
12:51:26,Act06,0.23777652576487146,Act09,0.18776565746961027
12:51:27,Act06,0.23777652576487146,Act09,0.18776565746961027
12:51:28,Act03,0.9330957294576895,Act06,0.04657803617888767
12:51:29,Act06,0.23777652576487146,Act09,0.18776565746961027
12:51:30,Act06,0.23777652576487146,Act09,0.18776565746961027
12:51:31,Act03,0.9330957294576895,Act06,0.04657803617888767
12:51:32,Act03,0.9308000364247996,Act08,0.05035216493916983
12:51:33,Act03,0.9308000364247996,Act08,0.05035216493916983
12:51:34,Act03,0.9308000364247996,Act08,0.05035216493916983
12:51:35,Act03,0.9308000364247996,Act08,0.05035216493916983
12:51:36,Act03,0.9308000364247996,Act08,0.05035216493916983
12:51:37,Act03,0.9308000364247996,Act08,0.05035216493916983
12:51:38,Act03,0.9308000364247996,Act08,0.05035216493916983
12:51:39,Act03,0.9308000364247996,Act08,0.05035216493916983
12:51:40,Act03,0.9308000364247996,Act08,0.05035216493916983
12:51:41,Act03,0.9330957294576895,Act06,0.04657803617888767
12:51:42,Act06,0.23777652576487146,Act09,0.18776565746961027
12:51:43,Act03,0.9308000364247996,Act08,0.05035216493916983
12:51:44,Act03,0.9308000364247996,Act08,0.05035216493916983
12:51:45,Act03,0.9308000364247996,Act08,0.05035216493916983
12:51:46,Act03,0.9308000364247996,Act08,0.05035216493916983
12:51:47,Act03,0.8144496502321585,Act08,0.10108105517517686
12:51:48,Act03,0.8144496502321585,Act08,0.10108105517517686
12:51:49,Act03,0.2949374571594773,Act08,0.22750411011406765
12:51:50,Act03,0.2949374571594773,Act08,0.22750411011406765
12:51:51,Act03,0.2949374571594773,Act08,0.22750411011406765
12:51:52,Act03,0.2949374571594773,Act08,0.22750411011406765
12:51:53,Act03,0.2949374571594773,Act08,0.22750411011406765
12:51:54,Act03,0.2949374571594773,Act08,0.22750411011406765
12:51:55,Act20,0.3606268781616602,Act03,0.15971087123090877
12:51:56,Act06,0.23777652576487146,Act09,0.18776565746961027
12:51:57,Act06,0.23777652576487146,Act09,0.18776565746961027
12:51:58,Act06,0.23777652576487146,Act09,0.18776565746961027
12:51:59,Act06,0.23777652576487146,Act09,0.18776565746961027
12:52:00,Act06,0.23777652576487146,Act09,0.18776565746961027
12:52:01,Act06,0.23777652576487146,Act09,0.18776565746961027
12:52:02,Act06,0.23777652576487146,Act09,0.18776565746961027
12:52:03,Act06,0.23777652576487146,Act09,0.18776565746961027
12:52:04,Act06,0.23777652576487146,Act09,0.18776565746961027
12:52:05,Act06,0.23777652576487146,Act09,0.18776565746961027
12:52:06,Act06,0.23777652576487146,Act09,0.18776565746961027
12:52:07,Act06,0.23777652576487146,Act09,0.18776565746961027
12:52:08,Act06,0.23777652576487146,Act09,0.18776565746961027
12:52:09,Act20,0.3606268781616602,Act03,0.15971087123090877
12:52:10,Act20,0.3606268781616602,Act03,0.15971087123090877
12:52:11,Act20,0.3606268781616602,Act03,0.15971087123090877
12:52:12,Act03,0.2949374571594773,Act08,0.22750411011406765
12:52:13,Act03,0.2949374571594773,Act08,0.22750411011406765
12:52:14,Act03,0.2949374571594773,Act08,0.22750411011406765
12:52:15,Act03,0.2949374571594773,Act08,0.22750411011406765
12:52:16,Act03,0.2949374571594773,Act08,0.22750411011406765
12:52:17,Act03,0.6612478125116414,Act08,0.10770085796957707
12:52:18,Act06,0.23777652576487146,Act09,0.18776565746961027
12:52:19,Act03,0.9308000364247996,Act08,0.05035216493916983
12:52:20,Act03,0.8144496502321585,Act08,0.10108105517517686
12:52:21,Act03,0.8144496502321585,Act08,0.10108105517517686
12:52:22,Act03,0.8144496502321585,Act08,0.10108105517517686
12:52:23,Act03,0.2949374571594773,Act08,0.22750411011406765
12:52:24,Act03,0.2949374571594773,Act08,0.22750411011406765
12:52:25,Act03,0.2949374571594773,Act08,0.22750411011406765
12:52:26,Act20,0.3606268781616602,Act03,0.15971087123090877
12:52:27,Act06,0.23777652576487146,Act09,0.18776565746961027
12:52:28,Act06,0.23777652576487146,Act09,0.18776565746961027
12:52:29,Act08,0.7423804028961706,Act18,0.2576195971038295
12:52:30,Act08,0.7423804028961706,Act18,0.2576195971038295
12:52:31,Act06,0.23777652576487146,Act09,0.18776565746961027
12:52:32,Act06,0.23777652576487146,Act09,0.18776565746961027
12:52:33,Act06,0.23777652576487146,Act09,0.18776565746961027
12:52:34,Act06,0.23777652576487146,Act09,0.18776565746961027
12:52:35,Act06,0.23777652576487146,Act09,0.18776565746961027
12:52:36,Act06,0.23777652576487146,Act09,0.18776565746961027
12:52:37,Act06,0.23777652576487146,Act09,0.18776565746961027
12:52:38,Act03,0.9330957294576895,Act06,0.04657803617888767
12:52:39,Act03,0.9330957294576895,Act06,0.04657803617888767
12:52:40,Act06,0.23777652576487146,Act09,0.18776565746961027
12:52:41,Act06,0.23777652576487146,Act09,0.18776565746961027
12:52:42,Act06,0.23777652576487146,Act09,0.18776565746961027
12:52:43,Act06,0.23777652576487146,Act09,0.18776565746961027
12:52:44,Act08,0.7423804028961706,Act18,0.2576195971038295
12:52:45,Act08,0.7423804028961706,Act18,0.2576195971038295
12:52:46,Act06,0.23777652576487146,Act09,0.18776565746961027
12:52:47,Act06,0.23777652576487146,Act09,0.18776565746961027
12:52:48,Act06,0.23777652576487146,Act09,0.18776565746961027
12:52:49,Act06,0.23777652576487146,Act09,0.18776565746961027
12:52:50,Act06,0.23777652576487146,Act09,0.18776565746961027
12:52:51,Act06,0.23777652576487146,Act09,0.18776565746961027
12:52:52,Act06,0.23777652576487146,Act09,0.18776565746961027
12:52:53,Act06,0.23777652576487146,Act09,0.18776565746961027
12:52:54,Act06,0.23777652576487146,Act09,0.18776565746961027
12:52:55,Act06,0.23777652576487146,Act09,0.18776565746961027
12:52:56,Act06,0.23777652576487146,Act09,0.18776565746961027
12:52:57,Act06,0.23777652576487146,Act09,0.18776565746961027
12:52:58,Act06,0.23777652576487146,Act09,0.18776565746961027
12:52:59,Act06,0.23777652576487146,Act09,0.18776565746961027
12:53:00,Act06,0.23777652576487146,Act09,0.18776565746961027
12:53:01,Act06,0.23777652576487146,Act09,0.18776565746961027
12:53:02,Act06,0.23777652576487146,Act09,0.18776565746961027
12:53:03,Act06,0.23777652576487146,Act09,0.18776565746961027
12:53:04,Act06,0.23777652576487146,Act09,0.18776565746961027
12:53:05,Act06,0.23777652576487146,Act09,0.18776565746961027
12:53:06,Act06,0.23777652576487146,Act09,0.18776565746961027
12:53:07,Act06,0.23777652576487146,Act09,0.18776565746961027
12:53:08,Act06,0.23777652576487146,Act09,0.18776565746961027
12:53:09,Act06,0.23777652576487146,Act09,0.18776565746961027
12:53:10,Act06,0.23777652576487146,Act09,0.18776565746961027
12:53:11,Act06,0.23777652576487146,Act09,0.18776565746961027
12:53:12,Act06,0.23777652576487146,Act09,0.18776565746961027
12:53:13,Act06,0.23777652576487146,Act09,0.18776565746961027
12:53:14,Act03,0.9330957294576895,Act06,0.04657803617888767
12:53:15,Act03,0.9330957294576895,Act06,0.04657803617888767
12:53:16,Act06,0.23777652576487146,Act09,0.18776565746961027
12:53:17,Act06,0.23777652576487146,Act09,0.18776565746961027
12:53:18,Act06,0.23777652576487146,Act09,0.18776565746961027
12:53:19,Act06,0.23777652576487146,Act09,0.18776565746961027
12:53:20,Act06,0.23777652576487146,Act09,0.18776565746961027
12:53:21,Act06,0.23777652576487146,Act09,0.18776565746961027
12:53:22,Act06,0.23777652576487146,Act09,0.18776565746961027
12:53:23,Act06,0.23777652576487146,Act09,0.18776565746961027
12:53:24,Act06,0.23777652576487146,Act09,0.18776565746961027
12:53:25,Act06,0.23777652576487146,Act09,0.18776565746961027
12:53:26,Act06,0.23777652576487146,Act09,0.18776565746961027
12:53:27,Act06,0.23777652576487146,Act09,0.18776565746961027
12:53:28,Act06,0.23777652576487146,Act09,0.18776565746961027
12:53:29,Act06,0.23777652576487146,Act09,0.18776565746961027
12:53:30,Act06,0.23777652576487146,Act09,0.18776565746961027
12:53:31,Act06,0.23777652576487146,Act09,0.18776565746961027
12:53:32,Act06,0.23777652576487146,Act09,0.18776565746961027
12:53:33,Act06,0.23777652576487146,Act09,0.18776565746961027
12:53:34,Act06,0.23777652576487146,Act09,0.18776565746961027
12:53:35,Act06,0.23777652576487146,Act09,0.18776565746961027
12:53:36,Act06,0.23777652576487146,Act09,0.18776565746961027
12:53:37,Act06,0.23777652576487146,Act09,0.18776565746961027
12:53:38,Act06,0.23777652576487146,Act09,0.18776565746961027
12:53:39,Act06,0.23777652576487146,Act09,0.18776565746961027
12:53:40,Act06,0.23777652576487146,Act09,0.18776565746961027
12:53:41,Act06,0.23777652576487146,Act09,0.18776565746961027
12:53:42,Act06,0.23777652576487146,Act09,0.18776565746961027
12:53:43,Act06,0.23777652576487146,Act09,0.18776565746961027
12:53:44,Act06,0.23777652576487146,Act09,0.18776565746961027
12:53:45,Act06,0.23777652576487146,Act09,0.18776565746961027
12:53:46,Act06,0.23777652576487146,Act09,0.18776565746961027
12:53:47,Act06,0.23777652576487146,Act09,0.18776565746961027
12:53:48,Act06,0.23777652576487146,Act09,0.18776565746961027
12:53:49,Act06,0.23777652576487146,Act09,0.18776565746961027
12:53:50,Act06,0.23777652576487146,Act09,0.18776565746961027
12:53:51,Act06,0.23777652576487146,Act09,0.18776565746961027
12:53:52,Act06,0.23777652576487146,Act09,0.18776565746961027
12:53:53,Act06,0.23777652576487146,Act09,0.18776565746961027
12:53:54,Act06,0.23777652576487146,Act09,0.18776565746961027
12:53:55,Act06,0.23777652576487146,Act09,0.18776565746961027
12:53:56,Act06,0.23777652576487146,Act09,0.18776565746961027
12:53:57,Act06,0.23777652576487146,Act09,0.18776565746961027
12:53:58,Act06,0.23777652576487146,Act09,0.18776565746961027
12:53:59,Act06,0.23777652576487146,Act09,0.18776565746961027
12:54:00,Act06,0.23777652576487146,Act09,0.18776565746961027
12:54:01,Act06,0.23777652576487146,Act09,0.18776565746961027
12:54:02,Act06,0.23777652576487146,Act09,0.18776565746961027
12:54:03,Act06,0.23777652576487146,Act09,0.18776565746961027
12:54:04,Act06,0.23777652576487146,Act09,0.18776565746961027
12:54:05,Act06,0.23777652576487146,Act09,0.18776565746961027
12:54:06,Act06,0.23777652576487146,Act09,0.18776565746961027
12:54:07,Act06,0.23777652576487146,Act09,0.18776565746961027
12:54:08,Act06,0.23777652576487146,Act09,0.18776565746961027
12:54:09,Act06,0.23777652576487146,Act09,0.18776565746961027
12:54:10,Act06,0.23777652576487146,Act09,0.18776565746961027
12:54:11,Act06,0.23777652576487146,Act09,0.18776565746961027
12:54:12,Act06,0.23777652576487146,Act09,0.18776565746961027
12:54:13,Act06,0.23777652576487146,Act09,0.18776565746961027
12:54:14,Act06,0.23777652576487146,Act09,0.18776565746961027
12:54:15,Act06,0.23777652576487146,Act09,0.18776565746961027
12:54:16,Act06,0.23777652576487146,Act09,0.18776565746961027
12:54:17,Act06,0.23777652576487146,Act09,0.18776565746961027
12:54:18,Act06,0.23777652576487146,Act09,0.18776565746961027
12:54:19,Act06,0.23777652576487146,Act09,0.18776565746961027
12:54:20,Act06,0.23777652576487146,Act09,0.18776565746961027
12:54:21,Act06,0.23777652576487146,Act09,0.18776565746961027
12:54:22,Act06,0.23777652576487146,Act09,0.18776565746961027
12:54:23,Act06,0.23777652576487146,Act09,0.18776565746961027
12:54:24,Act06,0.23777652576487146,Act09,0.18776565746961027
12:54:25,Act06,0.23777652576487146,Act09,0.18776565746961027
12:54:26,Act06,0.23777652576487146,Act09,0.18776565746961027
12:54:27,Act06,0.23777652576487146,Act09,0.18776565746961027
12:54:28,Act06,0.23777652576487146,Act09,0.18776565746961027
12:54:29,Act06,0.23777652576487146,Act09,0.18776565746961027
12:54:30,Act06,0.23777652576487146,Act09,0.18776565746961027
12:54:31,Act06,0.23777652576487146,Act09,0.18776565746961027
12:54:32,Act06,0.23777652576487146,Act09,0.18776565746961027
12:54:33,Act06,0.23777652576487146,Act09,0.18776565746961027
12:54:34,Act06,0.23777652576487146,Act09,0.18776565746961027
12:54:35,Act06,0.23777652576487146,Act09,0.18776565746961027
12:54:36,Act06,0.23777652576487146,Act09,0.18776565746961027
12:54:37,Act06,0.23777652576487146,Act09,0.18776565746961027
12:54:38,Act06,0.23777652576487146,Act09,0.18776565746961027
12:54:39,Act06,0.23777652576487146,Act09,0.18776565746961027
12:54:40,Act06,0.23777652576487146,Act09,0.18776565746961027
12:54:41,Act06,0.23777652576487146,Act09,0.18776565746961027
12:54:42,Act06,0.23777652576487146,Act09,0.18776565746961027
12:54:43,Act06,0.23777652576487146,Act09,0.18776565746961027
12:54:44,Act06,0.23777652576487146,Act09,0.18776565746961027
12:54:45,Act06,0.23777652576487146,Act09,0.18776565746961027
12:54:46,Act06,0.23777652576487146,Act09,0.18776565746961027
12:54:47,Act06,0.23777652576487146,Act09,0.18776565746961027
12:54:48,Act06,0.23777652576487146,Act09,0.18776565746961027
12:54:49,Act06,0.23777652576487146,Act09,0.18776565746961027
12:54:50,Act06,0.23777652576487146,Act09,0.18776565746961027
12:54:51,Act06,0.23777652576487146,Act09,0.18776565746961027
12:54:52,Act06,0.23777652576487146,Act09,0.18776565746961027
12:54:53,Act06,0.23777652576487146,Act09,0.18776565746961027
12:54:54,Act06,0.23777652576487146,Act09,0.18776565746961027
12:54:55,Act06,0.23777652576487146,Act09,0.18776565746961027
12:54:56,Act06,0.23777652576487146,Act09,0.18776565746961027
12:54:57,Act06,0.23777652576487146,Act09,0.18776565746961027
12:54:58,Act06,0.23777652576487146,Act09,0.18776565746961027
12:54:59,Act06,0.23777652576487146,Act09,0.18776565746961027
12:55:00,Act06,0.23777652576487146,Act09,0.18776565746961027
12:55:01,Act06,0.23777652576487146,Act09,0.18776565746961027
12:55:02,Act06,0.23777652576487146,Act09,0.18776565746961027
12:55:03,Act06,0.23777652576487146,Act09,0.18776565746961027
12:55:04,Act06,0.23777652576487146,Act09,0.18776565746961027
12:55:05,Act06,0.23777652576487146,Act09,0.18776565746961027
12:55:06,Act06,0.23777652576487146,Act09,0.18776565746961027
12:55:07,Act06,0.23777652576487146,Act09,0.18776565746961027
12:55:08,Act06,0.23777652576487146,Act09,0.18776565746961027
12:55:09,Act06,0.23777652576487146,Act09,0.18776565746961027
12:55:10,Act06,0.23777652576487146,Act09,0.18776565746961027
12:55:11,Act06,0.23777652576487146,Act09,0.18776565746961027
12:55:12,Act06,0.23777652576487146,Act09,0.18776565746961027
12:55:13,Act06,0.23777652576487146,Act09,0.18776565746961027
12:55:14,Act06,0.23777652576487146,Act09,0.18776565746961027
12:55:15,Act06,0.23777652576487146,Act09,0.18776565746961027
12:55:16,Act06,0.23777652576487146,Act09,0.18776565746961027
12:55:17,Act06,0.23777652576487146,Act09,0.18776565746961027
12:55:18,Act06,0.23777652576487146,Act09,0.18776565746961027
12:55:19,Act06,0.23777652576487146,Act09,0.18776565746961027
12:55:20,Act06,0.23777652576487146,Act09,0.18776565746961027
12:55:21,Act06,0.23777652576487146,Act09,0.18776565746961027
12:55:22,Act06,0.23777652576487146,Act09,0.18776565746961027
12:55:23,Act06,0.23777652576487146,Act09,0.18776565746961027
12:55:24,Act06,0.23777652576487146,Act09,0.18776565746961027
12:55:25,Act06,0.23777652576487146,Act09,0.18776565746961027
12:55:26,Act06,0.23777652576487146,Act09,0.18776565746961027
12:55:27,Act06,0.23777652576487146,Act09,0.18776565746961027
12:55:28,Act06,0.23777652576487146,Act09,0.18776565746961027
12:55:29,Act06,0.23777652576487146,Act09,0.18776565746961027
12:55:30,Act06,0.23777652576487146,Act09,0.18776565746961027
12:55:31,Act06,0.23777652576487146,Act09,0.18776565746961027
12:55:32,Act06,0.23777652576487146,Act09,0.18776565746961027
12:55:33,Act06,0.23777652576487146,Act09,0.18776565746961027
12:55:34,Act06,0.23777652576487146,Act09,0.18776565746961027
12:55:35,Act06,0.23777652576487146,Act09,0.18776565746961027
12:55:36,Act06,0.23777652576487146,Act09,0.18776565746961027
12:55:37,Act06,0.23777652576487146,Act09,0.18776565746961027
12:55:38,Act06,0.23777652576487146,Act09,0.18776565746961027
12:55:39,Act06,0.23777652576487146,Act09,0.18776565746961027
12:55:40,Act06,0.23777652576487146,Act09,0.18776565746961027
12:55:41,Act06,0.23777652576487146,Act09,0.18776565746961027
12:55:42,Act06,0.23777652576487146,Act09,0.18776565746961027
12:55:43,Act06,0.23777652576487146,Act09,0.18776565746961027
12:55:44,Act06,0.23777652576487146,Act09,0.18776565746961027
12:55:45,Act06,0.23777652576487146,Act09,0.18776565746961027
12:55:46,Act06,0.23777652576487146,Act09,0.18776565746961027
12:55:47,Act06,0.23777652576487146,Act09,0.18776565746961027
12:55:48,Act06,0.23777652576487146,Act09,0.18776565746961027
12:55:49,Act06,0.23777652576487146,Act09,0.18776565746961027
12:55:50,Act06,0.23777652576487146,Act09,0.18776565746961027
12:55:51,Act06,0.23777652576487146,Act09,0.18776565746961027
12:55:52,Act06,0.23777652576487146,Act09,0.18776565746961027
12:55:53,Act06,0.23777652576487146,Act09,0.18776565746961027
12:55:54,Act06,0.23777652576487146,Act09,0.18776565746961027
12:55:55,Act06,0.23777652576487146,Act09,0.18776565746961027
12:55:56,Act06,0.23777652576487146,Act09,0.18776565746961027
12:55:57,Act06,0.23777652576487146,Act09,0.18776565746961027
12:55:58,Act06,0.23777652576487146,Act09,0.18776565746961027
12:55:59,Act06,0.23777652576487146,Act09,0.18776565746961027
12:56:00,Act06,0.23777652576487146,Act09,0.18776565746961027
12:56:01,Act06,0.23777652576487146,Act09,0.18776565746961027
12:56:02,Act06,0.23777652576487146,Act09,0.18776565746961027
12:56:03,Act06,0.23777652576487146,Act09,0.18776565746961027
12:56:04,Act06,0.23777652576487146,Act09,0.18776565746961027
12:56:05,Act06,0.23777652576487146,Act09,0.18776565746961027
12:56:06,Act06,0.23777652576487146,Act09,0.18776565746961027
12:56:07,Act06,0.23777652576487146,Act09,0.18776565746961027
12:56:08,Act06,0.23777652576487146,Act09,0.18776565746961027
12:56:09,Act06,0.23777652576487146,Act09,0.18776565746961027
12:56:10,Act06,0.23777652576487146,Act09,0.18776565746961027
12:56:11,Act06,0.23777652576487146,Act09,0.18776565746961027
12:56:12,Act06,0.23777652576487146,Act09,0.18776565746961027
12:56:13,Act06,0.23777652576487146,Act09,0.18776565746961027
12:56:14,Act06,0.23777652576487146,Act09,0.18776565746961027
12:56:15,Act06,0.23777652576487146,Act09,0.18776565746961027
12:56:16,Act06,0.23777652576487146,Act09,0.18776565746961027
12:56:17,Act06,0.23777652576487146,Act09,0.18776565746961027
12:56:18,Act06,0.23777652576487146,Act09,0.18776565746961027
12:56:19,Act06,0.23777652576487146,Act09,0.18776565746961027
12:56:20,Act06,0.23777652576487146,Act09,0.18776565746961027
12:56:21,Act06,0.23777652576487146,Act09,0.18776565746961027
12:56:22,Act06,0.23777652576487146,Act09,0.18776565746961027
12:56:23,Act06,0.23777652576487146,Act09,0.18776565746961027
12:56:24,Act06,0.23777652576487146,Act09,0.18776565746961027
12:56:25,Act06,0.23777652576487146,Act09,0.18776565746961027
12:56:26,Act06,0.23777652576487146,Act09,0.18776565746961027
12:56:27,Act06,0.23777652576487146,Act09,0.18776565746961027
12:56:28,Act06,0.23777652576487146,Act09,0.18776565746961027
12:56:29,Act06,0.23777652576487146,Act09,0.18776565746961027
12:56:30,Act06,0.23777652576487146,Act09,0.18776565746961027
12:56:31,Act06,0.23777652576487146,Act09,0.18776565746961027
12:56:32,Act06,0.23777652576487146,Act09,0.18776565746961027
12:56:33,Act06,0.23777652576487146,Act09,0.18776565746961027
12:56:34,Act06,0.23777652576487146,Act09,0.18776565746961027
12:56:35,Act06,0.23777652576487146,Act09,0.18776565746961027
12:56:36,Act06,0.23777652576487146,Act09,0.18776565746961027
12:56:37,Act06,0.23777652576487146,Act09,0.18776565746961027
12:56:38,Act06,0.23777652576487146,Act09,0.18776565746961027
12:56:39,Act06,0.23777652576487146,Act09,0.18776565746961027
12:56:40,Act06,0.23777652576487146,Act09,0.18776565746961027
12:56:41,Act06,0.23777652576487146,Act09,0.18776565746961027
12:56:42,Act06,0.23777652576487146,Act09,0.18776565746961027
12:56:43,Act06,0.23777652576487146,Act09,0.18776565746961027
12:56:44,Act06,0.23777652576487146,Act09,0.18776565746961027
12:56:45,Act06,0.23777652576487146,Act09,0.18776565746961027
12:56:46,Act06,0.23777652576487146,Act09,0.18776565746961027
12:56:47,Act06,0.23777652576487146,Act09,0.18776565746961027
12:56:48,Act06,0.23777652576487146,Act09,0.18776565746961027
12:56:49,Act06,0.23777652576487146,Act09,0.18776565746961027
12:56:50,Act06,0.23777652576487146,Act09,0.18776565746961027
12:56:51,Act06,0.23777652576487146,Act09,0.18776565746961027
12:56:52,Act06,0.23777652576487146,Act09,0.18776565746961027
12:56:53,Act06,0.23777652576487146,Act09,0.18776565746961027
12:56:54,Act06,0.23777652576487146,Act09,0.18776565746961027
12:56:55,Act06,0.23777652576487146,Act09,0.18776565746961027
12:56:56,Act06,0.23777652576487146,Act09,0.18776565746961027
12:56:57,Act06,0.23777652576487146,Act09,0.18776565746961027
12:56:58,Act06,0.23777652576487146,Act09,0.18776565746961027
12:56:59,Act06,0.23777652576487146,Act09,0.18776565746961027
12:57:00,Act06,0.23777652576487146,Act09,0.18776565746961027
12:57:01,Act06,0.23777652576487146,Act09,0.18776565746961027
12:57:02,Act06,0.23777652576487146,Act09,0.18776565746961027
12:57:03,Act06,0.23777652576487146,Act09,0.18776565746961027
12:57:04,Act06,0.23777652576487146,Act09,0.18776565746961027
12:57:05,Act06,0.23777652576487146,Act09,0.18776565746961027
12:57:06,Act06,0.23777652576487146,Act09,0.18776565746961027
12:57:07,Act06,0.23777652576487146,Act09,0.18776565746961027
12:57:08,Act06,0.23777652576487146,Act09,0.18776565746961027
12:57:09,Act06,0.23777652576487146,Act09,0.18776565746961027
12:57:10,Act06,0.23777652576487146,Act09,0.18776565746961027
12:57:11,Act06,0.23777652576487146,Act09,0.18776565746961027
12:57:12,Act06,0.23777652576487146,Act09,0.18776565746961027
12:57:13,Act06,0.23777652576487146,Act09,0.18776565746961027
12:57:14,Act06,0.23777652576487146,Act09,0.18776565746961027
12:57:15,Act06,0.23777652576487146,Act09,0.18776565746961027
12:57:16,Act06,0.23777652576487146,Act09,0.18776565746961027
12:57:17,Act06,0.23777652576487146,Act09,0.18776565746961027
12:57:18,Act06,0.23777652576487146,Act09,0.18776565746961027
12:57:19,Act06,0.23777652576487146,Act09,0.18776565746961027
12:57:20,Act06,0.23777652576487146,Act09,0.18776565746961027
12:57:21,Act06,0.23777652576487146,Act09,0.18776565746961027
12:57:22,Act06,0.23777652576487146,Act09,0.18776565746961027
12:57:23,Act06,0.23777652576487146,Act09,0.18776565746961027
12:57:24,Act06,0.23777652576487146,Act09,0.18776565746961027
12:57:25,Act06,0.23777652576487146,Act09,0.18776565746961027
12:57:26,Act06,0.23777652576487146,Act09,0.18776565746961027
12:57:27,Act06,0.23777652576487146,Act09,0.18776565746961027
12:57:28,Act06,0.23777652576487146,Act09,0.18776565746961027
12:57:29,Act06,0.23777652576487146,Act09,0.18776565746961027
12:57:30,Act06,0.23777652576487146,Act09,0.18776565746961027
12:57:31,Act06,0.23777652576487146,Act09,0.18776565746961027
12:57:32,Act06,0.23777652576487146,Act09,0.18776565746961027
12:57:33,Act06,0.23777652576487146,Act09,0.18776565746961027
12:57:34,Act06,0.23777652576487146,Act09,0.18776565746961027
12:57:35,Act06,0.23777652576487146,Act09,0.18776565746961027
12:57:36,Act06,0.23777652576487146,Act09,0.18776565746961027
12:57:37,Act06,0.23777652576487146,Act09,0.18776565746961027
12:57:38,Act06,0.23777652576487146,Act09,0.18776565746961027
12:57:39,Act06,0.23777652576487146,Act09,0.18776565746961027
12:57:40,Act06,0.23777652576487146,Act09,0.18776565746961027
12:57:41,Act06,0.23777652576487146,Act09,0.18776565746961027
12:57:42,Act06,0.23777652576487146,Act09,0.18776565746961027
12:57:43,Act06,0.23777652576487146,Act09,0.18776565746961027
12:57:44,Act06,0.23777652576487146,Act09,0.18776565746961027
12:57:45,Act20,0.3606268781616602,Act03,0.15971087123090877
12:57:46,Act03,0.2949374571594773,Act08,0.22750411011406765
12:57:47,Act03,0.2949374571594773,Act08,0.22750411011406765
12:57:48,Act03,0.2949374571594773,Act08,0.22750411011406765
12:57:49,Act03,0.2949374571594773,Act08,0.22750411011406765
12:57:50,Act03,0.2949374571594773,Act08,0.22750411011406765
12:57:51,Act03,0.2949374571594773,Act08,0.22750411011406765
12:57:52,Act03,0.2949374571594773,Act08,0.22750411011406765
12:57:53,Act03,0.2949374571594773,Act08,0.22750411011406765
12:57:54,Act03,0.2949374571594773,Act08,0.22750411011406765
12:57:55,Act03,0.2949374571594773,Act08,0.22750411011406765
12:57:56,Act03,0.6612478125116414,Act08,0.10770085796957707
12:57:57,Act03,0.2949374571594773,Act08,0.22750411011406765
12:57:58,Act03,0.2949374571594773,Act08,0.22750411011406765
12:57:59,Act03,0.2949374571594773,Act08,0.22750411011406765
12:58:00,Act03,0.2949374571594773,Act08,0.22750411011406765
12:58:01,Act20,0.3606268781616602,Act03,0.15971087123090877
12:58:02,Act03,0.2949374571594773,Act08,0.22750411011406765
12:58:03,Act20,0.3606268781616602,Act03,0.15971087123090877
12:58:04,Act20,0.3606268781616602,Act03,0.15971087123090877
12:58:05,Act03,0.2949374571594773,Act08,0.22750411011406765
12:58:06,Act03,0.2949374571594773,Act08,0.22750411011406765
12:58:07,Act06,0.23777652576487146,Act09,0.18776565746961027
12:58:08,Act06,0.23777652576487146,Act09,0.18776565746961027
12:58:09,Act06,0.23777652576487146,Act09,0.18776565746961027
12:58:10,Act20,0.3606268781616602,Act03,0.15971087123090877
12:58:11,Act20,0.3606268781616602,Act03,0.15971087123090877
12:58:12,Act03,0.2949374571594773,Act08,0.22750411011406765
12:58:13,Act03,0.2949374571594773,Act08,0.22750411011406765
12:58:14,Act03,0.2949374571594773,Act08,0.22750411011406765
12:58:15,Act03,0.2949374571594773,Act08,0.22750411011406765
12:58:16,Act03,0.2949374571594773,Act08,0.22750411011406765
12:58:17,Act03,0.6612478125116414,Act08,0.10770085796957707
12:58:18,Act20,0.3606268781616602,Act03,0.15971087123090877
12:58:19,Act06,0.23777652576487146,Act09,0.18776565746961027
12:58:20,Act03,0.2949374571594773,Act08,0.22750411011406765
12:58:21,Act03,0.2949374571594773,Act08,0.22750411011406765
12:58:22,Act03,0.2949374571594773,Act08,0.22750411011406765
12:58:23,Act03,0.2949374571594773,Act08,0.22750411011406765
12:58:24,Act06,0.23777652576487146,Act09,0.18776565746961027
12:58:25,Act03,0.6612478125116414,Act08,0.10770085796957707
12:58:26,Act03,0.6612478125116414,Act08,0.10770085796957707
12:58:27,Act03,0.9308000364247996,Act08,0.05035216493916983
12:58:28,Act03,0.9308000364247996,Act08,0.05035216493916983
12:58:29,Act03,0.9308000364247996,Act08,0.05035216493916983
12:58:30,Act03,0.8144496502321585,Act08,0.10108105517517686
12:58:31,Act03,0.89394960383693,Act08,0.07309464725247425
12:58:32,Act03,0.8144496502321585,Act08,0.10108105517517686
12:58:33,Act03,0.6612478125116414,Act08,0.10770085796957707
12:58:34,Act03,0.6612478125116414,Act08,0.10770085796957707
12:58:35,Act03,0.6612478125116414,Act08,0.10770085796957707
12:58:36,Act06,0.23777652576487146,Act09,0.18776565746961027
12:58:37,Act06,0.23777652576487146,Act09,0.18776565746961027
12:58:38,Act06,0.23777652576487146,Act09,0.18776565746961027
12:58:39,Act06,0.23777652576487146,Act09,0.18776565746961027
12:58:40,Act06,0.23777652576487146,Act09,0.18776565746961027
12:58:41,Act03,0.9330957294576895,Act06,0.04657803617888767
12:58:42,Act03,0.89394960383693,Act08,0.07309464725247425
12:58:43,Act03,0.8144496502321585,Act08,0.10108105517517686
12:58:44,Act03,0.8144496502321585,Act08,0.10108105517517686
12:58:45,Act03,0.9308000364247996,Act08,0.05035216493916983
12:58:46,Act03,0.9308000364247996,Act08,0.05035216493916983
12:58:47,Act03,0.2949374571594773,Act08,0.22750411011406765
12:58:48,Act03,0.2949374571594773,Act08,0.22750411011406765
12:58:49,Act03,0.8144496502321585,Act08,0.10108105517517686
12:58:50,Act03,0.9308000364247996,Act08,0.05035216493916983
12:58:51,Act03,0.2949374571594773,Act08,0.22750411011406765
12:58:52,Act03,0.2949374571594773,Act08,0.22750411011406765
12:58:53,Act03,0.2949374571594773,Act08,0.22750411011406765
12:58:54,Act03,0.2949374571594773,Act08,0.22750411011406765
12:58:55,Act03,0.2949374571594773,Act08,0.22750411011406765
12:58:56,Act06,0.23777652576487146,Act09,0.18776565746961027
12:58:57,Act06,0.23777652576487146,Act09,0.18776565746961027
12:58:58,Act06,0.23777652576487146,Act09,0.18776565746961027
12:58:59,Act06,0.23777652576487146,Act09,0.18776565746961027
12:59:00,Act06,0.23777652576487146,Act09,0.18776565746961027
12:59:01,Act06,0.23777652576487146,Act09,0.18776565746961027
12:59:02,Act06,0.23777652576487146,Act09,0.18776565746961027
12:59:03,Act06,0.23777652576487146,Act09,0.18776565746961027
12:59:04,Act06,0.23777652576487146,Act09,0.18776565746961027
12:59:05,Act20,0.3606268781616602,Act03,0.15971087123090877
12:59:06,Act06,0.23777652576487146,Act09,0.18776565746961027
12:59:07,Act06,0.23777652576487146,Act09,0.18776565746961027
12:59:08,Act06,0.23777652576487146,Act09,0.18776565746961027
12:59:09,Act03,0.2949374571594773,Act08,0.22750411011406765
12:59:10,Act03,0.2949374571594773,Act08,0.22750411011406765
12:59:11,Act03,0.2949374571594773,Act08,0.22750411011406765
12:59:12,Act03,0.2949374571594773,Act08,0.22750411011406765
12:59:13,Act03,0.2949374571594773,Act08,0.22750411011406765
12:59:14,Act03,0.2949374571594773,Act08,0.22750411011406765
12:59:15,Act03,0.2949374571594773,Act08,0.22750411011406765
12:59:16,Act03,0.2949374571594773,Act08,0.22750411011406765
12:59:17,Act03,0.2949374571594773,Act08,0.22750411011406765
12:59:18,Act03,0.2949374571594773,Act08,0.22750411011406765
12:59:19,Act03,0.2949374571594773,Act08,0.22750411011406765
12:59:20,Act06,0.23777652576487146,Act09,0.18776565746961027
12:59:21,Act06,0.23777652576487146,Act09,0.18776565746961027
12:59:22,Act06,0.23777652576487146,Act09,0.18776565746961027
12:59:23,Act03,0.2949374571594773,Act08,0.22750411011406765
12:59:24,Act03,0.2949374571594773,Act08,0.22750411011406765
12:59:25,Act20,0.3606268781616602,Act03,0.15971087123090877
12:59:26,Act20,0.3606268781616602,Act03,0.15971087123090877
12:59:27,Act06,0.23777652576487146,Act09,0.18776565746961027
12:59:28,Act06,0.23777652576487146,Act09,0.18776565746961027
12:59:29,Act06,0.23777652576487146,Act09,0.18776565746961027
12:59:30,Act20,0.3606268781616602,Act03,0.15971087123090877
12:59:31,Act06,0.23777652576487146,Act09,0.18776565746961027
12:59:32,Act06,0.23777652576487146,Act09,0.18776565746961027
12:59:33,Act06,0.23777652576487146,Act09,0.18776565746961027
12:59:34,Act06,0.23777652576487146,Act09,0.18776565746961027
12:59:35,Act06,0.23777652576487146,Act09,0.18776565746961027
12:59:36,Act03,0.2949374571594773,Act08,0.22750411011406765
12:59:37,Act03,0.2949374571594773,Act08,0.22750411011406765
12:59:38,Act03,0.2949374571594773,Act08,0.22750411011406765
12:59:39,Act03,0.2949374571594773,Act08,0.22750411011406765
12:59:40,Act03,0.8144496502321585,Act08,0.10108105517517686
12:59:41,Act03,0.2949374571594773,Act08,0.22750411011406765
12:59:42,Act03,0.2949374571594773,Act08,0.22750411011406765
12:59:43,Act20,0.3606268781616602,Act03,0.15971087123090877
12:59:44,Act03,0.6612478125116414,Act08,0.10770085796957707
12:59:45,Act03,0.6612478125116414,Act08,0.10770085796957707
12:59:46,Act03,0.6612478125116414,Act08,0.10770085796957707
12:59:47,Act03,0.2949374571594773,Act08,0.22750411011406765
12:59:48,Act03,0.2949374571594773,Act08,0.22750411011406765
12:59:49,Act03,0.2949374571594773,Act08,0.22750411011406765
12:59:50,Act03,0.2949374571594773,Act08,0.22750411011406765
12:59:51,Act20,0.3606268781616602,Act03,0.15971087123090877
12:59:52,Act20,0.3606268781616602,Act03,0.15971087123090877
12:59:53,Act03,0.2949374571594773,Act08,0.22750411011406765
12:59:54,Act03,0.2949374571594773,Act08,0.22750411011406765
12:59:55,Act03,0.2949374571594773,Act08,0.22750411011406765
12:59:56,Act20,0.3606268781616602,Act03,0.15971087123090877
12:59:57,Act03,0.6612478125116414,Act08,0.10770085796957707
12:59:58,Act03,0.2949374571594773,Act08,0.22750411011406765
12:59:59,Act03,0.2949374571594773,Act08,0.22750411011406765
13:00:00,Act03,0.2949374571594773,Act08,0.22750411011406765
13:00:01,Act03,0.2949374571594773,Act08,0.22750411011406765
13:00:02,Act03,0.6612478125116414,Act08,0.10770085796957707
13:00:03,Act03,0.2949374571594773,Act08,0.22750411011406765
13:00:04,Act03,0.2949374571594773,Act08,0.22750411011406765
13:00:05,Act03,0.2949374571594773,Act08,0.22750411011406765
13:00:06,Act03,0.2949374571594773,Act08,0.22750411011406765
13:00:07,Act03,0.2949374571594773,Act08,0.22750411011406765
13:00:08,Act03,0.2949374571594773,Act08,0.22750411011406765
13:00:09,Act03,0.6612478125116414,Act08,0.10770085796957707
13:00:10,Act20,0.3606268781616602,Act03,0.15971087123090877
13:00:11,Act03,0.2949374571594773,Act08,0.22750411011406765
13:00:12,Act03,0.2949374571594773,Act08,0.22750411011406765
13:00:13,Act03,0.2949374571594773,Act08,0.22750411011406765
13:00:14,Act20,0.3606268781616602,Act03,0.15971087123090877
13:00:15,Act20,0.3606268781616602,Act03,0.15971087123090877
13:00:16,Act03,0.2949374571594773,Act08,0.22750411011406765
13:00:17,Act03,0.2949374571594773,Act08,0.22750411011406765
13:00:18,Act03,0.2949374571594773,Act08,0.22750411011406765
13:00:19,Act03,0.2949374571594773,Act08,0.22750411011406765
13:00:20,Act03,0.6612478125116414,Act08,0.10770085796957707
13:00:21,Act06,0.23777652576487146,Act09,0.18776565746961027
13:00:22,Act03,0.6612478125116414,Act08,0.10770085796957707
13:00:23,Act03,0.6612478125116414,Act08,0.10770085796957707
13:00:24,Act20,0.3606268781616602,Act03,0.15971087123090877
13:00:25,Act03,0.2949374571594773,Act08,0.22750411011406765
13:00:26,Act03,0.2949374571594773,Act08,0.22750411011406765
13:00:27,Act03,0.2949374571594773,Act08,0.22750411011406765
13:00:28,Act03,0.2949374571594773,Act08,0.22750411011406765
13:00:29,Act03,0.6637985499281052,Act06,0.13700338854343616
13:00:30,Act08,0.6126870110820108,Act15,0.21576990895713494
13:00:31,Act08,0.6126870110820108,Act15,0.21576990895713494
13:00:32,Act08,0.6126870110820108,Act15,0.21576990895713494
13:00:33,Act15,0.6194000784651098,Act08,0.33998050640370536
13:00:34,Act15,0.7984467326704614,Act17,0.07233479853219729
13:00:35,Act15,0.6194000784651098,Act08,0.33998050640370536
13:00:36,Act08,0.7411572877604516,Act15,0.15387940480529438
13:00:37,Act08,0.7411572877604516,Act15,0.15387940480529438
13:00:38,Act15,0.9637561851802948,Act03,0.03221819666662608
13:00:39,Act15,0.9637561851802948,Act03,0.03221819666662608
13:00:40,Act15,0.9637561851802948,Act03,0.03221819666662608
13:00:41,Act15,0.9637561851802948,Act03,0.03221819666662608
13:00:42,Act15,0.9637561851802948,Act03,0.03221819666662608
13:00:43,Act15,0.9637561851802948,Act03,0.03221819666662608
13:00:44,Act15,0.9637561851802948,Act03,0.03221819666662608
13:00:45,Act15,0.7984467326704614,Act17,0.07233479853219729
13:00:46,Act15,0.9637561851802948,Act03,0.03221819666662608
13:00:47,Act15,0.9637561851802948,Act03,0.03221819666662608
13:00:48,Act15,0.9637561851802948,Act03,0.03221819666662608
13:00:49,Act15,0.7984467326704614,Act17,0.07233479853219729
13:00:50,Act15,0.7984467326704614,Act17,0.07233479853219729
13:00:51,Act15,0.7984467326704614,Act17,0.07233479853219729
13:00:52,Act15,0.7984467326704614,Act17,0.07233479853219729
13:00:53,Act15,0.7984467326704614,Act17,0.07233479853219729
13:00:54,Act06,0.23777652576487146,Act09,0.18776565746961027
13:00:55,Act06,0.23777652576487146,Act09,0.18776565746961027
13:00:56,Act06,0.23777652576487146,Act09,0.18776565746961027
13:00:57,Act06,0.23777652576487146,Act09,0.18776565746961027
13:00:58,Act06,0.23777652576487146,Act09,0.18776565746961027
13:00:59,Act06,0.23777652576487146,Act09,0.18776565746961027
13:01:00,Act06,0.23777652576487146,Act09,0.18776565746961027
13:01:01,Act06,0.23777652576487146,Act09,0.18776565746961027
13:01:02,Act15,0.5487075871997221,Act14,0.2823683816272897
13:01:03,Act15,0.5487075871997221,Act14,0.2823683816272897
13:01:04,Act15,0.5487075871997221,Act14,0.2823683816272897
13:01:05,Act15,0.5487075871997221,Act14,0.2823683816272897
13:01:06,Act15,0.5487075871997221,Act14,0.2823683816272897
13:01:07,Act15,0.5487075871997221,Act14,0.2823683816272897
13:01:08,Act15,0.5487075871997221,Act14,0.2823683816272897
13:01:09,Act15,0.5487075871997221,Act14,0.2823683816272897
13:01:10,Act15,0.5487075871997221,Act14,0.2823683816272897
13:01:11,Act15,0.5487075871997221,Act14,0.2823683816272897
13:01:12,Act15,0.5487075871997221,Act14,0.2823683816272897
13:01:13,Act15,0.5487075871997221,Act14,0.2823683816272897
13:01:14,Act15,0.5487075871997221,Act14,0.2823683816272897
13:01:15,Act15,0.5487075871997221,Act14,0.2823683816272897
13:01:16,Act06,0.23777652576487146,Act09,0.18776565746961027
13:01:17,Act06,0.23777652576487146,Act09,0.18776565746961027
13:01:18,Act06,0.23777652576487146,Act09,0.18776565746961027
13:01:19,Act06,0.23777652576487146,Act09,0.18776565746961027
13:01:20,Act06,0.23777652576487146,Act09,0.18776565746961027
13:01:21,Act06,0.23777652576487146,Act09,0.18776565746961027
13:01:22,Act06,0.23777652576487146,Act09,0.18776565746961027
13:01:23,Act06,0.23777652576487146,Act09,0.18776565746961027
13:01:24,Act06,0.23777652576487146,Act09,0.18776565746961027
13:01:25,Act06,0.23777652576487146,Act09,0.18776565746961027
13:01:26,Act06,0.23777652576487146,Act09,0.18776565746961027
13:01:27,Act06,0.23777652576487146,Act09,0.18776565746961027
13:01:28,Act06,0.23777652576487146,Act09,0.18776565746961027
13:01:29,Act06,0.23777652576487146,Act09,0.18776565746961027
13:01:30,Act06,0.23777652576487146,Act09,0.18776565746961027
13:01:31,Act06,0.23777652576487146,Act09,0.18776565746961027
13:01:32,Act06,0.23777652576487146,Act09,0.18776565746961027
13:01:33,Act15,0.7984467326704614,Act17,0.07233479853219729
13:01:34,Act15,0.7158554546564757,Act08,0.23164664175251323
13:01:35,Act15,0.7158554546564757,Act08,0.23164664175251323
13:01:36,Act15,0.6194000784651098,Act08,0.33998050640370536
13:01:37,Act15,0.7158554546564757,Act08,0.23164664175251323
13:01:38,Act15,0.7158554546564757,Act08,0.23164664175251323
13:01:39,Act15,0.9637561851802948,Act03,0.03221819666662608
13:01:40,Act06,0.23777652576487146,Act09,0.18776565746961027
13:01:41,Act06,0.23777652576487146,Act09,0.18776565746961027
13:01:42,Act15,0.7984467326704614,Act17,0.07233479853219729
13:01:43,Act15,0.7984467326704614,Act17,0.07233479853219729
13:01:44,Act15,0.9637561851802948,Act03,0.03221819666662608
13:01:45,Act15,0.9637561851802948,Act03,0.03221819666662608
13:01:46,Act08,0.6126870110820108,Act15,0.21576990895713494
13:01:47,Act08,0.6126870110820108,Act15,0.21576990895713494
13:01:48,Act08,0.7411572877604516,Act15,0.15387940480529438
13:01:49,Act03,0.2949374571594773,Act08,0.22750411011406765
13:01:50,Act03,0.2949374571594773,Act08,0.22750411011406765
13:01:51,Act03,0.2949374571594773,Act08,0.22750411011406765
13:01:52,Act08,0.6126870110820108,Act15,0.21576990895713494
13:01:53,Act15,0.7158554546564757,Act08,0.23164664175251323
13:01:54,Act08,0.6126870110820108,Act15,0.21576990895713494
13:01:55,Act08,0.6126870110820108,Act15,0.21576990895713494
13:01:56,Act20,0.46925461085161163,Act09,0.3603787966219177
13:01:57,Act15,0.6805740346725726,Act08,0.2793478452359878
13:01:58,Act17,0.9681830542676246,Act15,0.024425250696085914
13:01:59,Act17,0.5791342384872498,Act18,0.3346307528273897
13:02:00,Act17,0.5791342384872498,Act18,0.3346307528273897
13:02:01,Act17,0.5791342384872498,Act18,0.3346307528273897
13:02:02,Act17,0.5791342384872498,Act18,0.3346307528273897
13:02:03,Act17,0.5791342384872498,Act18,0.3346307528273897
13:02:04,Act17,0.5791342384872498,Act18,0.3346307528273897
13:02:05,Act17,0.5791342384872498,Act18,0.3346307528273897
13:02:06,Act06,0.23777652576487146,Act09,0.18776565746961027
13:02:07,Act06,0.23777652576487146,Act09,0.18776565746961027
13:02:08,Act06,0.23777652576487146,Act09,0.18776565746961027
13:02:09,Act06,0.23777652576487146,Act09,0.18776565746961027
13:02:10,Act06,0.23777652576487146,Act09,0.18776565746961027
13:02:11,Act06,0.23777652576487146,Act09,0.18776565746961027
13:02:12,Act06,0.23777652576487146,Act09,0.18776565746961027
13:02:13,Act06,0.23777652576487146,Act09,0.18776565746961027
13:02:14,Act06,0.23777652576487146,Act09,0.18776565746961027
13:02:15,Act06,0.23777652576487146,Act09,0.18776565746961027
13:02:16,Act06,0.23777652576487146,Act09,0.18776565746961027
13:02:17,Act06,0.23777652576487146,Act09,0.18776565746961027
13:02:18,Act17,0.5791342384872498,Act18,0.3346307528273897
13:02:19,Act06,0.23777652576487146,Act09,0.18776565746961027
13:02:20,Act06,0.23777652576487146,Act09,0.18776565746961027
13:02:21,Act06,0.23777652576487146,Act09,0.18776565746961027
13:02:22,Act06,0.23777652576487146,Act09,0.18776565746961027
13:02:23,Act06,0.23777652576487146,Act09,0.18776565746961027
13:02:24,Act06,0.23777652576487146,Act09,0.18776565746961027
13:02:25,Act17,0.5791342384872498,Act18,0.3346307528273897
13:02:26,Act17,0.5791342384872498,Act18,0.3346307528273897
13:02:27,Act17,0.5791342384872498,Act18,0.3346307528273897
13:02:28,Act17,0.5791342384872498,Act18,0.3346307528273897
13:02:29,Act06,0.23777652576487146,Act09,0.18776565746961027
13:02:30,Act17,0.5791342384872498,Act18,0.3346307528273897
13:02:31,Act17,0.5791342384872498,Act18,0.3346307528273897
13:02:32,Act17,0.5791342384872498,Act18,0.3346307528273897
13:02:33,Act17,0.5791342384872498,Act18,0.3346307528273897
13:02:34,Act17,0.5791342384872498,Act18,0.3346307528273897
13:02:35,Act06,0.23777652576487146,Act09,0.18776565746961027
13:02:36,Act06,0.23777652576487146,Act09,0.18776565746961027
13:02:37,Act06,0.23777652576487146,Act09,0.18776565746961027
13:02:38,Act06,0.23777652576487146,Act09,0.18776565746961027
13:02:39,Act06,0.23777652576487146,Act09,0.18776565746961027
13:02:40,Act06,0.23777652576487146,Act09,0.18776565746961027
13:02:41,Act17,0.5791342384872498,Act18,0.3346307528273897
13:02:42,Act17,0.5791342384872498,Act18,0.3346307528273897
13:02:43,Act17,0.5791342384872498,Act18,0.3346307528273897
13:02:44,Act17,0.5791342384872498,Act18,0.3346307528273897
13:02:45,Act17,0.5791342384872498,Act18,0.3346307528273897
13:02:46,Act17,0.5791342384872498,Act18,0.3346307528273897
13:02:47,Act17,0.5791342384872498,Act18,0.3346307528273897
13:02:48,Act06,0.23777652576487146,Act09,0.18776565746961027
13:02:49,Act06,0.23777652576487146,Act09,0.18776565746961027
13:02:50,Act06,0.23777652576487146,Act09,0.18776565746961027
13:02:51,Act06,0.23777652576487146,Act09,0.18776565746961027
13:02:52,Act06,0.23777652576487146,Act09,0.18776565746961027
13:02:53,Act06,0.23777652576487146,Act09,0.18776565746961027
13:02:54,Act06,0.23777652576487146,Act09,0.18776565746961027
13:02:55,Act06,0.23777652576487146,Act09,0.18776565746961027
13:02:56,Act06,0.23777652576487146,Act09,0.18776565746961027
13:02:57,Act06,0.23777652576487146,Act09,0.18776565746961027
13:02:58,Act15,0.7984467326704614,Act17,0.07233479853219729
13:02:59,Act15,0.7984467326704614,Act17,0.07233479853219729
13:03:00,Act06,0.23777652576487146,Act09,0.18776565746961027
13:03:01,Act06,0.23777652576487146,Act09,0.18776565746961027
13:03:02,Act06,0.23777652576487146,Act09,0.18776565746961027
13:03:03,Act06,0.23777652576487146,Act09,0.18776565746961027
13:03:04,Act06,0.23777652576487146,Act09,0.18776565746961027
13:03:05,Act06,0.23777652576487146,Act09,0.18776565746961027
13:03:06,Act17,0.5791342384872498,Act18,0.3346307528273897
13:03:07,Act17,0.5791342384872498,Act18,0.3346307528273897
13:03:08,Act17,0.5791342384872498,Act18,0.3346307528273897
13:03:09,Act17,0.5791342384872498,Act18,0.3346307528273897
13:03:10,Act06,0.23777652576487146,Act09,0.18776565746961027
13:03:11,Act06,0.23777652576487146,Act09,0.18776565746961027
13:03:12,Act06,0.23777652576487146,Act09,0.18776565746961027
13:03:13,Act06,0.23777652576487146,Act09,0.18776565746961027
13:03:14,Act06,0.23777652576487146,Act09,0.18776565746961027
13:03:15,Act06,0.23777652576487146,Act09,0.18776565746961027
13:03:16,Act06,0.23777652576487146,Act09,0.18776565746961027
13:03:17,Act06,0.23777652576487146,Act09,0.18776565746961027
13:03:18,Act06,0.23777652576487146,Act09,0.18776565746961027
13:03:19,Act06,0.23777652576487146,Act09,0.18776565746961027
13:03:20,Act06,0.23777652576487146,Act09,0.18776565746961027
13:03:21,Act06,0.23777652576487146,Act09,0.18776565746961027
13:03:22,Act06,0.23777652576487146,Act09,0.18776565746961027
13:03:23,Act06,0.23777652576487146,Act09,0.18776565746961027
13:03:24,Act06,0.23777652576487146,Act09,0.18776565746961027
13:03:25,Act06,0.23777652576487146,Act09,0.18776565746961027
13:03:26,Act06,0.23777652576487146,Act09,0.18776565746961027
13:03:27,Act06,0.23777652576487146,Act09,0.18776565746961027
13:03:28,Act06,0.23777652576487146,Act09,0.18776565746961027
13:03:29,Act17,0.5791342384872498,Act18,0.3346307528273897
13:03:30,Act17,0.5791342384872498,Act18,0.3346307528273897
13:03:31,Act06,0.23777652576487146,Act09,0.18776565746961027
13:03:32,Act06,0.23777652576487146,Act09,0.18776565746961027
13:03:33,Act17,0.5791342384872498,Act18,0.3346307528273897
13:03:34,Act17,0.5791342384872498,Act18,0.3346307528273897
13:03:35,Act17,0.5791342384872498,Act18,0.3346307528273897
13:03:36,Act17,0.5791342384872498,Act18,0.3346307528273897
13:03:37,Act17,0.5791342384872498,Act18,0.3346307528273897
13:03:38,Act06,0.23777652576487146,Act09,0.18776565746961027
13:03:39,Act06,0.23777652576487146,Act09,0.18776565746961027
13:03:40,Act06,0.23777652576487146,Act09,0.18776565746961027
13:03:41,Act06,0.23777652576487146,Act09,0.18776565746961027
13:03:42,Act06,0.23777652576487146,Act09,0.18776565746961027
13:03:43,Act06,0.23777652576487146,Act09,0.18776565746961027
13:03:44,Act06,0.23777652576487146,Act09,0.18776565746961027
13:03:45,Act06,0.23777652576487146,Act09,0.18776565746961027
13:03:46,Act06,0.23777652576487146,Act09,0.18776565746961027
13:03:47,Act06,0.23777652576487146,Act09,0.18776565746961027
13:03:48,Act06,0.23777652576487146,Act09,0.18776565746961027
13:03:49,Act06,0.23777652576487146,Act09,0.18776565746961027
13:03:50,Act06,0.23777652576487146,Act09,0.18776565746961027
13:03:51,Act17,0.5791342384872498,Act18,0.3346307528273897
13:03:52,Act17,0.5791342384872498,Act18,0.3346307528273897
13:03:53,Act17,0.5791342384872498,Act18,0.3346307528273897
13:03:54,Act17,0.5791342384872498,Act18,0.3346307528273897
13:03:55,Act17,0.5791342384872498,Act18,0.3346307528273897
13:03:56,Act17,0.5791342384872498,Act18,0.3346307528273897
13:03:57,Act06,0.23777652576487146,Act09,0.18776565746961027
13:03:58,Act17,0.5791342384872498,Act18,0.3346307528273897
13:03:59,Act17,0.5791342384872498,Act18,0.3346307528273897
13:04:00,Act17,0.5791342384872498,Act18,0.3346307528273897
13:04:01,Act17,0.5791342384872498,Act18,0.3346307528273897
13:04:02,Act17,0.5791342384872498,Act18,0.3346307528273897
13:04:03,Act17,0.5791342384872498,Act18,0.3346307528273897
13:04:04,Act17,0.5791342384872498,Act18,0.3346307528273897
13:04:05,Act17,0.5791342384872498,Act18,0.3346307528273897
13:04:06,Act17,0.5791342384872498,Act18,0.3346307528273897
13:04:07,Act17,0.5791342384872498,Act18,0.3346307528273897
13:04:08,Act09,0.2881958379371281,Act06,0.1822394714459166
13:04:09,Act09,0.2881958379371281,Act06,0.1822394714459166
13:04:10,Act09,0.2881958379371281,Act06,0.1822394714459166
13:04:11,Act12,0.8874274211195464,Act15,0.1125725788804536
13:04:12,Act12,0.8874274211195464,Act15,0.1125725788804536
13:04:13,Act12,0.8874274211195464,Act15,0.1125725788804536
13:04:14,Act12,0.7941669458168723,Act15,0.20583305418312783
13:04:15,Act12,0.7941669458168723,Act15,0.20583305418312783
13:04:16,Act12,0.7941669458168723,Act15,0.20583305418312783
13:04:17,Act09,0.8068152221703414,Act12,0.11291958877752749
13:04:18,Act06,0.23777652576487146,Act09,0.18776565746961027
13:04:19,Act12,0.5726467112909936,Act15,0.29683839694866554
13:04:20,Act12,0.7941669458168723,Act15,0.20583305418312783
13:04:21,Act12,0.7941669458168723,Act15,0.20583305418312783
13:04:22,Act06,0.23777652576487146,Act09,0.18776565746961027
13:04:23,Act06,0.23777652576487146,Act09,0.18776565746961027
13:04:24,Act12,0.7941669458168723,Act15,0.20583305418312783
13:04:25,Act12,1.0,Act20,0.0
13:04:26,Act12,1.0,Act20,0.0
13:04:27,Act12,1.0,Act20,0.0
13:04:28,Act09,0.9237912904957939,Act12,0.05671638652267301
13:04:29,Act09,0.9237912904957939,Act12,0.05671638652267301
13:04:30,Act06,0.23777652576487146,Act09,0.18776565746961027
13:04:31,Act06,0.23777652576487146,Act09,0.18776565746961027
13:04:32,Act06,0.23777652576487146,Act09,0.18776565746961027
13:04:33,Act06,0.23777652576487146,Act09,0.18776565746961027
13:04:34,Act06,0.23777652576487146,Act09,0.18776565746961027
13:04:35,Act06,0.23777652576487146,Act09,0.18776565746961027
13:04:36,Act09,0.8068152221703414,Act12,0.11291958877752749
13:04:37,Act06,0.23777652576487146,Act09,0.18776565746961027
13:04:38,Act09,0.7801573912443216,Act12,0.187212555081939
13:04:39,Act06,0.23777652576487146,Act09,0.18776565746961027
13:04:40,Act06,0.23777652576487146,Act09,0.18776565746961027
13:04:41,Act06,0.23777652576487146,Act09,0.18776565746961027
13:04:42,Act09,0.7801573912443216,Act12,0.187212555081939
13:04:43,Act06,0.23777652576487146,Act09,0.18776565746961027
13:04:44,Act06,0.23777652576487146,Act09,0.18776565746961027
13:04:45,Act09,0.8068152221703414,Act12,0.11291958877752749
13:04:46,Act06,0.23777652576487146,Act09,0.18776565746961027
13:04:47,Act09,0.8068152221703414,Act12,0.11291958877752749
13:04:48,Act09,0.8068152221703414,Act12,0.11291958877752749
13:04:49,Act06,0.23777652576487146,Act09,0.18776565746961027
13:04:50,Act09,0.9237912904957939,Act12,0.05671638652267301
13:04:51,Act18,0.5193360519213285,Act09,0.48048842824619
13:04:52,Act18,0.5193360519213285,Act09,0.48048842824619
13:04:53,Act18,0.5193360519213285,Act09,0.48048842824619
13:04:54,Act09,0.9237912904957939,Act12,0.05671638652267301
13:04:55,Act09,0.9237912904957939,Act12,0.05671638652267301
13:04:56,Act09,0.8068152221703414,Act12,0.11291958877752749
13:04:57,Act09,0.8068152221703414,Act12,0.11291958877752749
13:04:58,Act09,0.9237912904957939,Act12,0.05671638652267301
13:04:59,Act09,0.8068152221703414,Act12,0.11291958877752749
13:05:00,Act09,0.9237912904957939,Act12,0.05671638652267301
13:05:01,Act09,0.8068152221703414,Act12,0.11291958877752749
13:05:02,Act09,0.8068152221703414,Act12,0.11291958877752749
13:05:03,Act09,0.8068152221703414,Act12,0.11291958877752749
13:05:04,Act09,0.8068152221703414,Act12,0.11291958877752749
13:05:05,Act06,0.23777652576487146,Act09,0.18776565746961027
13:05:06,Act06,0.23777652576487146,Act09,0.18776565746961027
13:05:07,Act06,0.23777652576487146,Act09,0.18776565746961027
13:05:08,Act06,0.23777652576487146,Act09,0.18776565746961027
13:05:09,Act06,0.23777652576487146,Act09,0.18776565746961027
13:05:10,Act06,0.23777652576487146,Act09,0.18776565746961027
13:05:11,Act06,0.23777652576487146,Act09,0.18776565746961027
13:05:12,Act06,0.23777652576487146,Act09,0.18776565746961027
13:05:13,Act06,0.23777652576487146,Act09,0.18776565746961027
13:05:14,Act06,0.23777652576487146,Act09,0.18776565746961027
13:05:15,Act09,0.7801573912443216,Act12,0.187212555081939
13:05:16,Act06,0.23777652576487146,Act09,0.18776565746961027
13:05:17,Act06,0.23777652576487146,Act09,0.18776565746961027
13:05:18,Act06,0.23777652576487146,Act09,0.18776565746961027
13:05:19,Act06,0.23777652576487146,Act09,0.18776565746961027
13:05:20,Act06,0.23777652576487146,Act09,0.18776565746961027
13:05:21,Act09,0.7801573912443216,Act12,0.187212555081939
13:05:22,Act06,0.23777652576487146,Act09,0.18776565746961027
13:05:23,Act06,0.23777652576487146,Act09,0.18776565746961027
13:05:24,Act06,0.23777652576487146,Act09,0.18776565746961027
13:05:25,Act06,0.23777652576487146,Act09,0.18776565746961027
13:05:26,Act06,0.23777652576487146,Act09,0.18776565746961027
13:05:27,Act06,0.23777652576487146,Act09,0.18776565746961027
13:05:28,Act06,0.23777652576487146,Act09,0.18776565746961027
13:05:29,Act09,0.7801573912443216,Act12,0.187212555081939
13:05:30,Act09,0.7801573912443216,Act12,0.187212555081939
13:05:31,Act09,0.7801573912443216,Act12,0.187212555081939
13:05:32,Act09,0.7801573912443216,Act12,0.187212555081939
13:05:33,Act09,0.7801573912443216,Act12,0.187212555081939
13:05:34,Act06,0.23777652576487146,Act09,0.18776565746961027
13:05:35,Act09,0.8068152221703414,Act12,0.11291958877752749
13:05:36,Act06,0.23777652576487146,Act09,0.18776565746961027
13:05:37,Act06,0.23777652576487146,Act09,0.18776565746961027
13:05:38,Act06,0.23777652576487146,Act09,0.18776565746961027
13:05:39,Act09,0.7801573912443216,Act12,0.187212555081939
13:05:40,Act09,0.7801573912443216,Act12,0.187212555081939
13:05:41,Act06,0.23777652576487146,Act09,0.18776565746961027
13:05:42,Act06,0.23777652576487146,Act09,0.18776565746961027
13:05:43,Act06,0.23777652576487146,Act09,0.18776565746961027
13:05:44,Act09,0.7801573912443216,Act12,0.187212555081939
13:05:45,Act06,0.23777652576487146,Act09,0.18776565746961027
13:05:46,Act09,0.7801573912443216,Act12,0.187212555081939
13:05:47,Act09,0.7801573912443216,Act12,0.187212555081939
13:05:48,Act06,0.23777652576487146,Act09,0.18776565746961027
13:05:49,Act09,0.7801573912443216,Act12,0.187212555081939
13:05:50,Act09,0.7801573912443216,Act12,0.187212555081939
13:05:51,Act06,0.23777652576487146,Act09,0.18776565746961027
13:05:52,Act06,0.23777652576487146,Act09,0.18776565746961027
13:05:53,Act06,0.23777652576487146,Act09,0.18776565746961027
13:05:54,Act09,0.7801573912443216,Act12,0.187212555081939
13:05:55,Act06,0.23777652576487146,Act09,0.18776565746961027
13:05:56,Act06,0.23777652576487146,Act09,0.18776565746961027
13:05:57,Act17,0.5791342384872498,Act18,0.3346307528273897
13:05:58,Act17,0.5791342384872498,Act18,0.3346307528273897
13:05:59,Act06,0.23777652576487146,Act09,0.18776565746961027
13:06:00,Act06,0.23777652576487146,Act09,0.18776565746961027
13:06:01,Act06,0.23777652576487146,Act09,0.18776565746961027
13:06:02,Act06,0.23777652576487146,Act09,0.18776565746961027
13:06:03,Act06,0.23777652576487146,Act09,0.18776565746961027
13:06:04,Act06,0.23777652576487146,Act09,0.18776565746961027
13:06:05,Act06,0.23777652576487146,Act09,0.18776565746961027
13:06:06,Act06,0.23777652576487146,Act09,0.18776565746961027
13:06:07,Act06,0.23777652576487146,Act09,0.18776565746961027
13:06:08,Act06,0.23777652576487146,Act09,0.18776565746961027
13:06:09,Act06,0.23777652576487146,Act09,0.18776565746961027
13:06:10,Act06,0.23777652576487146,Act09,0.18776565746961027
13:06:11,Act09,0.7801573912443216,Act12,0.187212555081939
13:06:12,Act09,0.7801573912443216,Act12,0.187212555081939
13:06:13,Act06,0.23777652576487146,Act09,0.18776565746961027
13:06:14,Act06,0.23777652576487146,Act09,0.18776565746961027
13:06:15,Act09,0.7801573912443216,Act12,0.187212555081939
13:06:16,Act09,0.7801573912443216,Act12,0.187212555081939
13:06:17,Act09,0.7801573912443216,Act12,0.187212555081939
13:06:18,Act09,0.7801573912443216,Act12,0.187212555081939
13:06:19,Act06,0.23777652576487146,Act09,0.18776565746961027
13:06:20,Act06,0.23777652576487146,Act09,0.18776565746961027
13:06:21,Act06,0.23777652576487146,Act09,0.18776565746961027
13:06:22,Act09,0.7801573912443216,Act12,0.187212555081939
13:06:23,Act06,0.23777652576487146,Act09,0.18776565746961027
13:06:24,Act06,0.23777652576487146,Act09,0.18776565746961027
13:06:25,Act06,0.23777652576487146,Act09,0.18776565746961027
13:06:26,Act06,0.23777652576487146,Act09,0.18776565746961027
13:06:27,Act09,0.7801573912443216,Act12,0.187212555081939
13:06:28,Act06,0.23777652576487146,Act09,0.18776565746961027
13:06:29,Act09,0.7801573912443216,Act12,0.187212555081939
13:06:30,Act06,0.23777652576487146,Act09,0.18776565746961027
13:06:31,Act09,0.7801573912443216,Act12,0.187212555081939
13:06:32,Act06,0.23777652576487146,Act09,0.18776565746961027
13:06:33,Act09,0.7801573912443216,Act12,0.187212555081939
13:06:34,Act06,0.23777652576487146,Act09,0.18776565746961027
13:06:35,Act06,0.23777652576487146,Act09,0.18776565746961027
13:06:36,Act09,0.7801573912443216,Act12,0.187212555081939
13:06:37,Act09,0.7801573912443216,Act12,0.187212555081939
13:06:38,Act06,0.23777652576487146,Act09,0.18776565746961027
13:06:39,Act06,0.23777652576487146,Act09,0.18776565746961027
13:06:40,Act09,0.2881958379371281,Act06,0.1822394714459166
13:06:41,Act09,0.7856184418851594,Act12,0.1882765953714192
13:06:42,Act06,0.23777652576487146,Act09,0.18776565746961027
13:06:43,Act09,0.7801573912443216,Act12,0.187212555081939
13:06:44,Act06,0.23777652576487146,Act09,0.18776565746961027
13:06:45,Act09,0.7801573912443216,Act12,0.187212555081939
13:06:46,Act06,0.23777652576487146,Act09,0.18776565746961027
13:06:47,Act06,0.23777652576487146,Act09,0.18776565746961027
13:06:48,Act09,0.7801573912443216,Act12,0.187212555081939
13:06:49,Act06,0.23777652576487146,Act09,0.18776565746961027
13:06:50,Act06,0.23777652576487146,Act09,0.18776565746961027
13:06:51,Act06,0.23777652576487146,Act09,0.18776565746961027
13:06:52,Act06,0.23777652576487146,Act09,0.18776565746961027
13:06:53,Act09,0.7801573912443216,Act12,0.187212555081939
13:06:54,Act06,0.23777652576487146,Act09,0.18776565746961027
13:06:55,Act06,0.23777652576487146,Act09,0.18776565746961027
13:06:56,Act06,0.23777652576487146,Act09,0.18776565746961027
13:06:57,Act09,0.7801573912443216,Act12,0.187212555081939
13:06:58,Act09,0.7801573912443216,Act12,0.187212555081939
13:06:59,Act09,0.7801573912443216,Act12,0.187212555081939
13:07:00,Act06,0.23777652576487146,Act09,0.18776565746961027
13:07:01,Act06,0.23777652576487146,Act09,0.18776565746961027
13:07:02,Act06,0.23777652576487146,Act09,0.18776565746961027
13:07:03,Act06,0.23777652576487146,Act09,0.18776565746961027
13:07:04,Act06,0.23777652576487146,Act09,0.18776565746961027
13:07:05,Act06,0.23777652576487146,Act09,0.18776565746961027
13:07:06,Act06,0.23777652576487146,Act09,0.18776565746961027
13:07:07,Act06,0.23777652576487146,Act09,0.18776565746961027
13:07:08,Act06,0.23777652576487146,Act09,0.18776565746961027
13:07:09,Act06,0.23777652576487146,Act09,0.18776565746961027
13:07:10,Act06,0.23777652576487146,Act09,0.18776565746961027
13:07:11,Act06,0.23777652576487146,Act09,0.18776565746961027
13:07:12,Act06,0.23777652576487146,Act09,0.18776565746961027
13:07:13,Act06,0.23777652576487146,Act09,0.18776565746961027
13:07:14,Act09,0.7801573912443216,Act12,0.187212555081939
13:07:15,Act06,0.23777652576487146,Act09,0.18776565746961027
13:07:16,Act06,0.23777652576487146,Act09,0.18776565746961027
13:07:17,Act06,0.23777652576487146,Act09,0.18776565746961027
13:07:18,Act06,0.23777652576487146,Act09,0.18776565746961027
13:07:19,Act06,0.23777652576487146,Act09,0.18776565746961027
13:07:20,Act06,0.23777652576487146,Act09,0.18776565746961027
13:07:21,Act06,0.23777652576487146,Act09,0.18776565746961027
13:07:22,Act06,0.23777652576487146,Act09,0.18776565746961027
13:07:23,Act06,0.23777652576487146,Act09,0.18776565746961027
13:07:24,Act06,0.23777652576487146,Act09,0.18776565746961027
13:07:25,Act09,0.7801573912443216,Act12,0.187212555081939
13:07:26,Act09,0.7801573912443216,Act12,0.187212555081939
13:07:27,Act06,0.23777652576487146,Act09,0.18776565746961027
13:07:28,Act06,0.23777652576487146,Act09,0.18776565746961027
13:07:29,Act06,0.23777652576487146,Act09,0.18776565746961027
13:07:30,Act06,0.23777652576487146,Act09,0.18776565746961027
13:07:31,Act09,0.7801573912443216,Act12,0.187212555081939
13:07:32,Act06,0.23777652576487146,Act09,0.18776565746961027
13:07:33,Act06,0.23777652576487146,Act09,0.18776565746961027
13:07:34,Act06,0.23777652576487146,Act09,0.18776565746961027
13:07:35,Act12,0.5726467112909936,Act15,0.29683839694866554
13:07:36,Act12,0.5726467112909936,Act15,0.29683839694866554
13:07:37,Act06,0.23777652576487146,Act09,0.18776565746961027
13:07:38,Act06,0.23777652576487146,Act09,0.18776565746961027
13:07:39,Act09,0.7801573912443216,Act12,0.187212555081939
13:07:40,Act06,0.23777652576487146,Act09,0.18776565746961027
13:07:41,Act06,0.23777652576487146,Act09,0.18776565746961027
13:07:42,Act06,0.23777652576487146,Act09,0.18776565746961027
13:07:43,Act06,0.23777652576487146,Act09,0.18776565746961027
13:07:44,Act09,0.7801573912443216,Act12,0.187212555081939
13:07:45,Act09,0.7801573912443216,Act12,0.187212555081939
13:07:46,Act06,0.23777652576487146,Act09,0.18776565746961027
13:07:47,Act09,0.7801573912443216,Act12,0.187212555081939
13:07:48,Act09,0.7801573912443216,Act12,0.187212555081939
13:07:49,Act09,0.7801573912443216,Act12,0.187212555081939
13:07:50,Act06,0.23777652576487146,Act09,0.18776565746961027
13:07:51,Act09,0.7801573912443216,Act12,0.187212555081939
13:07:52,Act06,0.23777652576487146,Act09,0.18776565746961027
13:07:53,Act06,0.23777652576487146,Act09,0.18776565746961027
13:07:54,Act09,0.7801573912443216,Act12,0.187212555081939
13:07:55,Act06,0.23777652576487146,Act09,0.18776565746961027
13:07:56,Act06,0.23777652576487146,Act09,0.18776565746961027
13:07:57,Act09,0.7801573912443216,Act12,0.187212555081939
13:07:58,Act09,0.7801573912443216,Act12,0.187212555081939
13:07:59,Act09,0.7801573912443216,Act12,0.187212555081939
13:08:00,Act06,0.23777652576487146,Act09,0.18776565746961027
13:08:01,Act09,0.7801573912443216,Act12,0.187212555081939
13:08:02,Act09,0.7801573912443216,Act12,0.187212555081939
13:08:03,Act09,0.7801573912443216,Act12,0.187212555081939
13:08:04,Act09,0.7801573912443216,Act12,0.187212555081939
13:08:05,Act06,0.23777652576487146,Act09,0.18776565746961027
13:08:06,Act09,0.7801573912443216,Act12,0.187212555081939
13:08:07,Act09,0.7801573912443216,Act12,0.187212555081939
13:08:08,Act09,0.7801573912443216,Act12,0.187212555081939
13:08:09,Act09,0.7801573912443216,Act12,0.187212555081939
13:08:10,Act09,0.7801573912443216,Act12,0.187212555081939
13:08:11,Act09,0.7801573912443216,Act12,0.187212555081939
13:08:12,Act06,0.23777652576487146,Act09,0.18776565746961027
13:08:13,Act09,0.7801573912443216,Act12,0.187212555081939
13:08:14,Act06,0.23777652576487146,Act09,0.18776565746961027
13:08:15,Act06,0.23777652576487146,Act09,0.18776565746961027
13:08:16,Act06,0.23777652576487146,Act09,0.18776565746961027
13:08:17,Act06,0.23777652576487146,Act09,0.18776565746961027
13:08:18,Act06,0.23777652576487146,Act09,0.18776565746961027
13:08:19,Act06,0.23777652576487146,Act09,0.18776565746961027
13:08:20,Act06,0.23777652576487146,Act09,0.18776565746961027
13:08:21,Act06,0.23777652576487146,Act09,0.18776565746961027
13:08:22,Act06,0.23777652576487146,Act09,0.18776565746961027
13:08:23,Act09,0.7801573912443216,Act12,0.187212555081939
13:08:24,Act06,0.23777652576487146,Act09,0.18776565746961027
13:08:25,Act06,0.23777652576487146,Act09,0.18776565746961027
13:08:26,Act06,0.23777652576487146,Act09,0.18776565746961027
13:08:27,Act06,0.23777652576487146,Act09,0.18776565746961027
13:08:28,Act06,0.23777652576487146,Act09,0.18776565746961027
13:08:29,Act06,0.23777652576487146,Act09,0.18776565746961027
13:08:30,Act06,0.23777652576487146,Act09,0.18776565746961027
13:08:31,Act06,0.23777652576487146,Act09,0.18776565746961027
13:08:32,Act06,0.23777652576487146,Act09,0.18776565746961027
13:08:33,Act06,0.23777652576487146,Act09,0.18776565746961027
13:08:34,Act06,0.23777652576487146,Act09,0.18776565746961027
13:08:35,Act06,0.23777652576487146,Act09,0.18776565746961027
13:08:36,Act06,0.23777652576487146,Act09,0.18776565746961027
13:08:37,Act06,0.23777652576487146,Act09,0.18776565746961027
13:08:38,Act06,0.23777652576487146,Act09,0.18776565746961027
13:08:39,Act06,0.23777652576487146,Act09,0.18776565746961027
13:08:40,Act06,0.23777652576487146,Act09,0.18776565746961027
13:08:41,Act06,0.23777652576487146,Act09,0.18776565746961027
13:08:42,Act06,0.23777652576487146,Act09,0.18776565746961027
13:08:43,Act06,0.23777652576487146,Act09,0.18776565746961027
13:08:44,Act06,0.23777652576487146,Act09,0.18776565746961027
13:08:45,Act06,0.23777652576487146,Act09,0.18776565746961027
13:08:46,Act06,0.23777652576487146,Act09,0.18776565746961027
13:08:47,Act06,0.23777652576487146,Act09,0.18776565746961027
13:08:48,Act06,0.23777652576487146,Act09,0.18776565746961027
13:08:49,Act09,0.7801573912443216,Act12,0.187212555081939
13:08:50,Act06,0.23777652576487146,Act09,0.18776565746961027
13:08:51,Act06,0.23777652576487146,Act09,0.18776565746961027
13:08:52,Act06,0.23777652576487146,Act09,0.18776565746961027
13:08:53,Act06,0.23777652576487146,Act09,0.18776565746961027
13:08:54,Act06,0.23777652576487146,Act09,0.18776565746961027
13:08:55,Act06,0.23777652576487146,Act09,0.18776565746961027
13:08:56,Act06,0.23777652576487146,Act09,0.18776565746961027
13:08:57,Act06,0.23777652576487146,Act09,0.18776565746961027
13:08:58,Act06,0.23777652576487146,Act09,0.18776565746961027
13:08:59,Act06,0.23777652576487146,Act09,0.18776565746961027
13:09:00,Act06,0.23777652576487146,Act09,0.18776565746961027
13:09:01,Act06,0.23777652576487146,Act09,0.18776565746961027
13:09:02,Act06,0.23777652576487146,Act09,0.18776565746961027
13:09:03,Act06,0.23777652576487146,Act09,0.18776565746961027
13:09:04,Act06,0.23777652576487146,Act09,0.18776565746961027
13:09:05,Act06,0.23777652576487146,Act09,0.18776565746961027
13:09:06,Act06,0.23777652576487146,Act09,0.18776565746961027
13:09:07,Act06,0.23777652576487146,Act09,0.18776565746961027
13:09:08,Act06,0.23777652576487146,Act09,0.18776565746961027
13:09:09,Act06,0.23777652576487146,Act09,0.18776565746961027
13:09:10,Act06,0.23777652576487146,Act09,0.18776565746961027
13:09:11,Act06,0.23777652576487146,Act09,0.18776565746961027
13:09:12,Act06,0.23777652576487146,Act09,0.18776565746961027
13:09:13,Act06,0.23777652576487146,Act09,0.18776565746961027
13:09:14,Act06,0.23777652576487146,Act09,0.18776565746961027
13:09:15,Act06,0.23777652576487146,Act09,0.18776565746961027
13:09:16,Act06,0.23777652576487146,Act09,0.18776565746961027
13:09:17,Act06,0.23777652576487146,Act09,0.18776565746961027
13:09:18,Act06,0.23777652576487146,Act09,0.18776565746961027
13:09:19,Act06,0.23777652576487146,Act09,0.18776565746961027
13:09:20,Act06,0.23777652576487146,Act09,0.18776565746961027
13:09:21,Act06,0.23777652576487146,Act09,0.18776565746961027
13:09:22,Act06,0.23777652576487146,Act09,0.18776565746961027
13:09:23,Act06,0.23777652576487146,Act09,0.18776565746961027
13:09:24,Act06,0.23777652576487146,Act09,0.18776565746961027
13:09:25,Act06,0.23777652576487146,Act09,0.18776565746961027
13:09:26,Act06,0.23777652576487146,Act09,0.18776565746961027
13:09:27,Act06,0.23777652576487146,Act09,0.18776565746961027
13:09:28,Act06,0.23777652576487146,Act09,0.18776565746961027
13:09:29,Act06,0.23777652576487146,Act09,0.18776565746961027
13:09:30,Act06,0.23777652576487146,Act09,0.18776565746961027
13:09:31,Act06,0.23777652576487146,Act09,0.18776565746961027
13:09:32,Act06,0.23777652576487146,Act09,0.18776565746961027
13:09:33,Act06,0.23777652576487146,Act09,0.18776565746961027
13:09:34,Act06,0.23777652576487146,Act09,0.18776565746961027
13:09:35,Act06,0.23777652576487146,Act09,0.18776565746961027
13:09:36,Act06,0.23777652576487146,Act09,0.18776565746961027
13:09:37,Act06,0.23777652576487146,Act09,0.18776565746961027
13:09:38,Act06,0.23777652576487146,Act09,0.18776565746961027
13:09:39,Act06,0.23777652576487146,Act09,0.18776565746961027
13:09:40,Act06,0.23777652576487146,Act09,0.18776565746961027
13:09:41,Act06,0.23777652576487146,Act09,0.18776565746961027
13:09:42,Act06,0.23777652576487146,Act09,0.18776565746961027
13:09:43,Act06,0.23777652576487146,Act09,0.18776565746961027
13:09:44,Act06,0.23777652576487146,Act09,0.18776565746961027
13:09:45,Act06,0.23777652576487146,Act09,0.18776565746961027
13:09:46,Act06,0.23777652576487146,Act09,0.18776565746961027
13:09:47,Act06,0.23777652576487146,Act09,0.18776565746961027
13:09:48,Act06,0.23777652576487146,Act09,0.18776565746961027
13:09:49,Act06,0.23777652576487146,Act09,0.18776565746961027
13:09:50,Act06,0.23777652576487146,Act09,0.18776565746961027
13:09:51,Act06,0.23777652576487146,Act09,0.18776565746961027
13:09:52,Act06,0.23777652576487146,Act09,0.18776565746961027
13:09:53,Act06,0.23777652576487146,Act09,0.18776565746961027
13:09:54,Act06,0.23777652576487146,Act09,0.18776565746961027
13:09:55,Act06,0.23777652576487146,Act09,0.18776565746961027
13:09:56,Act06,0.23777652576487146,Act09,0.18776565746961027
13:09:57,Act06,0.23777652576487146,Act09,0.18776565746961027
13:09:58,Act06,0.23777652576487146,Act09,0.18776565746961027
13:09:59,Act06,0.23777652576487146,Act09,0.18776565746961027
13:10:00,Act06,0.23777652576487146,Act09,0.18776565746961027
13:10:01,Act06,0.23777652576487146,Act09,0.18776565746961027
13:10:02,Act06,0.23777652576487146,Act09,0.18776565746961027
13:10:03,Act06,0.23777652576487146,Act09,0.18776565746961027
13:10:04,Act06,0.23777652576487146,Act09,0.18776565746961027
13:10:05,Act06,0.23777652576487146,Act09,0.18776565746961027
13:10:06,Act06,0.23777652576487146,Act09,0.18776565746961027
13:10:07,Act06,0.23777652576487146,Act09,0.18776565746961027
13:10:08,Act06,0.23777652576487146,Act09,0.18776565746961027
13:10:09,Act06,0.23777652576487146,Act09,0.18776565746961027
13:10:10,Act09,0.9237912904957939,Act12,0.05671638652267301
13:10:11,Act09,0.9237912904957939,Act12,0.05671638652267301
13:10:12,Act09,0.9237912904957939,Act12,0.05671638652267301
13:10:13,Act06,0.23777652576487146,Act09,0.18776565746961027
13:10:14,Act06,0.23777652576487146,Act09,0.18776565746961027
13:10:15,Act06,0.23777652576487146,Act09,0.18776565746961027
13:10:16,Act06,0.23777652576487146,Act09,0.18776565746961027
13:10:17,Act06,0.23777652576487146,Act09,0.18776565746961027
13:10:18,Act06,0.23777652576487146,Act09,0.18776565746961027
13:10:19,Act06,0.23777652576487146,Act09,0.18776565746961027
13:10:20,Act06,0.23777652576487146,Act09,0.18776565746961027
13:10:21,Act06,0.23777652576487146,Act09,0.18776565746961027
13:10:22,Act06,0.23777652576487146,Act09,0.18776565746961027
13:10:23,Act06,0.23777652576487146,Act09,0.18776565746961027
13:10:24,Act06,0.23777652576487146,Act09,0.18776565746961027
13:10:25,Act09,0.7801573912443216,Act12,0.187212555081939
13:10:26,Act09,0.7801573912443216,Act12,0.187212555081939
13:10:27,Act09,0.7801573912443216,Act12,0.187212555081939
13:10:28,Act06,0.23777652576487146,Act09,0.18776565746961027
13:10:29,Act06,0.23777652576487146,Act09,0.18776565746961027
13:10:30,Act06,0.23777652576487146,Act09,0.18776565746961027
13:10:31,Act06,0.23777652576487146,Act09,0.18776565746961027
13:10:32,Act09,0.8068152221703414,Act12,0.11291958877752749
13:10:33,Act09,0.8068152221703414,Act12,0.11291958877752749
13:10:34,Act06,0.23777652576487146,Act09,0.18776565746961027
13:10:35,Act06,0.23777652576487146,Act09,0.18776565746961027
13:10:36,Act06,0.23777652576487146,Act09,0.18776565746961027
13:10:37,Act06,0.23777652576487146,Act09,0.18776565746961027
13:10:38,Act06,0.23777652576487146,Act09,0.18776565746961027
13:10:39,Act06,0.23777652576487146,Act09,0.18776565746961027
13:10:40,Act06,0.23777652576487146,Act09,0.18776565746961027
13:10:41,Act06,0.23777652576487146,Act09,0.18776565746961027
13:10:42,Act06,0.23777652576487146,Act09,0.18776565746961027
13:10:43,Act06,0.23777652576487146,Act09,0.18776565746961027
13:10:44,Act06,0.23777652576487146,Act09,0.18776565746961027
13:10:45,Act06,0.23777652576487146,Act09,0.18776565746961027
13:10:46,Act06,0.23777652576487146,Act09,0.18776565746961027
13:10:47,Act06,0.23777652576487146,Act09,0.18776565746961027
13:10:48,Act06,0.23777652576487146,Act09,0.18776565746961027
13:10:49,Act06,0.23777652576487146,Act09,0.18776565746961027
13:10:50,Act06,0.23777652576487146,Act09,0.18776565746961027
13:10:51,Act06,0.23777652576487146,Act09,0.18776565746961027
13:10:52,Act06,0.23777652576487146,Act09,0.18776565746961027
13:10:53,Act06,0.23777652576487146,Act09,0.18776565746961027
13:10:54,Act06,0.23777652576487146,Act09,0.18776565746961027
13:10:55,Act06,0.23777652576487146,Act09,0.18776565746961027
13:10:56,Act06,0.23777652576487146,Act09,0.18776565746961027
13:10:57,Act06,0.23777652576487146,Act09,0.18776565746961027
13:10:58,Act06,0.23777652576487146,Act09,0.18776565746961027
13:10:59,Act06,0.23777652576487146,Act09,0.18776565746961027
13:11:00,Act06,0.23777652576487146,Act09,0.18776565746961027
13:11:01,Act06,0.23777652576487146,Act09,0.18776565746961027
13:11:02,Act06,0.23777652576487146,Act09,0.18776565746961027
13:11:03,Act06,0.23777652576487146,Act09,0.18776565746961027
13:11:04,Act06,0.23777652576487146,Act09,0.18776565746961027
13:11:05,Act06,0.23777652576487146,Act09,0.18776565746961027
13:11:06,Act06,0.23777652576487146,Act09,0.18776565746961027
13:11:07,Act09,0.9237912904957939,Act12,0.05671638652267301
13:11:08,Act09,0.9237912904957939,Act12,0.05671638652267301
13:11:09,Act09,0.7801573912443216,Act12,0.187212555081939
13:11:10,Act06,0.23777652576487146,Act09,0.18776565746961027
13:11:11,Act06,0.23777652576487146,Act09,0.18776565746961027
13:11:12,Act06,0.23777652576487146,Act09,0.18776565746961027
13:11:13,Act06,0.23777652576487146,Act09,0.18776565746961027
13:11:14,Act06,0.23777652576487146,Act09,0.18776565746961027
13:11:15,Act06,0.23777652576487146,Act09,0.18776565746961027
13:11:16,Act06,0.23777652576487146,Act09,0.18776565746961027
13:11:17,Act06,0.23777652576487146,Act09,0.18776565746961027
13:11:18,Act06,0.23777652576487146,Act09,0.18776565746961027
13:11:19,Act06,0.23777652576487146,Act09,0.18776565746961027
13:11:20,Act06,0.23777652576487146,Act09,0.18776565746961027
13:11:21,Act06,0.23777652576487146,Act09,0.18776565746961027
13:11:22,Act06,0.23777652576487146,Act09,0.18776565746961027
13:11:23,Act06,0.23777652576487146,Act09,0.18776565746961027
13:11:24,Act06,0.23777652576487146,Act09,0.18776565746961027
13:11:25,Act06,0.23777652576487146,Act09,0.18776565746961027
13:11:26,Act06,0.23777652576487146,Act09,0.18776565746961027
13:11:27,Act06,0.23777652576487146,Act09,0.18776565746961027
13:11:28,Act06,0.23777652576487146,Act09,0.18776565746961027
13:11:29,Act06,0.23777652576487146,Act09,0.18776565746961027
13:11:30,Act06,0.23777652576487146,Act09,0.18776565746961027
13:11:31,Act06,0.23777652576487146,Act09,0.18776565746961027
13:11:32,Act06,0.23777652576487146,Act09,0.18776565746961027
13:11:33,Act06,0.23777652576487146,Act09,0.18776565746961027
13:11:34,Act06,0.23777652576487146,Act09,0.18776565746961027
13:11:35,Act06,0.23777652576487146,Act09,0.18776565746961027
13:11:36,Act06,0.23777652576487146,Act09,0.18776565746961027
13:11:37,Act06,0.23777652576487146,Act09,0.18776565746961027
13:11:38,Act06,0.23777652576487146,Act09,0.18776565746961027
13:11:39,Act06,0.23777652576487146,Act09,0.18776565746961027
13:11:40,Act06,0.23777652576487146,Act09,0.18776565746961027
13:11:41,Act06,0.23777652576487146,Act09,0.18776565746961027
13:11:42,Act06,0.23777652576487146,Act09,0.18776565746961027
13:11:43,Act06,0.23777652576487146,Act09,0.18776565746961027
13:11:44,Act06,0.23777652576487146,Act09,0.18776565746961027
13:11:45,Act06,0.23777652576487146,Act09,0.18776565746961027
13:11:46,Act06,0.23777652576487146,Act09,0.18776565746961027
13:11:47,Act06,0.23777652576487146,Act09,0.18776565746961027
13:11:48,Act06,0.23777652576487146,Act09,0.18776565746961027
13:11:49,Act06,0.23777652576487146,Act09,0.18776565746961027
13:11:50,Act06,0.23777652576487146,Act09,0.18776565746961027
13:11:51,Act06,0.23777652576487146,Act09,0.18776565746961027
13:11:52,Act06,0.23777652576487146,Act09,0.18776565746961027
13:11:53,Act06,0.23777652576487146,Act09,0.18776565746961027
13:11:54,Act06,0.23777652576487146,Act09,0.18776565746961027
13:11:55,Act06,0.23777652576487146,Act09,0.18776565746961027
13:11:56,Act06,0.23777652576487146,Act09,0.18776565746961027
13:11:57,Act15,0.7984467326704614,Act17,0.07233479853219729
13:11:58,Act15,0.7984467326704614,Act17,0.07233479853219729
13:11:59,Act15,0.7984467326704614,Act17,0.07233479853219729
13:12:00,Act06,0.23777652576487146,Act09,0.18776565746961027
13:12:01,Act06,0.23777652576487146,Act09,0.18776565746961027
13:12:02,Act06,0.23777652576487146,Act09,0.18776565746961027
13:12:03,Act06,0.23777652576487146,Act09,0.18776565746961027
13:12:04,Act06,0.23777652576487146,Act09,0.18776565746961027
13:12:05,Act06,0.23777652576487146,Act09,0.18776565746961027
13:12:06,Act06,0.23777652576487146,Act09,0.18776565746961027
13:12:07,Act06,0.23777652576487146,Act09,0.18776565746961027
13:12:08,Act06,0.23777652576487146,Act09,0.18776565746961027
13:12:09,Act06,0.23777652576487146,Act09,0.18776565746961027
13:12:10,Act06,0.23777652576487146,Act09,0.18776565746961027
13:12:11,Act06,0.23777652576487146,Act09,0.18776565746961027
13:12:12,Act06,0.23777652576487146,Act09,0.18776565746961027
13:12:13,Act06,0.23777652576487146,Act09,0.18776565746961027
13:12:14,Act06,0.23777652576487146,Act09,0.18776565746961027
13:12:15,Act06,0.23777652576487146,Act09,0.18776565746961027
13:12:16,Act06,0.23777652576487146,Act09,0.18776565746961027
13:12:17,Act06,0.23777652576487146,Act09,0.18776565746961027
13:12:18,Act06,0.23777652576487146,Act09,0.18776565746961027
13:12:19,Act06,0.23777652576487146,Act09,0.18776565746961027
13:12:20,Act06,0.23777652576487146,Act09,0.18776565746961027
13:12:21,Act06,0.23777652576487146,Act09,0.18776565746961027
13:12:22,Act06,0.23777652576487146,Act09,0.18776565746961027
13:12:23,Act06,0.23777652576487146,Act09,0.18776565746961027
13:12:24,Act06,0.23777652576487146,Act09,0.18776565746961027
13:12:25,Act06,0.23777652576487146,Act09,0.18776565746961027
13:12:26,Act06,0.23777652576487146,Act09,0.18776565746961027
13:12:27,Act06,0.23777652576487146,Act09,0.18776565746961027
13:12:28,Act06,0.23777652576487146,Act09,0.18776565746961027
13:12:29,Act06,0.23777652576487146,Act09,0.18776565746961027
13:12:30,Act06,0.23777652576487146,Act09,0.18776565746961027
13:12:31,Act06,0.23777652576487146,Act09,0.18776565746961027
13:12:32,Act06,0.23777652576487146,Act09,0.18776565746961027
13:12:33,Act06,0.23777652576487146,Act09,0.18776565746961027
13:12:34,Act06,0.23777652576487146,Act09,0.18776565746961027
13:12:35,Act06,0.23777652576487146,Act09,0.18776565746961027
13:12:36,Act06,0.23777652576487146,Act09,0.18776565746961027
13:12:37,Act06,0.23777652576487146,Act09,0.18776565746961027
13:12:38,Act06,0.23777652576487146,Act09,0.18776565746961027
13:12:39,Act06,0.23777652576487146,Act09,0.18776565746961027
13:12:40,Act06,0.23777652576487146,Act09,0.18776565746961027
13:12:41,Act06,0.23777652576487146,Act09,0.18776565746961027
13:12:42,Act06,0.23777652576487146,Act09,0.18776565746961027
13:12:43,Act06,0.23777652576487146,Act09,0.18776565746961027
13:12:44,Act06,0.23777652576487146,Act09,0.18776565746961027
13:12:45,Act06,0.23777652576487146,Act09,0.18776565746961027
13:12:46,Act06,0.23777652576487146,Act09,0.18776565746961027
13:12:47,Act06,0.23777652576487146,Act09,0.18776565746961027
13:12:48,Act06,0.23777652576487146,Act09,0.18776565746961027
13:12:49,Act06,0.23777652576487146,Act09,0.18776565746961027
13:12:50,Act06,0.23777652576487146,Act09,0.18776565746961027
13:12:51,Act06,0.23777652576487146,Act09,0.18776565746961027
13:12:52,Act06,0.23777652576487146,Act09,0.18776565746961027
13:12:53,Act06,0.23777652576487146,Act09,0.18776565746961027
13:12:54,Act06,0.23777652576487146,Act09,0.18776565746961027
13:12:55,Act06,0.23777652576487146,Act09,0.18776565746961027
13:12:56,Act06,0.23777652576487146,Act09,0.18776565746961027
13:12:57,Act06,0.23777652576487146,Act09,0.18776565746961027
13:12:58,Act06,0.23777652576487146,Act09,0.18776565746961027
13:12:59,Act06,0.23777652576487146,Act09,0.18776565746961027
13:13:00,Act06,0.23777652576487146,Act09,0.18776565746961027
13:13:01,Act06,0.23777652576487146,Act09,0.18776565746961027
13:13:02,Act06,0.23777652576487146,Act09,0.18776565746961027
13:13:03,Act06,0.23777652576487146,Act09,0.18776565746961027
13:13:04,Act06,0.23777652576487146,Act09,0.18776565746961027
13:13:05,Act06,0.23777652576487146,Act09,0.18776565746961027
13:13:06,Act06,0.23777652576487146,Act09,0.18776565746961027
13:13:07,Act06,0.23777652576487146,Act09,0.18776565746961027
13:13:08,Act06,0.23777652576487146,Act09,0.18776565746961027
13:13:09,Act06,0.23777652576487146,Act09,0.18776565746961027
13:13:10,Act06,0.23777652576487146,Act09,0.18776565746961027
13:13:11,Act06,0.23777652576487146,Act09,0.18776565746961027
13:13:12,Act06,0.23777652576487146,Act09,0.18776565746961027
13:13:13,Act06,0.23777652576487146,Act09,0.18776565746961027
13:13:14,Act06,0.23777652576487146,Act09,0.18776565746961027
13:13:15,Act06,0.23777652576487146,Act09,0.18776565746961027
13:13:16,Act06,0.23777652576487146,Act09,0.18776565746961027
13:13:17,Act06,0.23777652576487146,Act09,0.18776565746961027
13:13:18,Act06,0.23777652576487146,Act09,0.18776565746961027
13:13:19,Act06,0.23777652576487146,Act09,0.18776565746961027
13:13:20,Act06,0.23777652576487146,Act09,0.18776565746961027
13:13:21,Act06,0.23777652576487146,Act09,0.18776565746961027
13:13:22,Act06,0.23777652576487146,Act09,0.18776565746961027
13:13:23,Act06,0.23777652576487146,Act09,0.18776565746961027
13:13:24,Act06,0.23777652576487146,Act09,0.18776565746961027
13:13:25,Act06,0.23777652576487146,Act09,0.18776565746961027
13:13:26,Act06,0.23777652576487146,Act09,0.18776565746961027
13:13:27,Act06,0.23777652576487146,Act09,0.18776565746961027
13:13:28,Act06,0.23777652576487146,Act09,0.18776565746961027
13:13:29,Act06,0.23777652576487146,Act09,0.18776565746961027
13:13:30,Act06,0.23777652576487146,Act09,0.18776565746961027
13:13:31,Act06,0.23777652576487146,Act09,0.18776565746961027
13:13:32,Act06,0.23777652576487146,Act09,0.18776565746961027
13:13:33,Act06,0.23777652576487146,Act09,0.18776565746961027
13:13:34,Act06,0.23777652576487146,Act09,0.18776565746961027
13:13:35,Act06,0.23777652576487146,Act09,0.18776565746961027
13:13:36,Act06,0.23777652576487146,Act09,0.18776565746961027
13:13:37,Act06,0.23777652576487146,Act09,0.18776565746961027
13:13:38,Act06,0.23777652576487146,Act09,0.18776565746961027
13:13:39,Act06,0.23777652576487146,Act09,0.18776565746961027
13:13:40,Act06,0.23777652576487146,Act09,0.18776565746961027
13:13:41,Act06,0.23777652576487146,Act09,0.18776565746961027
13:13:42,Act06,0.23777652576487146,Act09,0.18776565746961027
13:13:43,Act06,0.23777652576487146,Act09,0.18776565746961027
13:13:44,Act06,0.23777652576487146,Act09,0.18776565746961027
13:13:45,Act06,0.23777652576487146,Act09,0.18776565746961027
13:13:46,Act06,0.23777652576487146,Act09,0.18776565746961027
13:13:47,Act06,0.23777652576487146,Act09,0.18776565746961027
13:13:48,Act06,0.23777652576487146,Act09,0.18776565746961027
13:13:49,Act06,0.23777652576487146,Act09,0.18776565746961027
13:13:50,Act06,0.23777652576487146,Act09,0.18776565746961027
13:13:51,Act06,0.23777652576487146,Act09,0.18776565746961027
13:13:52,Act06,0.23777652576487146,Act09,0.18776565746961027
13:13:53,Act06,0.23777652576487146,Act09,0.18776565746961027
13:13:54,Act06,0.23777652576487146,Act09,0.18776565746961027
13:13:55,Act06,0.23777652576487146,Act09,0.18776565746961027
13:13:56,Act06,0.23777652576487146,Act09,0.18776565746961027
13:13:57,Act06,0.23777652576487146,Act09,0.18776565746961027
13:13:58,Act06,0.23777652576487146,Act09,0.18776565746961027
13:13:59,Act06,0.23777652576487146,Act09,0.18776565746961027
13:14:00,Act06,0.23777652576487146,Act09,0.18776565746961027
13:14:01,Act06,0.23777652576487146,Act09,0.18776565746961027
13:14:02,Act06,0.23777652576487146,Act09,0.18776565746961027
13:14:03,Act06,0.23777652576487146,Act09,0.18776565746961027
13:14:04,Act06,0.23777652576487146,Act09,0.18776565746961027
13:14:05,Act06,0.23777652576487146,Act09,0.18776565746961027
13:14:06,Act06,0.23777652576487146,Act09,0.18776565746961027
13:14:07,Act06,0.23777652576487146,Act09,0.18776565746961027
13:14:08,Act06,0.23777652576487146,Act09,0.18776565746961027
13:14:09,Act06,0.23777652576487146,Act09,0.18776565746961027
13:14:10,Act06,0.23777652576487146,Act09,0.18776565746961027
13:14:11,Act06,0.23777652576487146,Act09,0.18776565746961027
13:14:12,Act06,0.23777652576487146,Act09,0.18776565746961027
13:14:13,Act06,0.23777652576487146,Act09,0.18776565746961027
13:14:14,Act06,0.23777652576487146,Act09,0.18776565746961027
13:14:15,Act06,0.23777652576487146,Act09,0.18776565746961027
13:14:16,Act06,0.23777652576487146,Act09,0.18776565746961027
13:14:17,Act06,0.23777652576487146,Act09,0.18776565746961027
13:14:18,Act06,0.23777652576487146,Act09,0.18776565746961027
13:14:19,Act06,0.23777652576487146,Act09,0.18776565746961027
13:14:20,Act06,0.23777652576487146,Act09,0.18776565746961027
13:14:21,Act06,0.23777652576487146,Act09,0.18776565746961027
13:14:22,Act06,0.23777652576487146,Act09,0.18776565746961027
13:14:23,Act06,0.23777652576487146,Act09,0.18776565746961027
13:14:24,Act06,0.23777652576487146,Act09,0.18776565746961027
13:14:25,Act06,0.23777652576487146,Act09,0.18776565746961027
13:14:26,Act06,0.23777652576487146,Act09,0.18776565746961027
13:14:27,Act06,0.23777652576487146,Act09,0.18776565746961027
13:14:28,Act06,0.23777652576487146,Act09,0.18776565746961027
13:14:29,Act06,0.23777652576487146,Act09,0.18776565746961027
13:14:30,Act06,0.23777652576487146,Act09,0.18776565746961027
13:14:31,Act06,0.23777652576487146,Act09,0.18776565746961027
13:14:32,Act06,0.23777652576487146,Act09,0.18776565746961027
13:14:33,Act06,0.23777652576487146,Act09,0.18776565746961027
13:14:34,Act06,0.23777652576487146,Act09,0.18776565746961027
13:14:35,Act06,0.23777652576487146,Act09,0.18776565746961027
13:14:36,Act06,0.23777652576487146,Act09,0.18776565746961027
13:14:37,Act06,0.23777652576487146,Act09,0.18776565746961027
13:14:38,Act06,0.23777652576487146,Act09,0.18776565746961027
13:14:39,Act06,0.23777652576487146,Act09,0.18776565746961027
13:14:40,Act06,0.23777652576487146,Act09,0.18776565746961027
13:14:41,Act06,0.23777652576487146,Act09,0.18776565746961027
13:14:42,Act06,0.23777652576487146,Act09,0.18776565746961027
13:14:43,Act06,0.23777652576487146,Act09,0.18776565746961027
13:14:44,Act06,0.23777652576487146,Act09,0.18776565746961027
13:14:45,Act06,0.23777652576487146,Act09,0.18776565746961027
13:14:46,Act06,0.23777652576487146,Act09,0.18776565746961027
13:14:47,Act06,0.23777652576487146,Act09,0.18776565746961027
13:14:48,Act06,0.23777652576487146,Act09,0.18776565746961027
13:14:49,Act06,0.23777652576487146,Act09,0.18776565746961027
13:14:50,Act06,0.23777652576487146,Act09,0.18776565746961027
13:14:51,Act06,0.23777652576487146,Act09,0.18776565746961027
13:14:52,Act06,0.23777652576487146,Act09,0.18776565746961027
13:14:53,Act06,0.23777652576487146,Act09,0.18776565746961027
13:14:54,Act06,0.23777652576487146,Act09,0.18776565746961027
13:14:55,Act06,0.23777652576487146,Act09,0.18776565746961027
13:14:56,Act06,0.23777652576487146,Act09,0.18776565746961027
13:14:57,Act06,0.23777652576487146,Act09,0.18776565746961027
13:14:58,Act06,0.23777652576487146,Act09,0.18776565746961027
13:14:59,Act06,0.23777652576487146,Act09,0.18776565746961027
13:15:00,Act06,0.23777652576487146,Act09,0.18776565746961027
13:15:01,Act06,0.23777652576487146,Act09,0.18776565746961027
13:15:02,Act06,0.23777652576487146,Act09,0.18776565746961027
13:15:03,Act06,0.23777652576487146,Act09,0.18776565746961027
13:15:04,Act06,0.23777652576487146,Act09,0.18776565746961027
13:15:05,Act06,0.23777652576487146,Act09,0.18776565746961027
13:15:06,Act06,0.23777652576487146,Act09,0.18776565746961027
13:15:07,Act06,0.23777652576487146,Act09,0.18776565746961027
13:15:08,Act06,0.23777652576487146,Act09,0.18776565746961027
13:15:09,Act06,0.23777652576487146,Act09,0.18776565746961027
13:15:10,Act06,0.23777652576487146,Act09,0.18776565746961027
13:15:11,Act06,0.23777652576487146,Act09,0.18776565746961027
13:15:12,Act06,0.23777652576487146,Act09,0.18776565746961027
13:15:13,Act06,0.23777652576487146,Act09,0.18776565746961027
13:15:14,Act06,0.23777652576487146,Act09,0.18776565746961027
13:15:15,Act06,0.23777652576487146,Act09,0.18776565746961027
13:15:16,Act06,0.23777652576487146,Act09,0.18776565746961027
13:15:17,Act06,0.23777652576487146,Act09,0.18776565746961027
13:15:18,Act06,0.23777652576487146,Act09,0.18776565746961027
13:15:19,Act06,0.23777652576487146,Act09,0.18776565746961027
13:15:20,Act06,0.23777652576487146,Act09,0.18776565746961027
13:15:21,Act06,0.23777652576487146,Act09,0.18776565746961027
13:15:22,Act06,0.23777652576487146,Act09,0.18776565746961027
13:15:23,Act06,0.23777652576487146,Act09,0.18776565746961027
13:15:24,Act06,0.23777652576487146,Act09,0.18776565746961027
13:15:25,Act06,0.23777652576487146,Act09,0.18776565746961027
13:15:26,Act06,0.23777652576487146,Act09,0.18776565746961027
13:15:27,Act06,0.23777652576487146,Act09,0.18776565746961027
13:15:28,Act06,0.23777652576487146,Act09,0.18776565746961027
13:15:29,Act06,0.23777652576487146,Act09,0.18776565746961027
13:15:30,Act06,0.23777652576487146,Act09,0.18776565746961027
13:15:31,Act06,0.23777652576487146,Act09,0.18776565746961027
13:15:32,Act06,0.23777652576487146,Act09,0.18776565746961027
13:15:33,Act06,0.23777652576487146,Act09,0.18776565746961027
13:15:34,Act06,0.23777652576487146,Act09,0.18776565746961027
13:15:35,Act06,0.23777652576487146,Act09,0.18776565746961027
13:15:36,Act06,0.23777652576487146,Act09,0.18776565746961027
13:15:37,Act06,0.23777652576487146,Act09,0.18776565746961027
13:15:38,Act06,0.23777652576487146,Act09,0.18776565746961027
13:15:39,Act06,0.23777652576487146,Act09,0.18776565746961027
13:15:40,Act06,0.23777652576487146,Act09,0.18776565746961027
13:15:41,Act06,0.23777652576487146,Act09,0.18776565746961027
13:15:42,Act06,0.23777652576487146,Act09,0.18776565746961027
13:15:43,Act06,0.23777652576487146,Act09,0.18776565746961027
13:15:44,Act06,0.23777652576487146,Act09,0.18776565746961027
13:15:45,Act06,0.23777652576487146,Act09,0.18776565746961027
13:15:46,Act06,0.23777652576487146,Act09,0.18776565746961027
13:15:47,Act06,0.23777652576487146,Act09,0.18776565746961027
13:15:48,Act06,0.23777652576487146,Act09,0.18776565746961027
13:15:49,Act06,0.23777652576487146,Act09,0.18776565746961027
13:15:50,Act06,0.23777652576487146,Act09,0.18776565746961027
13:15:51,Act06,0.23777652576487146,Act09,0.18776565746961027
13:15:52,Act06,0.23777652576487146,Act09,0.18776565746961027
13:15:53,Act06,0.23777652576487146,Act09,0.18776565746961027
13:15:54,Act06,0.23777652576487146,Act09,0.18776565746961027
13:15:55,Act06,0.23777652576487146,Act09,0.18776565746961027
13:15:56,Act06,0.23777652576487146,Act09,0.18776565746961027
13:15:57,Act06,0.23777652576487146,Act09,0.18776565746961027
13:15:58,Act06,0.23777652576487146,Act09,0.18776565746961027
13:15:59,Act06,0.23777652576487146,Act09,0.18776565746961027
13:16:00,Act06,0.23777652576487146,Act09,0.18776565746961027
13:16:01,Act06,0.23777652576487146,Act09,0.18776565746961027
13:16:02,Act06,0.23777652576487146,Act09,0.18776565746961027
13:16:03,Act06,0.23777652576487146,Act09,0.18776565746961027
13:16:04,Act09,0.9237912904957939,Act12,0.05671638652267301
13:16:05,Act09,0.9237912904957939,Act12,0.05671638652267301
13:16:06,Act09,0.9237912904957939,Act12,0.05671638652267301
13:16:07,Act12,1.0,Act20,0.0
13:16:08,Act12,0.7941669458168723,Act15,0.20583305418312783
13:16:09,Act09,0.9237912904957939,Act12,0.05671638652267301
13:16:10,Act09,0.8068152221703414,Act12,0.11291958877752749
13:16:11,Act09,0.7801573912443216,Act12,0.187212555081939
13:16:12,Act09,0.7801573912443216,Act12,0.187212555081939
13:16:13,Act12,0.5726467112909936,Act15,0.29683839694866554
13:16:14,Act06,0.23777652576487146,Act09,0.18776565746961027
13:16:15,Act06,0.23777652576487146,Act09,0.18776565746961027
13:16:16,Act06,0.23777652576487146,Act09,0.18776565746961027
13:16:17,Act06,0.23777652576487146,Act09,0.18776565746961027
13:16:18,Act12,0.7941669458168723,Act15,0.20583305418312783
13:16:19,Act12,0.7941669458168723,Act15,0.20583305418312783
13:16:20,Act12,0.5726467112909936,Act15,0.29683839694866554
13:16:21,Act12,0.5726467112909936,Act15,0.29683839694866554
13:16:22,Act12,0.5726467112909936,Act15,0.29683839694866554
13:16:23,Act12,0.5726467112909936,Act15,0.29683839694866554
13:16:24,Act12,0.5726467112909936,Act15,0.29683839694866554
13:16:25,Act12,0.5726467112909936,Act15,0.29683839694866554
13:16:26,Act12,0.5726467112909936,Act15,0.29683839694866554
13:16:27,Act12,0.5726467112909936,Act15,0.29683839694866554
13:16:28,Act06,0.23777652576487146,Act09,0.18776565746961027
13:16:29,Act12,0.5726467112909936,Act15,0.29683839694866554
13:16:30,Act12,0.5726467112909936,Act15,0.29683839694866554
13:16:31,Act12,0.5726467112909936,Act15,0.29683839694866554
13:16:32,Act12,0.5726467112909936,Act15,0.29683839694866554
13:16:33,Act12,0.5726467112909936,Act15,0.29683839694866554
13:16:34,Act12,0.5726467112909936,Act15,0.29683839694866554
13:16:35,Act12,0.5726467112909936,Act15,0.29683839694866554
13:16:36,Act12,0.5726467112909936,Act15,0.29683839694866554
13:16:37,Act12,0.5726467112909936,Act15,0.29683839694866554
13:16:38,Act12,0.5726467112909936,Act15,0.29683839694866554
13:16:39,Act12,0.5726467112909936,Act15,0.29683839694866554
13:16:40,Act12,0.5726467112909936,Act15,0.29683839694866554
13:16:41,Act12,0.5726467112909936,Act15,0.29683839694866554
13:16:42,Act12,0.5726467112909936,Act15,0.29683839694866554
13:16:43,Act12,0.5726467112909936,Act15,0.29683839694866554
13:16:44,Act12,0.5726467112909936,Act15,0.29683839694866554
13:16:45,Act12,0.5726467112909936,Act15,0.29683839694866554
13:16:46,Act12,0.5726467112909936,Act15,0.29683839694866554
13:16:47,Act12,0.5726467112909936,Act15,0.29683839694866554
13:16:48,Act12,0.5726467112909936,Act15,0.29683839694866554
13:16:49,Act12,0.5726467112909936,Act15,0.29683839694866554
13:16:50,Act12,0.5726467112909936,Act15,0.29683839694866554
13:16:51,Act06,0.23777652576487146,Act09,0.18776565746961027
13:16:52,Act06,0.23777652576487146,Act09,0.18776565746961027
13:16:53,Act06,0.23777652576487146,Act09,0.18776565746961027
13:16:54,Act06,0.23777652576487146,Act09,0.18776565746961027
13:16:55,Act06,0.23777652576487146,Act09,0.18776565746961027
13:16:56,Act12,0.5726467112909936,Act15,0.29683839694866554
13:16:57,Act12,0.730456891638578,Act15,0.18532088167619856
13:16:58,Act12,0.730456891638578,Act15,0.18532088167619856
13:16:59,Act12,0.730456891638578,Act15,0.18532088167619856
13:17:00,Act12,0.730456891638578,Act15,0.18532088167619856
13:17:01,Act12,0.730456891638578,Act15,0.18532088167619856
13:17:02,Act12,0.5726467112909936,Act15,0.29683839694866554
13:17:03,Act06,0.23777652576487146,Act09,0.18776565746961027
13:17:04,Act06,0.23777652576487146,Act09,0.18776565746961027
13:17:05,Act06,0.23777652576487146,Act09,0.18776565746961027
13:17:06,Act09,0.8068152221703414,Act12,0.11291958877752749
13:17:07,Act06,0.23777652576487146,Act09,0.18776565746961027
13:17:08,Act06,0.23777652576487146,Act09,0.18776565746961027
13:17:09,Act06,0.23777652576487146,Act09,0.18776565746961027
13:17:10,Act06,0.23777652576487146,Act09,0.18776565746961027
13:17:11,Act06,0.23777652576487146,Act09,0.18776565746961027
13:17:12,Act06,0.23777652576487146,Act09,0.18776565746961027
13:17:13,Act12,0.5726467112909936,Act15,0.29683839694866554
13:17:14,Act12,0.5726467112909936,Act15,0.29683839694866554
13:17:15,Act06,0.23777652576487146,Act09,0.18776565746961027
13:17:16,Act06,0.23777652576487146,Act09,0.18776565746961027
13:17:17,Act06,0.23777652576487146,Act09,0.18776565746961027
13:17:18,Act06,0.23777652576487146,Act09,0.18776565746961027
13:17:19,Act06,0.23777652576487146,Act09,0.18776565746961027
13:17:20,Act06,0.23777652576487146,Act09,0.18776565746961027
13:17:21,Act06,0.23777652576487146,Act09,0.18776565746961027
13:17:22,Act06,0.23777652576487146,Act09,0.18776565746961027
13:17:23,Act06,0.23777652576487146,Act09,0.18776565746961027
13:17:24,Act06,0.23777652576487146,Act09,0.18776565746961027
13:17:25,Act06,0.23777652576487146,Act09,0.18776565746961027
13:17:26,Act06,0.23777652576487146,Act09,0.18776565746961027
13:17:27,Act06,0.23777652576487146,Act09,0.18776565746961027
13:17:28,Act06,0.23777652576487146,Act09,0.18776565746961027
13:17:29,Act06,0.23777652576487146,Act09,0.18776565746961027
13:17:30,Act06,0.23777652576487146,Act09,0.18776565746961027
13:17:31,Act06,0.23777652576487146,Act09,0.18776565746961027
13:17:32,Act15,0.5487075871997221,Act14,0.2823683816272897
13:17:33,Act15,0.5487075871997221,Act14,0.2823683816272897
13:17:34,Act15,0.5487075871997221,Act14,0.2823683816272897
13:17:35,Act15,0.5487075871997221,Act14,0.2823683816272897
13:17:36,Act15,0.5487075871997221,Act14,0.2823683816272897
13:17:37,Act15,0.5487075871997221,Act14,0.2823683816272897
13:17:38,Act06,0.23777652576487146,Act09,0.18776565746961027
13:17:39,Act06,0.23777652576487146,Act09,0.18776565746961027
13:17:40,Act06,0.23777652576487146,Act09,0.18776565746961027
13:17:41,Act06,0.23777652576487146,Act09,0.18776565746961027
13:17:42,Act06,0.23777652576487146,Act09,0.18776565746961027
13:17:43,Act06,0.23777652576487146,Act09,0.18776565746961027
13:17:44,Act09,0.8068152221703414,Act12,0.11291958877752749
13:17:45,Act09,0.8068152221703414,Act12,0.11291958877752749
13:17:46,Act06,0.23777652576487146,Act09,0.18776565746961027
13:17:47,Act06,0.23777652576487146,Act09,0.18776565746961027
13:17:48,Act06,0.23777652576487146,Act09,0.18776565746961027
13:17:49,Act06,0.23777652576487146,Act09,0.18776565746961027
13:17:50,Act06,0.23777652576487146,Act09,0.18776565746961027
13:17:51,Act06,0.23777652576487146,Act09,0.18776565746961027
13:17:52,Act06,0.23777652576487146,Act09,0.18776565746961027
13:17:53,Act06,0.23777652576487146,Act09,0.18776565746961027
13:17:54,Act06,0.23777652576487146,Act09,0.18776565746961027
