TIMESTAMP,PREDICCION,PROB1,PREDICCION_2,PROB2
13:13:49,Act06,0.23777652576487146,Act09,0.18776565746961027
13:13:50,Act06,0.23777652576487146,Act09,0.18776565746961027
13:13:51,Act06,0.23777652576487146,Act09,0.18776565746961027
13:13:52,Act06,0.23777652576487146,Act09,0.18776565746961027
13:13:53,Act06,0.23777652576487146,Act09,0.18776565746961027
13:13:54,Act06,0.23777652576487146,Act09,0.18776565746961027
13:13:55,Act06,0.23777652576487146,Act09,0.18776565746961027
13:13:56,Act06,0.23777652576487146,Act09,0.18776565746961027
13:13:57,Act06,0.23777652576487146,Act09,0.18776565746961027
13:13:58,Act06,0.23777652576487146,Act09,0.18776565746961027
13:13:59,Act06,0.23777652576487146,Act09,0.18776565746961027
13:14:00,Act06,0.23777652576487146,Act09,0.18776565746961027
13:14:01,Act06,0.23777652576487146,Act09,0.18776565746961027
13:14:02,Act06,0.23777652576487146,Act09,0.18776565746961027
13:14:03,Act06,0.23777652576487146,Act09,0.18776565746961027
13:14:04,Act06,0.23777652576487146,Act09,0.18776565746961027
13:14:05,Act06,0.23777652576487146,Act09,0.18776565746961027
13:14:06,Act06,0.23777652576487146,Act09,0.18776565746961027
13:14:07,Act06,0.23777652576487146,Act09,0.18776565746961027
13:14:08,Act06,0.23777652576487146,Act09,0.18776565746961027
13:14:09,Act06,0.23777652576487146,Act09,0.18776565746961027
13:14:10,Act06,0.23777652576487146,Act09,0.18776565746961027
13:14:11,Act15,0.5487075871997221,Act14,0.2823683816272897
13:14:12,Act15,0.5487075871997221,Act14,0.2823683816272897
13:14:13,Act06,0.23777652576487146,Act09,0.18776565746961027
13:14:14,Act06,0.23777652576487146,Act09,0.18776565746961027
13:14:15,Act06,0.23777652576487146,Act09,0.18776565746961027
13:14:16,Act06,0.23777652576487146,Act09,0.18776565746961027
13:14:17,Act06,0.23777652576487146,Act09,0.18776565746961027
13:14:18,Act06,0.23777652576487146,Act09,0.18776565746961027
13:14:19,Act06,0.23777652576487146,Act09,0.18776565746961027
13:14:20,Act06,0.23777652576487146,Act09,0.18776565746961027
13:14:21,Act06,0.23777652576487146,Act09,0.18776565746961027
13:14:22,Act06,0.23777652576487146,Act09,0.18776565746961027
13:14:23,Act06,0.23777652576487146,Act09,0.18776565746961027
13:14:24,Act06,0.23777652576487146,Act09,0.18776565746961027
13:14:25,Act06,0.23777652576487146,Act09,0.18776565746961027
13:14:26,Act06,0.23777652576487146,Act09,0.18776565746961027
13:14:27,Act06,0.23777652576487146,Act09,0.18776565746961027
13:14:28,Act06,0.23777652576487146,Act09,0.18776565746961027
13:14:29,Act06,0.23777652576487146,Act09,0.18776565746961027
13:14:30,Act06,0.23777652576487146,Act09,0.18776565746961027
13:14:31,Act06,0.23777652576487146,Act09,0.18776565746961027
13:14:32,Act06,0.23777652576487146,Act09,0.18776565746961027
13:14:33,Act06,0.23777652576487146,Act09,0.18776565746961027
13:14:34,Act06,0.23777652576487146,Act09,0.18776565746961027
13:14:35,Act06,0.23777652576487146,Act09,0.18776565746961027
13:14:36,Act06,0.23777652576487146,Act09,0.18776565746961027
13:14:37,Act06,0.23777652576487146,Act09,0.18776565746961027
13:14:38,Act06,0.23777652576487146,Act09,0.18776565746961027
13:14:39,Act06,0.23777652576487146,Act09,0.18776565746961027
13:14:40,Act06,0.23777652576487146,Act09,0.18776565746961027
13:14:41,Act06,0.23777652576487146,Act09,0.18776565746961027
13:14:42,Act06,0.23777652576487146,Act09,0.18776565746961027
13:14:43,Act15,0.7984467326704614,Act17,0.07233479853219729
13:14:44,Act15,0.6194000784651098,Act08,0.33998050640370536
13:14:45,Act08,0.6126870110820108,Act15,0.21576990895713494
13:14:46,Act03,0.6637985499281052,Act06,0.13700338854343616
13:14:47,Act08,0.6126870110820108,Act15,0.21576990895713494
13:14:48,Act08,0.7411572877604516,Act15,0.15387940480529438
13:14:49,Act08,0.7411572877604516,Act15,0.15387940480529438
13:14:50,Act03,0.2949374571594773,Act08,0.22750411011406765
13:14:51,Act03,0.2949374571594773,Act08,0.22750411011406765
13:14:52,Act03,0.2949374571594773,Act08,0.22750411011406765
13:14:53,Act03,0.8144496502321585,Act08,0.10108105517517686
13:14:54,Act03,0.2949374571594773,Act08,0.22750411011406765
13:14:55,Act03,0.6612478125116414,Act08,0.10770085796957707
13:14:56,Act03,0.9330957294576895,Act06,0.04657803617888767
13:14:57,Act03,0.9308000364247996,Act08,0.05035216493916983
13:14:58,Act03,0.9308000364247996,Act08,0.05035216493916983
13:14:59,Act03,0.9330957294576895,Act06,0.04657803617888767
13:15:00,Act03,0.9917190427396456,Act08,0.00828095726035439
13:15:01,Act03,0.9917190427396456,Act08,0.00828095726035439
13:15:02,Act03,0.9917190427396456,Act08,0.00828095726035439
13:15:03,Act03,0.9838298195519003,Act15,0.011374918156334284
13:15:04,Act03,0.9838298195519003,Act15,0.011374918156334284
13:15:05,Act03,0.9838298195519003,Act15,0.011374918156334284
13:15:06,Act03,0.9838298195519003,Act15,0.011374918156334284
13:15:07,Act15,0.6217439572295028,Act03,0.3502446502635339
13:15:08,Act06,0.23777652576487146,Act09,0.18776565746961027
13:15:09,Act06,0.23777652576487146,Act09,0.18776565746961027
13:15:10,Act06,0.23777652576487146,Act09,0.18776565746961027
13:15:11,Act03,0.9330957294576895,Act06,0.04657803617888767
13:15:12,Act03,0.9838298195519003,Act15,0.011374918156334284
13:15:13,Act03,0.9838298195519003,Act15,0.011374918156334284
13:15:14,Act06,0.23777652576487146,Act09,0.18776565746961027
13:15:15,Act06,0.23777652576487146,Act09,0.18776565746961027
13:15:16,Act06,0.23777652576487146,Act09,0.18776565746961027
13:15:17,Act03,0.9330957294576895,Act06,0.04657803617888767
13:15:18,Act03,0.9330957294576895,Act06,0.04657803617888767
13:15:19,Act03,0.9330957294576895,Act06,0.04657803617888767
13:15:20,Act06,0.23777652576487146,Act09,0.18776565746961027
13:15:21,Act06,0.23777652576487146,Act09,0.18776565746961027
13:15:22,Act03,0.9330957294576895,Act06,0.04657803617888767
13:15:23,Act03,0.9838298195519003,Act15,0.011374918156334284
13:15:24,Act03,0.9330957294576895,Act06,0.04657803617888767
13:15:25,Act03,0.9330957294576895,Act06,0.04657803617888767
13:15:26,Act03,0.9838298195519003,Act15,0.011374918156334284
13:15:27,Act03,0.9308000364247996,Act08,0.05035216493916983
13:15:28,Act03,0.8144496502321585,Act08,0.10108105517517686
13:15:29,Act03,0.8144496502321585,Act08,0.10108105517517686
13:15:30,Act03,0.9308000364247996,Act08,0.05035216493916983
13:15:31,Act06,0.23777652576487146,Act09,0.18776565746961027
13:15:32,Act06,0.23777652576487146,Act09,0.18776565746961027
13:15:33,Act06,0.23777652576487146,Act09,0.18776565746961027
13:15:34,Act03,0.2949374571594773,Act08,0.22750411011406765
13:15:35,Act03,0.2949374571594773,Act08,0.22750411011406765
13:15:36,Act03,0.2949374571594773,Act08,0.22750411011406765
13:15:37,Act03,0.9308000364247996,Act08,0.05035216493916983
13:15:38,Act03,0.9308000364247996,Act08,0.05035216493916983
13:15:39,Act03,0.9917190427396456,Act08,0.00828095726035439
13:15:40,Act03,0.9308000364247996,Act08,0.05035216493916983
13:15:41,Act03,0.9308000364247996,Act08,0.05035216493916983
13:15:42,Act03,0.9308000364247996,Act08,0.05035216493916983
13:15:43,Act03,0.9308000364247996,Act08,0.05035216493916983
13:15:44,Act03,0.9308000364247996,Act08,0.05035216493916983
13:15:45,Act03,0.9308000364247996,Act08,0.05035216493916983
13:15:46,Act06,0.23777652576487146,Act09,0.18776565746961027
13:15:47,Act06,0.23777652576487146,Act09,0.18776565746961027
13:15:48,Act06,0.23777652576487146,Act09,0.18776565746961027
13:15:49,Act03,0.6612478125116414,Act08,0.10770085796957707
13:15:50,Act03,0.2949374571594773,Act08,0.22750411011406765
13:15:51,Act03,0.89394960383693,Act08,0.07309464725247425
13:15:52,Act03,0.89394960383693,Act08,0.07309464725247425
13:15:53,Act03,0.89394960383693,Act08,0.07309464725247425
13:15:54,Act03,0.9917190427396456,Act08,0.00828095726035439
13:15:55,Act03,0.9917190427396456,Act08,0.00828095726035439
13:15:56,Act03,0.9838298195519003,Act15,0.011374918156334284
13:15:57,Act03,0.9330957294576895,Act06,0.04657803617888767
13:15:58,Act03,0.9308000364247996,Act08,0.05035216493916983
13:15:59,Act03,0.9308000364247996,Act08,0.05035216493916983
13:16:00,Act03,0.9308000364247996,Act08,0.05035216493916983
13:16:01,Act03,0.9308000364247996,Act08,0.05035216493916983
13:16:02,Act03,0.9917190427396456,Act08,0.00828095726035439
13:16:03,Act03,0.9308000364247996,Act08,0.05035216493916983
13:16:04,Act03,0.8144496502321585,Act08,0.10108105517517686
13:16:05,Act03,0.89394960383693,Act08,0.07309464725247425
13:16:06,Act03,0.89394960383693,Act08,0.07309464725247425
13:16:07,Act03,0.8144496502321585,Act08,0.10108105517517686
13:16:08,Act03,0.8144496502321585,Act08,0.10108105517517686
13:16:09,Act03,0.89394960383693,Act08,0.07309464725247425
13:16:10,Act03,0.9261876626644961,Act15,0.06442198074426253
13:16:11,Act06,0.23777652576487146,Act09,0.18776565746961027
13:16:12,Act03,0.8144496502321585,Act08,0.10108105517517686
13:16:13,Act03,0.8144496502321585,Act08,0.10108105517517686
13:16:14,Act03,0.89394960383693,Act08,0.07309464725247425
13:16:15,Act03,0.89394960383693,Act08,0.07309464725247425
13:16:16,Act03,0.89394960383693,Act08,0.07309464725247425
13:16:17,Act03,0.89394960383693,Act08,0.07309464725247425
13:16:18,Act03,0.9838298195519003,Act15,0.011374918156334284
13:16:19,Act03,0.6612478125116414,Act08,0.10770085796957707
13:16:20,Act03,0.2949374571594773,Act08,0.22750411011406765
13:16:21,Act03,0.89394960383693,Act08,0.07309464725247425
13:16:22,Act03,0.3973925150278341,Act15,0.32157121967117636
13:16:23,Act03,0.89394960383693,Act08,0.07309464725247425
13:16:24,Act03,0.89394960383693,Act08,0.07309464725247425
13:16:25,Act03,0.9917190427396456,Act08,0.00828095726035439
13:16:26,Act03,0.9308000364247996,Act08,0.05035216493916983
13:16:27,Act03,0.9308000364247996,Act08,0.05035216493916983
13:16:28,Act03,0.9308000364247996,Act08,0.05035216493916983
13:16:29,Act03,0.9308000364247996,Act08,0.05035216493916983
13:16:30,Act03,0.9308000364247996,Act08,0.05035216493916983
13:16:31,Act03,0.9308000364247996,Act08,0.05035216493916983
13:16:32,Act03,0.9330957294576895,Act06,0.04657803617888767
13:16:33,Act03,0.9330957294576895,Act06,0.04657803617888767
13:16:34,Act03,0.9330957294576895,Act06,0.04657803617888767
13:16:35,Act03,0.9330957294576895,Act06,0.04657803617888767
13:16:36,Act03,0.9330957294576895,Act06,0.04657803617888767
13:16:37,Act06,0.23777652576487146,Act09,0.18776565746961027
13:16:38,Act03,0.9330957294576895,Act06,0.04657803617888767
13:16:39,Act03,0.9330957294576895,Act06,0.04657803617888767
13:16:40,Act06,0.23777652576487146,Act09,0.18776565746961027
13:16:41,Act06,0.23777652576487146,Act09,0.18776565746961027
13:16:42,Act06,0.23777652576487146,Act09,0.18776565746961027
13:16:43,Act06,0.23777652576487146,Act09,0.18776565746961027
13:16:44,Act03,0.9330957294576895,Act06,0.04657803617888767
13:16:45,Act03,0.9330957294576895,Act06,0.04657803617888767
13:16:46,Act03,0.9330957294576895,Act06,0.04657803617888767
13:16:47,Act06,0.23777652576487146,Act09,0.18776565746961027
13:16:48,Act06,0.23777652576487146,Act09,0.18776565746961027
13:16:49,Act03,0.9330957294576895,Act06,0.04657803617888767
13:16:50,Act03,0.9330957294576895,Act06,0.04657803617888767
13:16:51,Act03,0.9330957294576895,Act06,0.04657803617888767
13:16:52,Act03,0.9330957294576895,Act06,0.04657803617888767
13:16:53,Act03,0.9330957294576895,Act06,0.04657803617888767
13:16:54,Act06,0.23777652576487146,Act09,0.18776565746961027
13:16:55,Act03,0.9330957294576895,Act06,0.04657803617888767
13:16:56,Act03,0.9330957294576895,Act06,0.04657803617888767
13:16:57,Act06,0.23777652576487146,Act09,0.18776565746961027
13:16:58,Act06,0.23777652576487146,Act09,0.18776565746961027
13:16:59,Act06,0.23777652576487146,Act09,0.18776565746961027
13:17:00,Act03,0.9330957294576895,Act06,0.04657803617888767
13:17:01,Act06,0.23777652576487146,Act09,0.18776565746961027
13:17:02,Act06,0.23777652576487146,Act09,0.18776565746961027
13:17:03,Act06,0.23777652576487146,Act09,0.18776565746961027
13:17:04,Act06,0.23777652576487146,Act09,0.18776565746961027
13:17:05,Act06,0.23777652576487146,Act09,0.18776565746961027
13:17:06,Act06,0.23777652576487146,Act09,0.18776565746961027
13:17:07,Act03,0.9330957294576895,Act06,0.04657803617888767
13:17:08,Act03,0.9330957294576895,Act06,0.04657803617888767
13:17:09,Act03,0.9330957294576895,Act06,0.04657803617888767
13:17:10,Act03,0.9330957294576895,Act06,0.04657803617888767
13:17:11,Act06,0.23777652576487146,Act09,0.18776565746961027
13:17:12,Act06,0.23777652576487146,Act09,0.18776565746961027
13:17:13,Act06,0.23777652576487146,Act09,0.18776565746961027
13:17:14,Act03,0.9330957294576895,Act06,0.04657803617888767
13:17:15,Act03,0.9330957294576895,Act06,0.04657803617888767
13:17:16,Act03,0.9330957294576895,Act06,0.04657803617888767
13:17:17,Act03,0.9330957294576895,Act06,0.04657803617888767
13:17:18,Act03,0.9330957294576895,Act06,0.04657803617888767
13:17:19,Act06,0.23777652576487146,Act09,0.18776565746961027
13:17:20,Act03,0.9330957294576895,Act06,0.04657803617888767
13:17:21,Act03,0.9330957294576895,Act06,0.04657803617888767
13:17:22,Act06,0.23777652576487146,Act09,0.18776565746961027
13:17:23,Act06,0.23777652576487146,Act09,0.18776565746961027
13:17:24,Act06,0.23777652576487146,Act09,0.18776565746961027
13:17:25,Act03,0.9330957294576895,Act06,0.04657803617888767
13:17:26,Act03,0.9330957294576895,Act06,0.04657803617888767
13:17:27,Act03,0.9330957294576895,Act06,0.04657803617888767
13:17:28,Act03,0.9330957294576895,Act06,0.04657803617888767
13:17:29,Act03,0.9330957294576895,Act06,0.04657803617888767
13:17:30,Act03,0.9330957294576895,Act06,0.04657803617888767
13:17:31,Act03,0.9330957294576895,Act06,0.04657803617888767
13:17:32,Act03,0.9330957294576895,Act06,0.04657803617888767
13:17:33,Act03,0.9330957294576895,Act06,0.04657803617888767
13:17:34,Act03,0.9330957294576895,Act06,0.04657803617888767
13:17:35,Act03,0.9330957294576895,Act06,0.04657803617888767
13:17:36,Act03,0.9330957294576895,Act06,0.04657803617888767
13:17:37,Act03,0.9330957294576895,Act06,0.04657803617888767
13:17:38,Act03,0.9330957294576895,Act06,0.04657803617888767
13:17:39,Act03,0.9330957294576895,Act06,0.04657803617888767
13:17:40,Act03,0.9330957294576895,Act06,0.04657803617888767
13:17:41,Act03,0.9330957294576895,Act06,0.04657803617888767
13:17:42,Act03,0.9330957294576895,Act06,0.04657803617888767
13:17:43,Act03,0.9330957294576895,Act06,0.04657803617888767
13:17:44,Act03,0.9330957294576895,Act06,0.04657803617888767
13:17:45,Act06,0.23777652576487146,Act09,0.18776565746961027
13:17:46,Act15,0.6217439572295028,Act03,0.3502446502635339
13:17:47,Act15,0.6217439572295028,Act03,0.3502446502635339
13:17:48,Act06,0.23777652576487146,Act09,0.18776565746961027
13:17:49,Act06,0.23777652576487146,Act09,0.18776565746961027
13:17:50,Act06,0.23777652576487146,Act09,0.18776565746961027
13:17:51,Act06,0.23777652576487146,Act09,0.18776565746961027
13:17:52,Act06,0.23777652576487146,Act09,0.18776565746961027
13:17:53,Act06,0.23777652576487146,Act09,0.18776565746961027
13:17:54,Act03,0.9330957294576895,Act06,0.04657803617888767
13:17:55,Act03,0.9330957294576895,Act06,0.04657803617888767
13:17:56,Act03,0.9330957294576895,Act06,0.04657803617888767
13:17:57,Act03,0.9330957294576895,Act06,0.04657803617888767
13:17:58,Act03,0.9330957294576895,Act06,0.04657803617888767
13:17:59,Act03,0.9330957294576895,Act06,0.04657803617888767
13:18:00,Act03,0.9330957294576895,Act06,0.04657803617888767
13:18:01,Act06,0.23777652576487146,Act09,0.18776565746961027
13:18:02,Act03,0.9330957294576895,Act06,0.04657803617888767
13:18:03,Act03,0.9330957294576895,Act06,0.04657803617888767
13:18:04,Act03,0.9330957294576895,Act06,0.04657803617888767
13:18:05,Act03,0.9330957294576895,Act06,0.04657803617888767
13:18:06,Act06,0.23777652576487146,Act09,0.18776565746961027
13:18:07,Act03,0.9330957294576895,Act06,0.04657803617888767
13:18:08,Act03,0.9330957294576895,Act06,0.04657803617888767
13:18:09,Act03,0.9330957294576895,Act06,0.04657803617888767
13:18:10,Act03,0.9330957294576895,Act06,0.04657803617888767
13:18:11,Act06,0.23777652576487146,Act09,0.18776565746961027
13:18:12,Act06,0.23777652576487146,Act09,0.18776565746961027
13:18:13,Act06,0.23777652576487146,Act09,0.18776565746961027
13:18:14,Act06,0.23777652576487146,Act09,0.18776565746961027
13:18:15,Act06,0.23777652576487146,Act09,0.18776565746961027
13:18:16,Act06,0.23777652576487146,Act09,0.18776565746961027
13:18:17,Act06,0.23777652576487146,Act09,0.18776565746961027
13:18:18,Act06,0.23777652576487146,Act09,0.18776565746961027
13:18:19,Act06,0.23777652576487146,Act09,0.18776565746961027
13:18:20,Act06,0.23777652576487146,Act09,0.18776565746961027
13:18:21,Act06,0.23777652576487146,Act09,0.18776565746961027
13:18:22,Act06,0.23777652576487146,Act09,0.18776565746961027
13:18:23,Act06,0.23777652576487146,Act09,0.18776565746961027
13:18:24,Act06,0.23777652576487146,Act09,0.18776565746961027
13:18:25,Act06,0.23777652576487146,Act09,0.18776565746961027
13:18:26,Act06,0.23777652576487146,Act09,0.18776565746961027
13:18:27,Act06,0.23777652576487146,Act09,0.18776565746961027
13:18:28,Act06,0.23777652576487146,Act09,0.18776565746961027
13:18:29,Act06,0.23777652576487146,Act09,0.18776565746961027
13:18:30,Act06,0.23777652576487146,Act09,0.18776565746961027
13:18:31,Act06,0.23777652576487146,Act09,0.18776565746961027
13:18:32,Act03,0.9330957294576895,Act06,0.04657803617888767
13:18:33,Act03,0.9330957294576895,Act06,0.04657803617888767
13:18:34,Act03,0.9330957294576895,Act06,0.04657803617888767
13:18:35,Act06,0.23777652576487146,Act09,0.18776565746961027
13:18:36,Act06,0.23777652576487146,Act09,0.18776565746961027
13:18:37,Act06,0.23777652576487146,Act09,0.18776565746961027
13:18:38,Act06,0.23777652576487146,Act09,0.18776565746961027
13:18:39,Act06,0.23777652576487146,Act09,0.18776565746961027
13:18:40,Act06,0.23777652576487146,Act09,0.18776565746961027
13:18:41,Act06,0.23777652576487146,Act09,0.18776565746961027
13:18:42,Act03,0.9330957294576895,Act06,0.04657803617888767
13:18:43,Act03,0.9330957294576895,Act06,0.04657803617888767
13:18:44,Act03,0.9330957294576895,Act06,0.04657803617888767
13:18:45,Act09,1.0,Act20,0.0
13:18:46,Act15,0.7984467326704614,Act17,0.07233479853219729
13:18:47,Act15,0.7984467326704614,Act17,0.07233479853219729
13:18:48,Act06,0.23777652576487146,Act09,0.18776565746961027
13:18:49,Act06,0.23777652576487146,Act09,0.18776565746961027
13:18:50,Act06,0.23777652576487146,Act09,0.18776565746961027
13:18:51,Act06,0.23777652576487146,Act09,0.18776565746961027
13:18:52,Act06,0.23777652576487146,Act09,0.18776565746961027
13:18:53,Act06,0.23777652576487146,Act09,0.18776565746961027
13:18:54,Act06,0.23777652576487146,Act09,0.18776565746961027
13:18:55,Act06,0.23777652576487146,Act09,0.18776565746961027
13:18:56,Act03,0.9330957294576895,Act06,0.04657803617888767
13:18:57,Act06,0.23777652576487146,Act09,0.18776565746961027
13:18:58,Act06,0.23777652576487146,Act09,0.18776565746961027
13:18:59,Act06,0.23777652576487146,Act09,0.18776565746961027
13:19:00,Act06,0.23777652576487146,Act09,0.18776565746961027
13:19:01,Act06,0.23777652576487146,Act09,0.18776565746961027
13:19:02,Act06,0.23777652576487146,Act09,0.18776565746961027
13:19:03,Act06,0.23777652576487146,Act09,0.18776565746961027
13:19:04,Act06,0.23777652576487146,Act09,0.18776565746961027
13:19:05,Act06,0.23777652576487146,Act09,0.18776565746961027
13:19:06,Act06,0.23777652576487146,Act09,0.18776565746961027
13:19:07,Act06,0.23777652576487146,Act09,0.18776565746961027
13:19:08,Act06,0.23777652576487146,Act09,0.18776565746961027
13:19:09,Act06,0.23777652576487146,Act09,0.18776565746961027
13:19:10,Act06,0.23777652576487146,Act09,0.18776565746961027
13:19:11,Act06,0.23777652576487146,Act09,0.18776565746961027
13:19:12,Act06,0.23777652576487146,Act09,0.18776565746961027
13:19:13,Act06,0.23777652576487146,Act09,0.18776565746961027
13:19:14,Act06,0.23777652576487146,Act09,0.18776565746961027
13:19:15,Act06,0.23777652576487146,Act09,0.18776565746961027
13:19:16,Act06,0.23777652576487146,Act09,0.18776565746961027
13:19:17,Act06,0.23777652576487146,Act09,0.18776565746961027
13:19:18,Act06,0.23777652576487146,Act09,0.18776565746961027
13:19:19,Act06,0.23777652576487146,Act09,0.18776565746961027
13:19:20,Act06,0.23777652576487146,Act09,0.18776565746961027
13:19:21,Act06,0.23777652576487146,Act09,0.18776565746961027
13:19:22,Act06,0.23777652576487146,Act09,0.18776565746961027
13:19:23,Act06,0.23777652576487146,Act09,0.18776565746961027
13:19:24,Act06,0.23777652576487146,Act09,0.18776565746961027
13:19:25,Act06,0.23777652576487146,Act09,0.18776565746961027
13:19:26,Act06,0.23777652576487146,Act09,0.18776565746961027
13:19:27,Act03,0.9330957294576895,Act06,0.04657803617888767
13:19:28,Act03,0.9330957294576895,Act06,0.04657803617888767
13:19:29,Act03,0.9330957294576895,Act06,0.04657803617888767
13:19:30,Act03,0.9330957294576895,Act06,0.04657803617888767
13:19:31,Act03,0.9330957294576895,Act06,0.04657803617888767
13:19:32,Act03,0.9330957294576895,Act06,0.04657803617888767
13:19:33,Act03,0.9330957294576895,Act06,0.04657803617888767
13:19:34,Act03,0.9330957294576895,Act06,0.04657803617888767
13:19:35,Act03,0.9330957294576895,Act06,0.04657803617888767
13:19:36,Act03,0.9330957294576895,Act06,0.04657803617888767
13:19:37,Act06,0.23777652576487146,Act09,0.18776565746961027
13:19:38,Act06,0.23777652576487146,Act09,0.18776565746961027
13:19:39,Act06,0.23777652576487146,Act09,0.18776565746961027
13:19:40,Act06,0.23777652576487146,Act09,0.18776565746961027
13:19:41,Act06,0.23777652576487146,Act09,0.18776565746961027
13:19:42,Act03,0.9330957294576895,Act06,0.04657803617888767
13:19:43,Act03,0.9330957294576895,Act06,0.04657803617888767
13:19:44,Act03,0.9330957294576895,Act06,0.04657803617888767
13:19:45,Act03,0.9330957294576895,Act06,0.04657803617888767
13:19:46,Act03,0.9330957294576895,Act06,0.04657803617888767
13:19:47,Act03,0.9330957294576895,Act06,0.04657803617888767
13:19:48,Act03,0.9330957294576895,Act06,0.04657803617888767
13:19:49,Act06,0.23777652576487146,Act09,0.18776565746961027
13:19:50,Act03,0.9330957294576895,Act06,0.04657803617888767
13:19:51,Act03,0.9330957294576895,Act06,0.04657803617888767
13:19:52,Act06,0.23777652576487146,Act09,0.18776565746961027
13:19:53,Act06,0.23777652576487146,Act09,0.18776565746961027
13:19:54,Act03,0.9330957294576895,Act06,0.04657803617888767
13:19:55,Act03,0.9330957294576895,Act06,0.04657803617888767
13:19:56,Act03,0.9330957294576895,Act06,0.04657803617888767
13:19:57,Act03,0.9330957294576895,Act06,0.04657803617888767
13:19:58,Act06,0.23777652576487146,Act09,0.18776565746961027
13:19:59,Act03,0.9330957294576895,Act06,0.04657803617888767
13:20:00,Act03,0.9330957294576895,Act06,0.04657803617888767
13:20:01,Act03,0.9330957294576895,Act06,0.04657803617888767
13:20:02,Act03,0.9838298195519003,Act15,0.011374918156334284
13:20:03,Act03,0.9838298195519003,Act15,0.011374918156334284
13:20:04,Act03,0.9330957294576895,Act06,0.04657803617888767
13:20:05,Act03,0.9330957294576895,Act06,0.04657803617888767
13:20:06,Act03,0.9330957294576895,Act06,0.04657803617888767
13:20:07,Act06,0.23777652576487146,Act09,0.18776565746961027
13:20:08,Act03,0.9330957294576895,Act06,0.04657803617888767
13:20:09,Act06,0.23777652576487146,Act09,0.18776565746961027
13:20:10,Act06,0.23777652576487146,Act09,0.18776565746961027
13:20:11,Act06,0.23777652576487146,Act09,0.18776565746961027
13:20:12,Act06,0.23777652576487146,Act09,0.18776565746961027
13:20:13,Act06,0.23777652576487146,Act09,0.18776565746961027
13:20:14,Act06,0.23777652576487146,Act09,0.18776565746961027
13:20:15,Act06,0.23777652576487146,Act09,0.18776565746961027
13:20:16,Act06,0.23777652576487146,Act09,0.18776565746961027
13:20:17,Act06,0.23777652576487146,Act09,0.18776565746961027
13:20:18,Act06,0.23777652576487146,Act09,0.18776565746961027
13:20:19,Act06,0.23777652576487146,Act09,0.18776565746961027
13:20:20,Act03,0.9330957294576895,Act06,0.04657803617888767
13:20:21,Act03,0.9330957294576895,Act06,0.04657803617888767
13:20:22,Act03,0.9330957294576895,Act06,0.04657803617888767
13:20:23,Act03,0.9330957294576895,Act06,0.04657803617888767
13:20:24,Act03,0.9330957294576895,Act06,0.04657803617888767
13:20:25,Act03,0.9330957294576895,Act06,0.04657803617888767
13:20:26,Act03,0.9330957294576895,Act06,0.04657803617888767
13:20:27,Act03,0.9330957294576895,Act06,0.04657803617888767
13:20:28,Act06,0.23777652576487146,Act09,0.18776565746961027
13:20:29,Act06,0.23777652576487146,Act09,0.18776565746961027
13:20:30,Act03,0.9330957294576895,Act06,0.04657803617888767
13:20:31,Act06,0.23777652576487146,Act09,0.18776565746961027
13:20:32,Act06,0.23777652576487146,Act09,0.18776565746961027
13:20:33,Act06,0.23777652576487146,Act09,0.18776565746961027
13:20:34,Act06,0.23777652576487146,Act09,0.18776565746961027
13:20:35,Act06,0.23777652576487146,Act09,0.18776565746961027
13:20:36,Act06,0.23777652576487146,Act09,0.18776565746961027
13:20:37,Act06,0.23777652576487146,Act09,0.18776565746961027
13:20:38,Act06,0.23777652576487146,Act09,0.18776565746961027
13:20:39,Act03,0.9330957294576895,Act06,0.04657803617888767
13:20:40,Act06,0.23777652576487146,Act09,0.18776565746961027
13:20:41,Act06,0.23777652576487146,Act09,0.18776565746961027
13:20:42,Act06,0.23777652576487146,Act09,0.18776565746961027
13:20:43,Act06,0.23777652576487146,Act09,0.18776565746961027
13:20:44,Act06,0.23777652576487146,Act09,0.18776565746961027
13:20:45,Act03,0.9330957294576895,Act06,0.04657803617888767
13:20:46,Act03,0.9330957294576895,Act06,0.04657803617888767
13:20:47,Act03,0.9330957294576895,Act06,0.04657803617888767
13:20:48,Act03,0.9330957294576895,Act06,0.04657803617888767
13:20:49,Act03,0.9330957294576895,Act06,0.04657803617888767
13:20:50,Act03,0.9330957294576895,Act06,0.04657803617888767
13:20:51,Act06,0.23777652576487146,Act09,0.18776565746961027
13:20:52,Act06,0.23777652576487146,Act09,0.18776565746961027
13:20:53,Act03,0.9330957294576895,Act06,0.04657803617888767
13:20:54,Act03,0.9330957294576895,Act06,0.04657803617888767
13:20:55,Act06,0.23777652576487146,Act09,0.18776565746961027
13:20:56,Act03,0.9330957294576895,Act06,0.04657803617888767
13:20:57,Act06,0.23777652576487146,Act09,0.18776565746961027
13:20:58,Act03,0.9330957294576895,Act06,0.04657803617888767
13:20:59,Act06,0.23777652576487146,Act09,0.18776565746961027
13:21:00,Act03,0.9330957294576895,Act06,0.04657803617888767
13:21:01,Act06,0.23777652576487146,Act09,0.18776565746961027
13:21:02,Act06,0.23777652576487146,Act09,0.18776565746961027
13:21:03,Act03,0.9330957294576895,Act06,0.04657803617888767
13:21:04,Act06,0.23777652576487146,Act09,0.18776565746961027
13:21:05,Act06,0.23777652576487146,Act09,0.18776565746961027
13:21:06,Act06,0.23777652576487146,Act09,0.18776565746961027
13:21:07,Act06,0.23777652576487146,Act09,0.18776565746961027
13:21:08,Act06,0.23777652576487146,Act09,0.18776565746961027
13:21:09,Act06,0.23777652576487146,Act09,0.18776565746961027
13:21:10,Act06,0.23777652576487146,Act09,0.18776565746961027
13:21:11,Act06,0.23777652576487146,Act09,0.18776565746961027
13:21:12,Act06,0.23777652576487146,Act09,0.18776565746961027
13:21:13,Act06,0.23777652576487146,Act09,0.18776565746961027
13:21:14,Act06,0.23777652576487146,Act09,0.18776565746961027
13:21:15,Act06,0.23777652576487146,Act09,0.18776565746961027
13:21:16,Act06,0.23777652576487146,Act09,0.18776565746961027
13:21:17,Act06,0.23777652576487146,Act09,0.18776565746961027
13:21:18,Act06,0.23777652576487146,Act09,0.18776565746961027
13:21:19,Act06,0.23777652576487146,Act09,0.18776565746961027
13:21:20,Act06,0.23777652576487146,Act09,0.18776565746961027
13:21:21,Act06,0.23777652576487146,Act09,0.18776565746961027
13:21:22,Act06,0.23777652576487146,Act09,0.18776565746961027
13:21:23,Act06,0.23777652576487146,Act09,0.18776565746961027
13:21:24,Act06,0.23777652576487146,Act09,0.18776565746961027
13:21:25,Act06,0.23777652576487146,Act09,0.18776565746961027
13:21:26,Act06,0.23777652576487146,Act09,0.18776565746961027
13:21:27,Act06,0.23777652576487146,Act09,0.18776565746961027
13:21:28,Act06,0.23777652576487146,Act09,0.18776565746961027
13:21:29,Act06,0.23777652576487146,Act09,0.18776565746961027
13:21:30,Act06,0.23777652576487146,Act09,0.18776565746961027
13:21:31,Act06,0.23777652576487146,Act09,0.18776565746961027
13:21:32,Act06,0.23777652576487146,Act09,0.18776565746961027
13:21:33,Act06,0.23777652576487146,Act09,0.18776565746961027
13:21:34,Act06,0.23777652576487146,Act09,0.18776565746961027
13:21:35,Act06,0.23777652576487146,Act09,0.18776565746961027
13:21:36,Act06,0.23777652576487146,Act09,0.18776565746961027
13:21:37,Act06,0.23777652576487146,Act09,0.18776565746961027
13:21:38,Act03,0.9308000364247996,Act08,0.05035216493916983
13:21:39,Act03,0.2949374571594773,Act08,0.22750411011406765
13:21:40,Act03,0.8144496502321585,Act08,0.10108105517517686
13:21:41,Act03,0.6612478125116414,Act08,0.10770085796957707
13:21:42,Act03,0.6612478125116414,Act08,0.10770085796957707
13:21:43,Act03,0.2949374571594773,Act08,0.22750411011406765
13:21:44,Act03,0.8144496502321585,Act08,0.10108105517517686
13:21:45,Act03,0.8144496502321585,Act08,0.10108105517517686
13:21:46,Act03,0.8144496502321585,Act08,0.10108105517517686
13:21:47,Act03,0.9308000364247996,Act08,0.05035216493916983
13:21:48,Act03,0.9308000364247996,Act08,0.05035216493916983
13:21:49,Act03,0.9308000364247996,Act08,0.05035216493916983
13:21:50,Act06,0.23777652576487146,Act09,0.18776565746961027
13:21:51,Act03,0.9330957294576895,Act06,0.04657803617888767
13:21:52,Act03,0.9330957294576895,Act06,0.04657803617888767
13:21:53,Act03,0.9618155659692478,Act08,0.017532830958772908
13:21:54,Act03,0.20995808665439814,Act06,0.18919039287455683
13:21:55,Act03,0.8689143576578419,Act08,0.06018951090007682
13:21:56,Act03,0.8689143576578419,Act08,0.06018951090007682
13:21:57,Act03,0.8689143576578419,Act08,0.06018951090007682
13:21:58,Act03,0.9618155659692478,Act08,0.017532830958772908
13:21:59,Act03,0.9618155659692478,Act08,0.017532830958772908
13:22:00,Act03,0.9618155659692478,Act08,0.017532830958772908
13:22:01,Act03,0.9618155659692478,Act08,0.017532830958772908
13:22:02,Act03,0.9618155659692478,Act08,0.017532830958772908
13:22:03,Act03,0.9618155659692478,Act08,0.017532830958772908
13:22:04,Act03,0.9618155659692478,Act08,0.017532830958772908
13:22:05,Act03,0.8689143576578419,Act08,0.06018951090007682
13:22:06,Act03,0.9618155659692478,Act08,0.017532830958772908
13:22:07,Act03,0.9618155659692478,Act08,0.017532830958772908
13:22:08,Act03,0.8689143576578419,Act08,0.06018951090007682
13:22:09,Act03,0.8689143576578419,Act08,0.06018951090007682
13:22:10,Act03,0.9618155659692478,Act08,0.017532830958772908
13:22:11,Act03,0.9308000364247996,Act08,0.05035216493916983
13:22:12,Act03,0.9308000364247996,Act08,0.05035216493916983
13:22:13,Act03,0.9917190427396456,Act08,0.00828095726035439
13:22:14,Act03,0.9917190427396456,Act08,0.00828095726035439
13:22:15,Act03,0.9838298195519003,Act15,0.011374918156334284
13:22:16,Act03,0.9838298195519003,Act15,0.011374918156334284
13:22:17,Act03,0.9838298195519003,Act15,0.011374918156334284
13:22:18,Act03,0.9838298195519003,Act15,0.011374918156334284
13:22:19,Act06,0.23777652576487146,Act09,0.18776565746961027
13:22:20,Act06,0.23777652576487146,Act09,0.18776565746961027
13:22:21,Act06,0.23777652576487146,Act09,0.18776565746961027
13:22:22,Act06,0.23777652576487146,Act09,0.18776565746961027
13:22:23,Act06,0.23777652576487146,Act09,0.18776565746961027
13:22:24,Act03,0.9330957294576895,Act06,0.04657803617888767
13:22:25,Act03,0.9330957294576895,Act06,0.04657803617888767
13:22:26,Act03,0.9330957294576895,Act06,0.04657803617888767
13:22:27,Act03,0.9330957294576895,Act06,0.04657803617888767
13:22:28,Act03,0.9838298195519003,Act15,0.011374918156334284
13:22:29,Act03,0.9330957294576895,Act06,0.04657803617888767
13:22:30,Act03,0.9330957294576895,Act06,0.04657803617888767
13:22:31,Act03,0.9330957294576895,Act06,0.04657803617888767
13:22:32,Act03,0.9330957294576895,Act06,0.04657803617888767
13:22:33,Act03,0.9330957294576895,Act06,0.04657803617888767
13:22:34,Act03,0.9330957294576895,Act06,0.04657803617888767
13:22:35,Act03,0.9330957294576895,Act06,0.04657803617888767
13:22:36,Act03,0.9838298195519003,Act15,0.011374918156334284
13:22:37,Act03,0.9838298195519003,Act15,0.011374918156334284
13:22:38,Act03,0.9838298195519003,Act15,0.011374918156334284
13:22:39,Act03,0.9838298195519003,Act15,0.011374918156334284
13:22:40,Act03,0.9330957294576895,Act06,0.04657803617888767
13:22:41,Act03,0.9330957294576895,Act06,0.04657803617888767
13:22:42,Act03,0.9330957294576895,Act06,0.04657803617888767
13:22:43,Act03,0.9838298195519003,Act15,0.011374918156334284
13:22:44,Act03,0.9838298195519003,Act15,0.011374918156334284
13:22:45,Act03,0.9917190427396456,Act08,0.00828095726035439
13:22:46,Act03,0.9917190427396456,Act08,0.00828095726035439
13:22:47,Act03,0.9917190427396456,Act08,0.00828095726035439
13:22:48,Act03,0.9917190427396456,Act08,0.00828095726035439
13:22:49,Act03,0.9838298195519003,Act15,0.011374918156334284
13:22:50,Act03,0.9330957294576895,Act06,0.04657803617888767
13:22:51,Act03,0.9330957294576895,Act06,0.04657803617888767
13:22:52,Act03,0.9330957294576895,Act06,0.04657803617888767
13:22:53,Act03,0.9330957294576895,Act06,0.04657803617888767
13:22:54,Act03,0.9330957294576895,Act06,0.04657803617888767
13:22:55,Act03,0.9330957294576895,Act06,0.04657803617888767
13:22:56,Act03,0.9330957294576895,Act06,0.04657803617888767
13:22:57,Act06,0.23777652576487146,Act09,0.18776565746961027
13:22:58,Act03,0.9838298195519003,Act15,0.011374918156334284
13:22:59,Act03,0.9838298195519003,Act15,0.011374918156334284
13:23:00,Act03,0.9838298195519003,Act15,0.011374918156334284
13:23:01,Act03,0.9917190427396456,Act08,0.00828095726035439
13:23:02,Act03,0.9917190427396456,Act08,0.00828095726035439
13:23:03,Act03,0.9917190427396456,Act08,0.00828095726035439
13:23:04,Act03,0.9917190427396456,Act08,0.00828095726035439
13:23:05,Act03,0.9917190427396456,Act08,0.00828095726035439
13:23:06,Act03,0.9308000364247996,Act08,0.05035216493916983
13:23:07,Act03,0.9308000364247996,Act08,0.05035216493916983
13:23:08,Act03,0.9308000364247996,Act08,0.05035216493916983
13:23:09,Act03,0.9330957294576895,Act06,0.04657803617888767
13:23:10,Act03,0.9330957294576895,Act06,0.04657803617888767
13:23:11,Act03,0.9330957294576895,Act06,0.04657803617888767
13:23:12,Act03,0.9330957294576895,Act06,0.04657803617888767
13:23:13,Act03,0.9838298195519003,Act15,0.011374918156334284
13:23:14,Act03,0.9917190427396456,Act08,0.00828095726035439
13:23:15,Act03,0.89394960383693,Act08,0.07309464725247425
13:23:16,Act03,0.89394960383693,Act08,0.07309464725247425
13:23:17,Act03,0.9917190427396456,Act08,0.00828095726035439
13:23:18,Act03,0.9917190427396456,Act08,0.00828095726035439
13:23:19,Act03,0.9330957294576895,Act06,0.04657803617888767
13:23:20,Act03,0.9308000364247996,Act08,0.05035216493916983
13:23:21,Act03,0.9308000364247996,Act08,0.05035216493916983
13:23:22,Act03,0.9330957294576895,Act06,0.04657803617888767
13:23:23,Act03,0.9330957294576895,Act06,0.04657803617888767
13:23:24,Act03,0.9330957294576895,Act06,0.04657803617888767
13:23:25,Act03,0.9330957294576895,Act06,0.04657803617888767
13:23:26,Act03,0.9330957294576895,Act06,0.04657803617888767
13:23:27,Act03,0.9330957294576895,Act06,0.04657803617888767
13:23:28,Act03,0.9330957294576895,Act06,0.04657803617888767
13:23:29,Act06,0.23777652576487146,Act09,0.18776565746961027
13:23:30,Act03,0.9330957294576895,Act06,0.04657803617888767
13:23:31,Act03,0.9330957294576895,Act06,0.04657803617888767
13:23:32,Act03,0.9330957294576895,Act06,0.04657803617888767
13:23:33,Act03,0.9330957294576895,Act06,0.04657803617888767
13:23:34,Act03,0.9330957294576895,Act06,0.04657803617888767
13:23:35,Act03,0.9330957294576895,Act06,0.04657803617888767
13:23:36,Act03,0.9330957294576895,Act06,0.04657803617888767
13:23:37,Act03,0.9330957294576895,Act06,0.04657803617888767
13:23:38,Act03,0.9330957294576895,Act06,0.04657803617888767
13:23:39,Act03,0.9838298195519003,Act15,0.011374918156334284
13:23:40,Act03,0.89394960383693,Act08,0.07309464725247425
13:23:41,Act03,0.89394960383693,Act08,0.07309464725247425
13:23:42,Act03,0.89394960383693,Act08,0.07309464725247425
13:23:43,Act03,0.9633935696337241,Act08,0.031812092210363206
13:23:44,Act03,0.9633935696337241,Act08,0.031812092210363206
13:23:45,Act03,0.89394960383693,Act08,0.07309464725247425
13:23:46,Act03,0.8144496502321585,Act08,0.10108105517517686
13:23:47,Act03,0.8144496502321585,Act08,0.10108105517517686
13:23:48,Act03,0.2949374571594773,Act08,0.22750411011406765
13:23:49,Act03,0.6612478125116414,Act08,0.10770085796957707
13:23:50,Act03,0.6612478125116414,Act08,0.10770085796957707
13:23:51,Act03,0.6612478125116414,Act08,0.10770085796957707
13:23:52,Act06,0.23777652576487146,Act09,0.18776565746961027
13:23:53,Act03,0.2949374571594773,Act08,0.22750411011406765
13:23:54,Act03,0.6637985499281052,Act06,0.13700338854343616
13:23:55,Act03,0.6637985499281052,Act06,0.13700338854343616
13:23:56,Act03,0.2949374571594773,Act08,0.22750411011406765
13:23:57,Act03,0.6612478125116414,Act08,0.10770085796957707
13:23:58,Act03,0.2949374571594773,Act08,0.22750411011406765
13:23:59,Act03,0.2949374571594773,Act08,0.22750411011406765
13:24:00,Act20,0.3606268781616602,Act03,0.15971087123090877
13:24:01,Act03,0.2949374571594773,Act08,0.22750411011406765
13:24:02,Act03,0.2949374571594773,Act08,0.22750411011406765
13:24:03,Act03,0.8144496502321585,Act08,0.10108105517517686
13:24:04,Act03,0.8144496502321585,Act08,0.10108105517517686
13:24:05,Act03,0.8144496502321585,Act08,0.10108105517517686
13:24:06,Act03,0.6612478125116414,Act08,0.10770085796957707
13:24:07,Act03,0.6612478125116414,Act08,0.10770085796957707
13:24:08,Act06,0.23777652576487146,Act09,0.18776565746961027
13:24:09,Act03,0.8144496502321585,Act08,0.10108105517517686
13:24:10,Act03,0.8144496502321585,Act08,0.10108105517517686
13:24:11,Act03,0.9330957294576895,Act06,0.04657803617888767
13:24:12,Act03,0.9330957294576895,Act06,0.04657803617888767
13:24:13,Act06,0.23777652576487146,Act09,0.18776565746961027
13:24:14,Act03,0.9308000364247996,Act08,0.05035216493916983
13:24:15,Act03,0.89394960383693,Act08,0.07309464725247425
13:24:16,Act03,0.6801325282422964,Act08,0.2659444493221875
13:24:17,Act03,0.9616017032575833,Act08,0.0383982967424166
13:24:18,Act03,0.7071851809962842,Act15,0.18103126181822207
13:24:19,Act08,0.9999951339663924,Act09,4.866033607645341e-06
13:24:20,Act15,0.7984467326704614,Act17,0.07233479853219729
13:24:21,Act06,0.23777652576487146,Act09,0.18776565746961027
13:24:22,Act06,0.23777652576487146,Act09,0.18776565746961027
13:24:23,Act06,0.23777652576487146,Act09,0.18776565746961027
13:24:24,Act06,0.23777652576487146,Act09,0.18776565746961027
13:24:25,Act06,0.23777652576487146,Act09,0.18776565746961027
13:24:26,Act06,0.23777652576487146,Act09,0.18776565746961027
13:24:27,Act06,0.23777652576487146,Act09,0.18776565746961027
13:24:28,Act06,0.23777652576487146,Act09,0.18776565746961027
13:24:29,Act06,0.23777652576487146,Act09,0.18776565746961027
13:24:30,Act06,0.23777652576487146,Act09,0.18776565746961027
13:24:31,Act06,0.23777652576487146,Act09,0.18776565746961027
13:24:32,Act20,0.3606268781616602,Act03,0.15971087123090877
13:24:33,Act20,0.3606268781616602,Act03,0.15971087123090877
13:24:34,Act15,0.6217439572295028,Act03,0.3502446502635339
13:24:35,Act15,0.6217439572295028,Act03,0.3502446502635339
13:24:36,Act06,0.23777652576487146,Act09,0.18776565746961027
13:24:37,Act06,0.23777652576487146,Act09,0.18776565746961027
13:24:38,Act06,0.23777652576487146,Act09,0.18776565746961027
13:24:39,Act06,0.23777652576487146,Act09,0.18776565746961027
13:24:40,Act06,0.23777652576487146,Act09,0.18776565746961027
13:24:41,Act06,0.23777652576487146,Act09,0.18776565746961027
13:24:42,Act06,0.23777652576487146,Act09,0.18776565746961027
13:24:43,Act06,0.23777652576487146,Act09,0.18776565746961027
13:24:44,Act06,0.23777652576487146,Act09,0.18776565746961027
13:24:45,Act06,0.23777652576487146,Act09,0.18776565746961027
13:24:46,Act06,0.23777652576487146,Act09,0.18776565746961027
13:24:47,Act06,0.23777652576487146,Act09,0.18776565746961027
13:24:48,Act06,0.23777652576487146,Act09,0.18776565746961027
13:24:49,Act06,0.23777652576487146,Act09,0.18776565746961027
13:24:50,Act06,0.23777652576487146,Act09,0.18776565746961027
13:24:51,Act06,0.23777652576487146,Act09,0.18776565746961027
13:24:52,Act06,0.23777652576487146,Act09,0.18776565746961027
13:24:53,Act06,0.23777652576487146,Act09,0.18776565746961027
13:24:54,Act06,0.23777652576487146,Act09,0.18776565746961027
13:24:55,Act06,0.23777652576487146,Act09,0.18776565746961027
13:24:56,Act06,0.23777652576487146,Act09,0.18776565746961027
13:24:57,Act06,0.23777652576487146,Act09,0.18776565746961027
13:24:58,Act06,0.23777652576487146,Act09,0.18776565746961027
13:24:59,Act06,0.23777652576487146,Act09,0.18776565746961027
13:25:00,Act06,0.23777652576487146,Act09,0.18776565746961027
13:25:01,Act06,0.23777652576487146,Act09,0.18776565746961027
13:25:02,Act06,0.23777652576487146,Act09,0.18776565746961027
13:25:03,Act06,0.23777652576487146,Act09,0.18776565746961027
13:25:04,Act06,0.23777652576487146,Act09,0.18776565746961027
13:25:05,Act06,0.23777652576487146,Act09,0.18776565746961027
13:25:06,Act06,0.23777652576487146,Act09,0.18776565746961027
13:25:07,Act06,0.23777652576487146,Act09,0.18776565746961027
13:25:08,Act06,0.23777652576487146,Act09,0.18776565746961027
13:25:09,Act06,0.23777652576487146,Act09,0.18776565746961027
13:25:10,Act06,0.23777652576487146,Act09,0.18776565746961027
13:25:11,Act06,0.23777652576487146,Act09,0.18776565746961027
13:25:12,Act06,0.23777652576487146,Act09,0.18776565746961027
13:25:13,Act06,0.23777652576487146,Act09,0.18776565746961027
13:25:14,Act06,0.23777652576487146,Act09,0.18776565746961027
13:25:15,Act06,0.23777652576487146,Act09,0.18776565746961027
13:25:16,Act06,0.23777652576487146,Act09,0.18776565746961027
13:25:17,Act06,0.23777652576487146,Act09,0.18776565746961027
13:25:18,Act06,0.23777652576487146,Act09,0.18776565746961027
13:25:19,Act06,0.23777652576487146,Act09,0.18776565746961027
13:25:20,Act06,0.23777652576487146,Act09,0.18776565746961027
13:25:21,Act06,0.23777652576487146,Act09,0.18776565746961027
13:25:22,Act06,0.23777652576487146,Act09,0.18776565746961027
13:25:23,Act06,0.23777652576487146,Act09,0.18776565746961027
13:25:24,Act06,0.23777652576487146,Act09,0.18776565746961027
13:25:25,Act06,0.23777652576487146,Act09,0.18776565746961027
13:25:26,Act06,0.23777652576487146,Act09,0.18776565746961027
13:25:27,Act06,0.23777652576487146,Act09,0.18776565746961027
13:25:28,Act06,0.23777652576487146,Act09,0.18776565746961027
13:25:29,Act06,0.23777652576487146,Act09,0.18776565746961027
13:25:30,Act06,0.23777652576487146,Act09,0.18776565746961027
13:25:31,Act06,0.23777652576487146,Act09,0.18776565746961027
13:25:32,Act06,0.23777652576487146,Act09,0.18776565746961027
13:25:33,Act06,0.23777652576487146,Act09,0.18776565746961027
13:25:34,Act06,0.23777652576487146,Act09,0.18776565746961027
13:25:35,Act06,0.23777652576487146,Act09,0.18776565746961027
13:25:36,Act06,0.23777652576487146,Act09,0.18776565746961027
13:25:37,Act06,0.23777652576487146,Act09,0.18776565746961027
13:25:38,Act06,0.23777652576487146,Act09,0.18776565746961027
13:25:39,Act06,0.23777652576487146,Act09,0.18776565746961027
13:25:40,Act06,0.23777652576487146,Act09,0.18776565746961027
13:25:41,Act06,0.23777652576487146,Act09,0.18776565746961027
13:25:42,Act06,0.23777652576487146,Act09,0.18776565746961027
13:25:43,Act06,0.23777652576487146,Act09,0.18776565746961027
13:25:44,Act06,0.23777652576487146,Act09,0.18776565746961027
13:25:45,Act06,0.23777652576487146,Act09,0.18776565746961027
13:25:46,Act06,0.23777652576487146,Act09,0.18776565746961027
13:25:47,Act06,0.23777652576487146,Act09,0.18776565746961027
13:25:48,Act06,0.23777652576487146,Act09,0.18776565746961027
13:25:49,Act06,0.23777652576487146,Act09,0.18776565746961027
13:25:50,Act06,0.23777652576487146,Act09,0.18776565746961027
13:25:51,Act06,0.23777652576487146,Act09,0.18776565746961027
13:25:52,Act06,0.23777652576487146,Act09,0.18776565746961027
13:25:53,Act06,0.23777652576487146,Act09,0.18776565746961027
13:25:54,Act06,0.23777652576487146,Act09,0.18776565746961027
13:25:55,Act06,0.23777652576487146,Act09,0.18776565746961027
13:25:56,Act06,0.23777652576487146,Act09,0.18776565746961027
13:25:57,Act06,0.23777652576487146,Act09,0.18776565746961027
13:25:58,Act06,0.23777652576487146,Act09,0.18776565746961027
13:25:59,Act06,0.23777652576487146,Act09,0.18776565746961027
13:26:00,Act06,0.23777652576487146,Act09,0.18776565746961027
13:26:01,Act06,0.23777652576487146,Act09,0.18776565746961027
13:26:02,Act06,0.23777652576487146,Act09,0.18776565746961027
13:26:03,Act06,0.23777652576487146,Act09,0.18776565746961027
13:26:04,Act06,0.23777652576487146,Act09,0.18776565746961027
13:26:05,Act06,0.23777652576487146,Act09,0.18776565746961027
13:26:06,Act06,0.23777652576487146,Act09,0.18776565746961027
13:26:07,Act06,0.23777652576487146,Act09,0.18776565746961027
13:26:08,Act06,0.23777652576487146,Act09,0.18776565746961027
13:26:09,Act06,0.23777652576487146,Act09,0.18776565746961027
13:26:10,Act06,0.23777652576487146,Act09,0.18776565746961027
13:26:11,Act06,0.23777652576487146,Act09,0.18776565746961027
13:26:12,Act06,0.23777652576487146,Act09,0.18776565746961027
13:26:13,Act06,0.23777652576487146,Act09,0.18776565746961027
13:26:14,Act06,0.23777652576487146,Act09,0.18776565746961027
13:26:15,Act06,0.23777652576487146,Act09,0.18776565746961027
13:26:16,Act06,0.23777652576487146,Act09,0.18776565746961027
13:26:17,Act06,0.23777652576487146,Act09,0.18776565746961027
13:26:18,Act06,0.23777652576487146,Act09,0.18776565746961027
13:26:19,Act06,0.23777652576487146,Act09,0.18776565746961027
13:26:20,Act06,0.23777652576487146,Act09,0.18776565746961027
13:26:21,Act06,0.23777652576487146,Act09,0.18776565746961027
13:26:22,Act06,0.23777652576487146,Act09,0.18776565746961027
13:26:23,Act06,0.23777652576487146,Act09,0.18776565746961027
13:26:24,Act06,0.23777652576487146,Act09,0.18776565746961027
13:26:25,Act06,0.23777652576487146,Act09,0.18776565746961027
13:26:26,Act06,0.23777652576487146,Act09,0.18776565746961027
13:26:27,Act06,0.23777652576487146,Act09,0.18776565746961027
13:26:28,Act06,0.23777652576487146,Act09,0.18776565746961027
13:26:29,Act06,0.23777652576487146,Act09,0.18776565746961027
13:26:30,Act06,0.23777652576487146,Act09,0.18776565746961027
13:26:31,Act06,0.23777652576487146,Act09,0.18776565746961027
13:26:32,Act06,0.23777652576487146,Act09,0.18776565746961027
13:26:33,Act06,0.23777652576487146,Act09,0.18776565746961027
13:26:34,Act06,0.23777652576487146,Act09,0.18776565746961027
13:26:35,Act06,0.23777652576487146,Act09,0.18776565746961027
13:26:36,Act06,0.23777652576487146,Act09,0.18776565746961027
13:26:37,Act06,0.23777652576487146,Act09,0.18776565746961027
13:26:38,Act06,0.23777652576487146,Act09,0.18776565746961027
13:26:39,Act06,0.23777652576487146,Act09,0.18776565746961027
13:26:40,Act06,0.23777652576487146,Act09,0.18776565746961027
13:26:41,Act06,0.23777652576487146,Act09,0.18776565746961027
13:26:42,Act06,0.23777652576487146,Act09,0.18776565746961027
13:26:43,Act06,0.23777652576487146,Act09,0.18776565746961027
13:26:44,Act06,0.23777652576487146,Act09,0.18776565746961027
13:26:45,Act06,0.23777652576487146,Act09,0.18776565746961027
13:26:46,Act06,0.23777652576487146,Act09,0.18776565746961027
13:26:47,Act06,0.23777652576487146,Act09,0.18776565746961027
13:26:48,Act06,0.23777652576487146,Act09,0.18776565746961027
13:26:49,Act06,0.23777652576487146,Act09,0.18776565746961027
13:26:50,Act06,0.23777652576487146,Act09,0.18776565746961027
13:26:51,Act06,0.23777652576487146,Act09,0.18776565746961027
13:26:52,Act06,0.23777652576487146,Act09,0.18776565746961027
13:26:53,Act06,0.23777652576487146,Act09,0.18776565746961027
13:26:54,Act06,0.23777652576487146,Act09,0.18776565746961027
13:26:55,Act06,0.23777652576487146,Act09,0.18776565746961027
13:26:56,Act06,0.23777652576487146,Act09,0.18776565746961027
13:26:57,Act06,0.23777652576487146,Act09,0.18776565746961027
13:26:58,Act06,0.23777652576487146,Act09,0.18776565746961027
13:26:59,Act06,0.23777652576487146,Act09,0.18776565746961027
13:27:00,Act06,0.23777652576487146,Act09,0.18776565746961027
13:27:01,Act06,0.23777652576487146,Act09,0.18776565746961027
13:27:02,Act06,0.23777652576487146,Act09,0.18776565746961027
13:27:03,Act06,0.23777652576487146,Act09,0.18776565746961027
13:27:04,Act06,0.23777652576487146,Act09,0.18776565746961027
13:27:05,Act06,0.23777652576487146,Act09,0.18776565746961027
13:27:06,Act06,0.23777652576487146,Act09,0.18776565746961027
13:27:07,Act06,0.23777652576487146,Act09,0.18776565746961027
13:27:08,Act06,0.23777652576487146,Act09,0.18776565746961027
13:27:09,Act06,0.23777652576487146,Act09,0.18776565746961027
13:27:10,Act06,0.23777652576487146,Act09,0.18776565746961027
13:27:11,Act06,0.23777652576487146,Act09,0.18776565746961027
13:27:12,Act06,0.23777652576487146,Act09,0.18776565746961027
13:27:13,Act06,0.23777652576487146,Act09,0.18776565746961027
13:27:14,Act06,0.23777652576487146,Act09,0.18776565746961027
13:27:15,Act06,0.23777652576487146,Act09,0.18776565746961027
13:27:16,Act06,0.23777652576487146,Act09,0.18776565746961027
13:27:17,Act06,0.23777652576487146,Act09,0.18776565746961027
13:27:18,Act06,0.23777652576487146,Act09,0.18776565746961027
13:27:19,Act06,0.23777652576487146,Act09,0.18776565746961027
13:27:20,Act06,0.23777652576487146,Act09,0.18776565746961027
13:27:21,Act06,0.23777652576487146,Act09,0.18776565746961027
13:27:22,Act06,0.23777652576487146,Act09,0.18776565746961027
13:27:23,Act06,0.23777652576487146,Act09,0.18776565746961027
13:27:24,Act06,0.23777652576487146,Act09,0.18776565746961027
13:27:25,Act06,0.23777652576487146,Act09,0.18776565746961027
13:27:26,Act06,0.23777652576487146,Act09,0.18776565746961027
13:27:27,Act06,0.23777652576487146,Act09,0.18776565746961027
13:27:28,Act06,0.23777652576487146,Act09,0.18776565746961027
13:27:29,Act06,0.23777652576487146,Act09,0.18776565746961027
13:27:30,Act06,0.23777652576487146,Act09,0.18776565746961027
13:27:31,Act06,0.23777652576487146,Act09,0.18776565746961027
13:27:32,Act06,0.23777652576487146,Act09,0.18776565746961027
13:27:33,Act06,0.23777652576487146,Act09,0.18776565746961027
13:27:34,Act06,0.23777652576487146,Act09,0.18776565746961027
13:27:35,Act06,0.23777652576487146,Act09,0.18776565746961027
13:27:36,Act06,0.23777652576487146,Act09,0.18776565746961027
13:27:37,Act06,0.23777652576487146,Act09,0.18776565746961027
13:27:38,Act06,0.23777652576487146,Act09,0.18776565746961027
13:27:39,Act06,0.23777652576487146,Act09,0.18776565746961027
13:27:40,Act06,0.23777652576487146,Act09,0.18776565746961027
13:27:41,Act06,0.23777652576487146,Act09,0.18776565746961027
13:27:42,Act06,0.23777652576487146,Act09,0.18776565746961027
13:27:43,Act06,0.23777652576487146,Act09,0.18776565746961027
13:27:44,Act06,0.23777652576487146,Act09,0.18776565746961027
13:27:45,Act06,0.23777652576487146,Act09,0.18776565746961027
13:27:46,Act06,0.23777652576487146,Act09,0.18776565746961027
13:27:47,Act06,0.23777652576487146,Act09,0.18776565746961027
13:27:48,Act06,0.23777652576487146,Act09,0.18776565746961027
13:27:49,Act06,0.23777652576487146,Act09,0.18776565746961027
13:27:50,Act06,0.23777652576487146,Act09,0.18776565746961027
13:27:51,Act06,0.23777652576487146,Act09,0.18776565746961027
13:27:52,Act06,0.23777652576487146,Act09,0.18776565746961027
13:27:53,Act06,0.23777652576487146,Act09,0.18776565746961027
13:27:54,Act06,0.23777652576487146,Act09,0.18776565746961027
13:27:55,Act06,0.23777652576487146,Act09,0.18776565746961027
13:27:56,Act06,0.23777652576487146,Act09,0.18776565746961027
13:27:57,Act06,0.23777652576487146,Act09,0.18776565746961027
13:27:58,Act06,0.23777652576487146,Act09,0.18776565746961027
13:27:59,Act06,0.23777652576487146,Act09,0.18776565746961027
13:28:00,Act06,0.23777652576487146,Act09,0.18776565746961027
13:28:01,Act06,0.23777652576487146,Act09,0.18776565746961027
13:28:02,Act06,0.23777652576487146,Act09,0.18776565746961027
13:28:03,Act06,0.23777652576487146,Act09,0.18776565746961027
13:28:04,Act06,0.23777652576487146,Act09,0.18776565746961027
13:28:05,Act06,0.23777652576487146,Act09,0.18776565746961027
13:28:06,Act06,0.23777652576487146,Act09,0.18776565746961027
13:28:07,Act06,0.23777652576487146,Act09,0.18776565746961027
13:28:08,Act06,0.23777652576487146,Act09,0.18776565746961027
13:28:09,Act06,0.23777652576487146,Act09,0.18776565746961027
13:28:10,Act06,0.23777652576487146,Act09,0.18776565746961027
13:28:11,Act06,0.23777652576487146,Act09,0.18776565746961027
13:28:12,Act06,0.23777652576487146,Act09,0.18776565746961027
13:28:13,Act06,0.23777652576487146,Act09,0.18776565746961027
13:28:14,Act06,0.23777652576487146,Act09,0.18776565746961027
13:28:15,Act06,0.23777652576487146,Act09,0.18776565746961027
13:28:16,Act06,0.23777652576487146,Act09,0.18776565746961027
13:28:17,Act06,0.23777652576487146,Act09,0.18776565746961027
13:28:18,Act06,0.23777652576487146,Act09,0.18776565746961027
13:28:19,Act06,0.23777652576487146,Act09,0.18776565746961027
13:28:20,Act06,0.23777652576487146,Act09,0.18776565746961027
13:28:21,Act06,0.23777652576487146,Act09,0.18776565746961027
13:28:22,Act06,0.23777652576487146,Act09,0.18776565746961027
13:28:23,Act06,0.23777652576487146,Act09,0.18776565746961027
13:28:24,Act06,0.23777652576487146,Act09,0.18776565746961027
13:28:25,Act06,0.23777652576487146,Act09,0.18776565746961027
13:28:26,Act06,0.23777652576487146,Act09,0.18776565746961027
13:28:27,Act06,0.23777652576487146,Act09,0.18776565746961027
13:28:28,Act06,0.23777652576487146,Act09,0.18776565746961027
13:28:29,Act06,0.23777652576487146,Act09,0.18776565746961027
13:28:30,Act06,0.23777652576487146,Act09,0.18776565746961027
13:28:31,Act06,0.23777652576487146,Act09,0.18776565746961027
13:28:32,Act06,0.23777652576487146,Act09,0.18776565746961027
13:28:33,Act06,0.23777652576487146,Act09,0.18776565746961027
13:28:34,Act06,0.23777652576487146,Act09,0.18776565746961027
13:28:35,Act06,0.23777652576487146,Act09,0.18776565746961027
13:28:36,Act06,0.23777652576487146,Act09,0.18776565746961027
13:28:37,Act06,0.23777652576487146,Act09,0.18776565746961027
13:28:38,Act06,0.23777652576487146,Act09,0.18776565746961027
13:28:39,Act06,0.23777652576487146,Act09,0.18776565746961027
13:28:40,Act06,0.23777652576487146,Act09,0.18776565746961027
13:28:41,Act06,0.23777652576487146,Act09,0.18776565746961027
13:28:42,Act06,0.23777652576487146,Act09,0.18776565746961027
13:28:43,Act06,0.23777652576487146,Act09,0.18776565746961027
13:28:44,Act06,0.23777652576487146,Act09,0.18776565746961027
13:28:45,Act06,0.23777652576487146,Act09,0.18776565746961027
13:28:46,Act06,0.23777652576487146,Act09,0.18776565746961027
13:28:47,Act06,0.23777652576487146,Act09,0.18776565746961027
13:28:48,Act06,0.23777652576487146,Act09,0.18776565746961027
13:28:49,Act06,0.23777652576487146,Act09,0.18776565746961027
13:28:50,Act06,0.23777652576487146,Act09,0.18776565746961027
13:28:51,Act06,0.23777652576487146,Act09,0.18776565746961027
13:28:52,Act06,0.23777652576487146,Act09,0.18776565746961027
13:28:53,Act06,0.23777652576487146,Act09,0.18776565746961027
13:28:54,Act06,0.23777652576487146,Act09,0.18776565746961027
13:28:55,Act06,0.23777652576487146,Act09,0.18776565746961027
13:28:56,Act06,0.23777652576487146,Act09,0.18776565746961027
13:28:57,Act06,0.23777652576487146,Act09,0.18776565746961027
13:28:58,Act06,0.23777652576487146,Act09,0.18776565746961027
13:28:59,Act06,0.23777652576487146,Act09,0.18776565746961027
13:29:00,Act06,0.23777652576487146,Act09,0.18776565746961027
13:29:01,Act06,0.23777652576487146,Act09,0.18776565746961027
13:29:02,Act06,0.23777652576487146,Act09,0.18776565746961027
13:29:03,Act06,0.23777652576487146,Act09,0.18776565746961027
13:29:04,Act06,0.23777652576487146,Act09,0.18776565746961027
13:29:05,Act06,0.23777652576487146,Act09,0.18776565746961027
13:29:06,Act06,0.23777652576487146,Act09,0.18776565746961027
13:29:07,Act06,0.23777652576487146,Act09,0.18776565746961027
13:29:08,Act06,0.23777652576487146,Act09,0.18776565746961027
13:29:09,Act06,0.23777652576487146,Act09,0.18776565746961027
13:29:10,Act06,0.23777652576487146,Act09,0.18776565746961027
13:29:11,Act06,0.23777652576487146,Act09,0.18776565746961027
13:29:12,Act06,0.23777652576487146,Act09,0.18776565746961027
13:29:13,Act06,0.23777652576487146,Act09,0.18776565746961027
13:29:14,Act06,0.23777652576487146,Act09,0.18776565746961027
13:29:15,Act06,0.23777652576487146,Act09,0.18776565746961027
13:29:16,Act06,0.23777652576487146,Act09,0.18776565746961027
13:29:17,Act06,0.23777652576487146,Act09,0.18776565746961027
13:29:18,Act06,0.23777652576487146,Act09,0.18776565746961027
13:29:19,Act06,0.23777652576487146,Act09,0.18776565746961027
13:29:20,Act06,0.23777652576487146,Act09,0.18776565746961027
13:29:21,Act06,0.23777652576487146,Act09,0.18776565746961027
13:29:22,Act06,0.23777652576487146,Act09,0.18776565746961027
13:29:23,Act06,0.23777652576487146,Act09,0.18776565746961027
13:29:24,Act06,0.23777652576487146,Act09,0.18776565746961027
13:29:25,Act06,0.23777652576487146,Act09,0.18776565746961027
13:29:26,Act06,0.23777652576487146,Act09,0.18776565746961027
13:29:27,Act06,0.23777652576487146,Act09,0.18776565746961027
13:29:28,Act06,0.23777652576487146,Act09,0.18776565746961027
13:29:29,Act06,0.23777652576487146,Act09,0.18776565746961027
13:29:30,Act06,0.23777652576487146,Act09,0.18776565746961027
13:29:31,Act06,0.23777652576487146,Act09,0.18776565746961027
13:29:32,Act06,0.23777652576487146,Act09,0.18776565746961027
13:29:33,Act06,0.23777652576487146,Act09,0.18776565746961027
13:29:34,Act06,0.23777652576487146,Act09,0.18776565746961027
13:29:35,Act06,0.23777652576487146,Act09,0.18776565746961027
13:29:36,Act06,0.23777652576487146,Act09,0.18776565746961027
13:29:37,Act06,0.23777652576487146,Act09,0.18776565746961027
13:29:38,Act06,0.23777652576487146,Act09,0.18776565746961027
13:29:39,Act06,0.23777652576487146,Act09,0.18776565746961027
13:29:40,Act06,0.23777652576487146,Act09,0.18776565746961027
13:29:41,Act06,0.23777652576487146,Act09,0.18776565746961027
13:29:42,Act06,0.23777652576487146,Act09,0.18776565746961027
13:29:43,Act06,0.23777652576487146,Act09,0.18776565746961027
13:29:44,Act06,0.23777652576487146,Act09,0.18776565746961027
13:29:45,Act06,0.23777652576487146,Act09,0.18776565746961027
13:29:46,Act06,0.23777652576487146,Act09,0.18776565746961027
13:29:47,Act06,0.23777652576487146,Act09,0.18776565746961027
13:29:48,Act06,0.23777652576487146,Act09,0.18776565746961027
13:29:49,Act06,0.23777652576487146,Act09,0.18776565746961027
13:29:50,Act06,0.23777652576487146,Act09,0.18776565746961027
13:29:51,Act06,0.23777652576487146,Act09,0.18776565746961027
13:29:52,Act06,0.23777652576487146,Act09,0.18776565746961027
13:29:53,Act06,0.23777652576487146,Act09,0.18776565746961027
13:29:54,Act06,0.23777652576487146,Act09,0.18776565746961027
13:29:55,Act06,0.23777652576487146,Act09,0.18776565746961027
13:29:56,Act06,0.23777652576487146,Act09,0.18776565746961027
13:29:57,Act06,0.23777652576487146,Act09,0.18776565746961027
13:29:58,Act06,0.23777652576487146,Act09,0.18776565746961027
13:29:59,Act06,0.23777652576487146,Act09,0.18776565746961027
13:30:00,Act06,0.23777652576487146,Act09,0.18776565746961027
13:30:01,Act06,0.23777652576487146,Act09,0.18776565746961027
13:30:02,Act06,0.23777652576487146,Act09,0.18776565746961027
13:30:03,Act06,0.23777652576487146,Act09,0.18776565746961027
13:30:04,Act06,0.23777652576487146,Act09,0.18776565746961027
13:30:05,Act06,0.23777652576487146,Act09,0.18776565746961027
13:30:06,Act06,0.23777652576487146,Act09,0.18776565746961027
13:30:07,Act06,0.23777652576487146,Act09,0.18776565746961027
13:30:08,Act06,0.23777652576487146,Act09,0.18776565746961027
13:30:09,Act06,0.23777652576487146,Act09,0.18776565746961027
13:30:10,Act06,0.23777652576487146,Act09,0.18776565746961027
13:30:11,Act06,0.23777652576487146,Act09,0.18776565746961027
13:30:12,Act06,0.23777652576487146,Act09,0.18776565746961027
13:30:13,Act06,0.23777652576487146,Act09,0.18776565746961027
13:30:14,Act06,0.23777652576487146,Act09,0.18776565746961027
13:30:15,Act06,0.23777652576487146,Act09,0.18776565746961027
13:30:16,Act06,0.23777652576487146,Act09,0.18776565746961027
13:30:17,Act06,0.23777652576487146,Act09,0.18776565746961027
13:30:18,Act06,0.23777652576487146,Act09,0.18776565746961027
13:30:19,Act06,0.23777652576487146,Act09,0.18776565746961027
13:30:20,Act06,0.23777652576487146,Act09,0.18776565746961027
13:30:21,Act06,0.23777652576487146,Act09,0.18776565746961027
13:30:22,Act06,0.23777652576487146,Act09,0.18776565746961027
13:30:23,Act06,0.23777652576487146,Act09,0.18776565746961027
13:30:24,Act06,0.23777652576487146,Act09,0.18776565746961027
13:30:25,Act06,0.23777652576487146,Act09,0.18776565746961027
13:30:26,Act06,0.23777652576487146,Act09,0.18776565746961027
13:30:27,Act06,0.23777652576487146,Act09,0.18776565746961027
13:30:28,Act06,0.23777652576487146,Act09,0.18776565746961027
13:30:29,Act06,0.23777652576487146,Act09,0.18776565746961027
13:30:30,Act06,0.23777652576487146,Act09,0.18776565746961027
13:30:31,Act06,0.23777652576487146,Act09,0.18776565746961027
13:30:32,Act06,0.23777652576487146,Act09,0.18776565746961027
13:30:33,Act06,0.23777652576487146,Act09,0.18776565746961027
13:30:34,Act06,0.23777652576487146,Act09,0.18776565746961027
13:30:35,Act06,0.23777652576487146,Act09,0.18776565746961027
13:30:36,Act06,0.23777652576487146,Act09,0.18776565746961027
13:30:37,Act06,0.23777652576487146,Act09,0.18776565746961027
13:30:38,Act06,0.23777652576487146,Act09,0.18776565746961027
13:30:39,Act06,0.23777652576487146,Act09,0.18776565746961027
13:30:40,Act06,0.23777652576487146,Act09,0.18776565746961027
13:30:41,Act06,0.23777652576487146,Act09,0.18776565746961027
13:30:42,Act06,0.23777652576487146,Act09,0.18776565746961027
13:30:43,Act06,0.23777652576487146,Act09,0.18776565746961027
13:30:44,Act06,0.23777652576487146,Act09,0.18776565746961027
13:30:45,Act06,0.23777652576487146,Act09,0.18776565746961027
13:30:46,Act06,0.23777652576487146,Act09,0.18776565746961027
13:30:47,Act06,0.23777652576487146,Act09,0.18776565746961027
13:30:48,Act06,0.23777652576487146,Act09,0.18776565746961027
13:30:49,Act06,0.23777652576487146,Act09,0.18776565746961027
13:30:50,Act06,0.23777652576487146,Act09,0.18776565746961027
13:30:51,Act06,0.23777652576487146,Act09,0.18776565746961027
13:30:52,Act06,0.23777652576487146,Act09,0.18776565746961027
13:30:53,Act06,0.23777652576487146,Act09,0.18776565746961027
13:30:54,Act06,0.23777652576487146,Act09,0.18776565746961027
13:30:55,Act06,0.23777652576487146,Act09,0.18776565746961027
13:30:56,Act06,0.23777652576487146,Act09,0.18776565746961027
13:30:57,Act06,0.23777652576487146,Act09,0.18776565746961027
13:30:58,Act06,0.23777652576487146,Act09,0.18776565746961027
13:30:59,Act06,0.23777652576487146,Act09,0.18776565746961027
13:31:00,Act06,0.23777652576487146,Act09,0.18776565746961027
13:31:01,Act06,0.23777652576487146,Act09,0.18776565746961027
13:31:02,Act06,0.23777652576487146,Act09,0.18776565746961027
13:31:03,Act06,0.23777652576487146,Act09,0.18776565746961027
13:31:04,Act06,0.23777652576487146,Act09,0.18776565746961027
13:31:05,Act06,0.23777652576487146,Act09,0.18776565746961027
13:31:06,Act06,0.23777652576487146,Act09,0.18776565746961027
13:31:07,Act06,0.23777652576487146,Act09,0.18776565746961027
13:31:08,Act06,0.23777652576487146,Act09,0.18776565746961027
13:31:09,Act06,0.23777652576487146,Act09,0.18776565746961027
13:31:10,Act06,0.23777652576487146,Act09,0.18776565746961027
13:31:11,Act06,0.23777652576487146,Act09,0.18776565746961027
13:31:12,Act06,0.23777652576487146,Act09,0.18776565746961027
13:31:13,Act06,0.23777652576487146,Act09,0.18776565746961027
13:31:14,Act06,0.23777652576487146,Act09,0.18776565746961027
13:31:15,Act06,0.23777652576487146,Act09,0.18776565746961027
13:31:16,Act06,0.23777652576487146,Act09,0.18776565746961027
13:31:17,Act06,0.23777652576487146,Act09,0.18776565746961027
13:31:18,Act06,0.23777652576487146,Act09,0.18776565746961027
13:31:19,Act06,0.23777652576487146,Act09,0.18776565746961027
13:31:20,Act06,0.23777652576487146,Act09,0.18776565746961027
13:31:21,Act03,0.2949374571594773,Act08,0.22750411011406765
13:31:22,Act03,0.2949374571594773,Act08,0.22750411011406765
13:31:23,Act03,0.2949374571594773,Act08,0.22750411011406765
13:31:24,Act03,0.2949374571594773,Act08,0.22750411011406765
13:31:25,Act03,0.6637985499281052,Act06,0.13700338854343616
13:31:26,Act03,0.6637985499281052,Act06,0.13700338854343616
13:31:27,Act03,0.2949374571594773,Act08,0.22750411011406765
13:31:28,Act03,0.2949374571594773,Act08,0.22750411011406765
13:31:29,Act03,0.2949374571594773,Act08,0.22750411011406765
13:31:30,Act06,0.23777652576487146,Act09,0.18776565746961027
13:31:31,Act06,0.23777652576487146,Act09,0.18776565746961027
13:31:32,Act06,0.23777652576487146,Act09,0.18776565746961027
13:31:33,Act06,0.23777652576487146,Act09,0.18776565746961027
13:31:34,Act06,0.23777652576487146,Act09,0.18776565746961027
13:31:35,Act06,0.23777652576487146,Act09,0.18776565746961027
13:31:36,Act06,0.23777652576487146,Act09,0.18776565746961027
13:31:37,Act06,0.23777652576487146,Act09,0.18776565746961027
13:31:38,Act06,0.23777652576487146,Act09,0.18776565746961027
13:31:39,Act06,0.23777652576487146,Act09,0.18776565746961027
13:31:40,Act06,0.23777652576487146,Act09,0.18776565746961027
13:31:41,Act06,0.23777652576487146,Act09,0.18776565746961027
13:31:42,Act06,0.23777652576487146,Act09,0.18776565746961027
13:31:43,Act06,0.23777652576487146,Act09,0.18776565746961027
13:31:44,Act20,0.3606268781616602,Act03,0.15971087123090877
13:31:45,Act03,0.2949374571594773,Act08,0.22750411011406765
13:31:46,Act03,0.2949374571594773,Act08,0.22750411011406765
13:31:47,Act20,0.3606268781616602,Act03,0.15971087123090877
13:31:48,Act20,0.3606268781616602,Act03,0.15971087123090877
13:31:49,Act03,0.2949374571594773,Act08,0.22750411011406765
13:31:50,Act03,0.2949374571594773,Act08,0.22750411011406765
13:31:51,Act03,0.2949374571594773,Act08,0.22750411011406765
13:31:52,Act03,0.2949374571594773,Act08,0.22750411011406765
13:31:53,Act20,0.3606268781616602,Act03,0.15971087123090877
13:31:54,Act20,0.3606268781616602,Act03,0.15971087123090877
13:31:55,Act20,0.3606268781616602,Act03,0.15971087123090877
13:31:56,Act20,0.3606268781616602,Act03,0.15971087123090877
13:31:57,Act20,0.3606268781616602,Act03,0.15971087123090877
13:31:58,Act20,0.3606268781616602,Act03,0.15971087123090877
13:31:59,Act20,0.3606268781616602,Act03,0.15971087123090877
13:32:00,Act06,0.23777652576487146,Act09,0.18776565746961027
13:32:01,Act06,0.23777652576487146,Act09,0.18776565746961027
13:32:02,Act06,0.23777652576487146,Act09,0.18776565746961027
13:32:03,Act06,0.23777652576487146,Act09,0.18776565746961027
13:32:04,Act03,0.6612478125116414,Act08,0.10770085796957707
13:32:05,Act03,0.2949374571594773,Act08,0.22750411011406765
13:32:06,Act03,0.6612478125116414,Act08,0.10770085796957707
13:32:07,Act03,0.6612478125116414,Act08,0.10770085796957707
13:32:08,Act03,0.6612478125116414,Act08,0.10770085796957707
13:32:09,Act03,0.6612478125116414,Act08,0.10770085796957707
13:32:10,Act03,0.6612478125116414,Act08,0.10770085796957707
13:32:11,Act06,0.23777652576487146,Act09,0.18776565746961027
13:32:12,Act03,0.6612478125116414,Act08,0.10770085796957707
13:32:13,Act03,0.6612478125116414,Act08,0.10770085796957707
13:32:14,Act03,0.9308000364247996,Act08,0.05035216493916983
13:32:15,Act03,0.9308000364247996,Act08,0.05035216493916983
13:32:16,Act03,0.9308000364247996,Act08,0.05035216493916983
13:32:17,Act03,0.9308000364247996,Act08,0.05035216493916983
13:32:18,Act03,0.9308000364247996,Act08,0.05035216493916983
13:32:19,Act03,0.9308000364247996,Act08,0.05035216493916983
13:32:20,Act03,0.9330957294576895,Act06,0.04657803617888767
13:32:21,Act06,0.23777652576487146,Act09,0.18776565746961027
13:32:22,Act03,0.9330957294576895,Act06,0.04657803617888767
13:32:23,Act06,0.23777652576487146,Act09,0.18776565746961027
13:32:24,Act06,0.23777652576487146,Act09,0.18776565746961027
13:32:25,Act06,0.23777652576487146,Act09,0.18776565746961027
13:32:26,Act03,0.9308000364247996,Act08,0.05035216493916983
13:32:27,Act03,0.6612478125116414,Act08,0.10770085796957707
13:32:28,Act06,0.23777652576487146,Act09,0.18776565746961027
13:32:29,Act06,0.23777652576487146,Act09,0.18776565746961027
13:32:30,Act03,0.6612478125116414,Act08,0.10770085796957707
13:32:31,Act03,0.89394960383693,Act08,0.07309464725247425
13:32:32,Act03,0.89394960383693,Act08,0.07309464725247425
13:32:33,Act03,0.89394960383693,Act08,0.07309464725247425
13:32:34,Act03,0.89394960383693,Act08,0.07309464725247425
13:32:35,Act03,0.9308000364247996,Act08,0.05035216493916983
13:32:36,Act03,0.8144496502321585,Act08,0.10108105517517686
13:32:37,Act03,0.8144496502321585,Act08,0.10108105517517686
13:32:38,Act06,0.23777652576487146,Act09,0.18776565746961027
13:32:39,Act03,0.2949374571594773,Act08,0.22750411011406765
13:32:40,Act03,0.2949374571594773,Act08,0.22750411011406765
13:32:41,Act03,0.2949374571594773,Act08,0.22750411011406765
13:32:42,Act06,0.23777652576487146,Act09,0.18776565746961027
13:32:43,Act06,0.23777652576487146,Act09,0.18776565746961027
13:32:44,Act06,0.23777652576487146,Act09,0.18776565746961027
13:32:45,Act06,0.23777652576487146,Act09,0.18776565746961027
13:32:46,Act06,0.23777652576487146,Act09,0.18776565746961027
13:32:47,Act06,0.23777652576487146,Act09,0.18776565746961027
13:32:48,Act06,0.23777652576487146,Act09,0.18776565746961027
13:32:49,Act06,0.23777652576487146,Act09,0.18776565746961027
13:32:50,Act03,0.6612478125116414,Act08,0.10770085796957707
13:32:51,Act03,0.6612478125116414,Act08,0.10770085796957707
13:32:52,Act03,0.6612478125116414,Act08,0.10770085796957707
13:32:53,Act06,0.23777652576487146,Act09,0.18776565746961027
13:32:54,Act06,0.23777652576487146,Act09,0.18776565746961027
13:32:55,Act06,0.23777652576487146,Act09,0.18776565746961027
13:32:56,Act06,0.23777652576487146,Act09,0.18776565746961027
13:32:57,Act06,0.23777652576487146,Act09,0.18776565746961027
13:32:58,Act06,0.23777652576487146,Act09,0.18776565746961027
13:32:59,Act06,0.23777652576487146,Act09,0.18776565746961027
13:33:00,Act06,0.23777652576487146,Act09,0.18776565746961027
13:33:01,Act03,0.6612478125116414,Act08,0.10770085796957707
13:33:02,Act06,0.23777652576487146,Act09,0.18776565746961027
13:33:03,Act06,0.23777652576487146,Act09,0.18776565746961027
13:33:04,Act06,0.23777652576487146,Act09,0.18776565746961027
13:33:05,Act06,0.23777652576487146,Act09,0.18776565746961027
13:33:06,Act06,0.23777652576487146,Act09,0.18776565746961027
13:33:07,Act03,0.2949374571594773,Act08,0.22750411011406765
13:33:08,Act03,0.2949374571594773,Act08,0.22750411011406765
13:33:09,Act03,0.2949374571594773,Act08,0.22750411011406765
13:33:10,Act06,0.23777652576487146,Act09,0.18776565746961027
13:33:11,Act06,0.23777652576487146,Act09,0.18776565746961027
13:33:12,Act06,0.23777652576487146,Act09,0.18776565746961027
13:33:13,Act06,0.23777652576487146,Act09,0.18776565746961027
13:33:14,Act06,0.23777652576487146,Act09,0.18776565746961027
13:33:15,Act06,0.23777652576487146,Act09,0.18776565746961027
13:33:16,Act06,0.23777652576487146,Act09,0.18776565746961027
13:33:17,Act03,0.6612478125116414,Act08,0.10770085796957707
13:33:18,Act03,0.6612478125116414,Act08,0.10770085796957707
13:33:19,Act03,0.6612478125116414,Act08,0.10770085796957707
13:33:20,Act03,0.6612478125116414,Act08,0.10770085796957707
13:33:21,Act03,0.6612478125116414,Act08,0.10770085796957707
13:33:22,Act03,0.6612478125116414,Act08,0.10770085796957707
13:33:23,Act03,0.6612478125116414,Act08,0.10770085796957707
13:33:24,Act06,0.23777652576487146,Act09,0.18776565746961027
13:33:25,Act06,0.23777652576487146,Act09,0.18776565746961027
13:33:26,Act03,0.6612478125116414,Act08,0.10770085796957707
13:33:27,Act03,0.6612478125116414,Act08,0.10770085796957707
13:33:28,Act03,0.6612478125116414,Act08,0.10770085796957707
13:33:29,Act03,0.6612478125116414,Act08,0.10770085796957707
13:33:30,Act03,0.6612478125116414,Act08,0.10770085796957707
13:33:31,Act03,0.2949374571594773,Act08,0.22750411011406765
13:33:32,Act03,0.2949374571594773,Act08,0.22750411011406765
13:33:33,Act03,0.6612478125116414,Act08,0.10770085796957707
13:33:34,Act03,0.2949374571594773,Act08,0.22750411011406765
13:33:35,Act03,0.2949374571594773,Act08,0.22750411011406765
13:33:36,Act03,0.6612478125116414,Act08,0.10770085796957707
13:33:37,Act06,0.23777652576487146,Act09,0.18776565746961027
13:33:38,Act06,0.23777652576487146,Act09,0.18776565746961027
13:33:39,Act06,0.23777652576487146,Act09,0.18776565746961027
13:33:40,Act03,0.2949374571594773,Act08,0.22750411011406765
13:33:41,Act03,0.2949374571594773,Act08,0.22750411011406765
13:33:42,Act03,0.2949374571594773,Act08,0.22750411011406765
13:33:43,Act03,0.2949374571594773,Act08,0.22750411011406765
13:33:44,Act03,0.2949374571594773,Act08,0.22750411011406765
13:33:45,Act03,0.2949374571594773,Act08,0.22750411011406765
13:33:46,Act03,0.2949374571594773,Act08,0.22750411011406765
13:33:47,Act20,0.3606268781616602,Act03,0.15971087123090877
13:33:48,Act06,0.23777652576487146,Act09,0.18776565746961027
13:33:49,Act03,0.6612478125116414,Act08,0.10770085796957707
13:33:50,Act06,0.23777652576487146,Act09,0.18776565746961027
13:33:51,Act06,0.23777652576487146,Act09,0.18776565746961027
13:33:52,Act06,0.23777652576487146,Act09,0.18776565746961027
13:33:53,Act06,0.23777652576487146,Act09,0.18776565746961027
13:33:54,Act06,0.23777652576487146,Act09,0.18776565746961027
13:33:55,Act06,0.23777652576487146,Act09,0.18776565746961027
13:33:56,Act06,0.23777652576487146,Act09,0.18776565746961027
13:33:57,Act06,0.23777652576487146,Act09,0.18776565746961027
13:33:58,Act03,0.6612478125116414,Act08,0.10770085796957707
13:33:59,Act06,0.23777652576487146,Act09,0.18776565746961027
13:34:00,Act03,0.6612478125116414,Act08,0.10770085796957707
13:34:01,Act06,0.23777652576487146,Act09,0.18776565746961027
13:34:02,Act03,0.6612478125116414,Act08,0.10770085796957707
13:34:03,Act06,0.23777652576487146,Act09,0.18776565746961027
13:34:04,Act06,0.23777652576487146,Act09,0.18776565746961027
13:34:05,Act06,0.23777652576487146,Act09,0.18776565746961027
13:34:06,Act06,0.23777652576487146,Act09,0.18776565746961027
13:34:07,Act06,0.23777652576487146,Act09,0.18776565746961027
13:34:08,Act06,0.23777652576487146,Act09,0.18776565746961027
13:34:09,Act03,0.6612478125116414,Act08,0.10770085796957707
13:34:10,Act06,0.23777652576487146,Act09,0.18776565746961027
13:34:11,Act03,0.6612478125116414,Act08,0.10770085796957707
13:34:12,Act06,0.23777652576487146,Act09,0.18776565746961027
13:34:13,Act03,0.6612478125116414,Act08,0.10770085796957707
13:34:14,Act03,0.2949374571594773,Act08,0.22750411011406765
13:34:15,Act03,0.2949374571594773,Act08,0.22750411011406765
13:34:16,Act03,0.2949374571594773,Act08,0.22750411011406765
13:34:17,Act03,0.2949374571594773,Act08,0.22750411011406765
13:34:18,Act03,0.2949374571594773,Act08,0.22750411011406765
13:34:19,Act03,0.2949374571594773,Act08,0.22750411011406765
13:34:20,Act03,0.2949374571594773,Act08,0.22750411011406765
13:34:21,Act03,0.6612478125116414,Act08,0.10770085796957707
13:34:22,Act03,0.2949374571594773,Act08,0.22750411011406765
13:34:23,Act03,0.2949374571594773,Act08,0.22750411011406765
13:34:24,Act03,0.6612478125116414,Act08,0.10770085796957707
13:34:25,Act06,0.23777652576487146,Act09,0.18776565746961027
13:34:26,Act06,0.23777652576487146,Act09,0.18776565746961027
13:34:27,Act03,0.6612478125116414,Act08,0.10770085796957707
13:34:28,Act03,0.2949374571594773,Act08,0.22750411011406765
13:34:29,Act03,0.2949374571594773,Act08,0.22750411011406765
13:34:30,Act03,0.2949374571594773,Act08,0.22750411011406765
13:34:31,Act20,0.3606268781616602,Act03,0.15971087123090877
13:34:32,Act03,0.2949374571594773,Act08,0.22750411011406765
13:34:33,Act03,0.2949374571594773,Act08,0.22750411011406765
13:34:34,Act03,0.2949374571594773,Act08,0.22750411011406765
13:34:35,Act03,0.2949374571594773,Act08,0.22750411011406765
13:34:36,Act03,0.2949374571594773,Act08,0.22750411011406765
13:34:37,Act03,0.2949374571594773,Act08,0.22750411011406765
13:34:38,Act03,0.6612478125116414,Act08,0.10770085796957707
13:34:39,Act03,0.6612478125116414,Act08,0.10770085796957707
13:34:40,Act03,0.6612478125116414,Act08,0.10770085796957707
13:34:41,Act03,0.6612478125116414,Act08,0.10770085796957707
13:34:42,Act03,0.6612478125116414,Act08,0.10770085796957707
13:34:43,Act03,0.6612478125116414,Act08,0.10770085796957707
13:34:44,Act03,0.6612478125116414,Act08,0.10770085796957707
13:34:45,Act03,0.6612478125116414,Act08,0.10770085796957707
13:34:46,Act03,0.6612478125116414,Act08,0.10770085796957707
13:34:47,Act03,0.6612478125116414,Act08,0.10770085796957707
13:34:48,Act03,0.2949374571594773,Act08,0.22750411011406765
13:34:49,Act03,0.2949374571594773,Act08,0.22750411011406765
13:34:50,Act03,0.2949374571594773,Act08,0.22750411011406765
13:34:51,Act03,0.2949374571594773,Act08,0.22750411011406765
13:34:52,Act03,0.2949374571594773,Act08,0.22750411011406765
13:34:53,Act03,0.6612478125116414,Act08,0.10770085796957707
13:34:54,Act03,0.2949374571594773,Act08,0.22750411011406765
13:34:55,Act03,0.2949374571594773,Act08,0.22750411011406765
13:34:56,Act03,0.2949374571594773,Act08,0.22750411011406765
13:34:57,Act03,0.6612478125116414,Act08,0.10770085796957707
13:34:58,Act06,0.23777652576487146,Act09,0.18776565746961027
13:34:59,Act03,0.6612478125116414,Act08,0.10770085796957707
13:35:00,Act03,0.6612478125116414,Act08,0.10770085796957707
13:35:01,Act03,0.2949374571594773,Act08,0.22750411011406765
13:35:02,Act03,0.2949374571594773,Act08,0.22750411011406765
13:35:03,Act03,0.2949374571594773,Act08,0.22750411011406765
13:35:04,Act03,0.6612478125116414,Act08,0.10770085796957707
13:35:05,Act03,0.6612478125116414,Act08,0.10770085796957707
13:35:06,Act03,0.6612478125116414,Act08,0.10770085796957707
13:35:07,Act03,0.6612478125116414,Act08,0.10770085796957707
13:35:08,Act03,0.6612478125116414,Act08,0.10770085796957707
13:35:09,Act03,0.6612478125116414,Act08,0.10770085796957707
13:35:10,Act03,0.6612478125116414,Act08,0.10770085796957707
13:35:11,Act06,0.23777652576487146,Act09,0.18776565746961027
13:35:12,Act06,0.23777652576487146,Act09,0.18776565746961027
13:35:13,Act06,0.23777652576487146,Act09,0.18776565746961027
13:35:14,Act06,0.23777652576487146,Act09,0.18776565746961027
13:35:15,Act06,0.23777652576487146,Act09,0.18776565746961027
13:35:16,Act06,0.23777652576487146,Act09,0.18776565746961027
13:35:17,Act03,0.6612478125116414,Act08,0.10770085796957707
13:35:18,Act03,0.6612478125116414,Act08,0.10770085796957707
13:35:19,Act03,0.6612478125116414,Act08,0.10770085796957707
13:35:20,Act03,0.6612478125116414,Act08,0.10770085796957707
13:35:21,Act03,0.6612478125116414,Act08,0.10770085796957707
13:35:22,Act03,0.6612478125116414,Act08,0.10770085796957707
13:35:23,Act03,0.6612478125116414,Act08,0.10770085796957707
13:35:24,Act03,0.2949374571594773,Act08,0.22750411011406765
13:35:25,Act03,0.2949374571594773,Act08,0.22750411011406765
13:35:26,Act03,0.2949374571594773,Act08,0.22750411011406765
13:35:27,Act03,0.2949374571594773,Act08,0.22750411011406765
13:35:28,Act03,0.2949374571594773,Act08,0.22750411011406765
13:35:29,Act03,0.2949374571594773,Act08,0.22750411011406765
13:35:30,Act03,0.2949374571594773,Act08,0.22750411011406765
13:35:31,Act03,0.2949374571594773,Act08,0.22750411011406765
13:35:32,Act03,0.2949374571594773,Act08,0.22750411011406765
13:35:33,Act20,0.3606268781616602,Act03,0.15971087123090877
13:35:34,Act03,0.2949374571594773,Act08,0.22750411011406765
13:35:35,Act08,0.6126870110820108,Act15,0.21576990895713494
13:35:36,Act08,0.6126870110820108,Act15,0.21576990895713494
13:35:37,Act15,0.7158554546564757,Act08,0.23164664175251323
13:35:38,Act15,0.7158554546564757,Act08,0.23164664175251323
13:35:39,Act15,0.7158554546564757,Act08,0.23164664175251323
13:35:40,Act15,0.7158554546564757,Act08,0.23164664175251323
13:35:41,Act15,0.9637561851802948,Act03,0.03221819666662608
13:35:42,Act15,0.9637561851802948,Act03,0.03221819666662608
13:35:43,Act15,0.9637561851802948,Act03,0.03221819666662608
13:35:44,Act15,0.6217439572295028,Act03,0.3502446502635339
13:35:45,Act15,0.6217439572295028,Act03,0.3502446502635339
13:35:46,Act15,0.9637561851802948,Act03,0.03221819666662608
13:35:47,Act15,0.9637561851802948,Act03,0.03221819666662608
13:35:48,Act15,0.9637561851802948,Act03,0.03221819666662608
13:35:49,Act15,0.9637561851802948,Act03,0.03221819666662608
13:35:50,Act15,0.9637561851802948,Act03,0.03221819666662608
13:35:51,Act15,0.9637561851802948,Act03,0.03221819666662608
13:35:52,Act15,0.9637561851802948,Act03,0.03221819666662608
13:35:53,Act15,0.9637561851802948,Act03,0.03221819666662608
13:35:54,Act15,0.9637561851802948,Act03,0.03221819666662608
13:35:55,Act15,0.9637561851802948,Act03,0.03221819666662608
13:35:56,Act15,0.9637561851802948,Act03,0.03221819666662608
13:35:57,Act15,0.7984467326704614,Act17,0.07233479853219729
13:35:58,Act15,0.7984467326704614,Act17,0.07233479853219729
13:35:59,Act06,0.23777652576487146,Act09,0.18776565746961027
13:36:00,Act06,0.23777652576487146,Act09,0.18776565746961027
13:36:01,Act06,0.23777652576487146,Act09,0.18776565746961027
13:36:02,Act06,0.23777652576487146,Act09,0.18776565746961027
13:36:03,Act06,0.23777652576487146,Act09,0.18776565746961027
13:36:04,Act06,0.23777652576487146,Act09,0.18776565746961027
13:36:05,Act06,0.23777652576487146,Act09,0.18776565746961027
13:36:06,Act06,0.23777652576487146,Act09,0.18776565746961027
13:36:07,Act06,0.23777652576487146,Act09,0.18776565746961027
13:36:08,Act15,0.5487075871997221,Act14,0.2823683816272897
13:36:09,Act15,0.5487075871997221,Act14,0.2823683816272897
13:36:10,Act15,0.5487075871997221,Act14,0.2823683816272897
13:36:11,Act15,0.5487075871997221,Act14,0.2823683816272897
13:36:12,Act15,0.5487075871997221,Act14,0.2823683816272897
13:36:13,Act15,0.5487075871997221,Act14,0.2823683816272897
13:36:14,Act15,0.5487075871997221,Act14,0.2823683816272897
13:36:15,Act15,0.5487075871997221,Act14,0.2823683816272897
13:36:16,Act15,0.5487075871997221,Act14,0.2823683816272897
13:36:17,Act15,0.5487075871997221,Act14,0.2823683816272897
13:36:18,Act15,0.5487075871997221,Act14,0.2823683816272897
13:36:19,Act15,0.5487075871997221,Act14,0.2823683816272897
13:36:20,Act15,0.5487075871997221,Act14,0.2823683816272897
13:36:21,Act06,0.23777652576487146,Act09,0.18776565746961027
13:36:22,Act06,0.23777652576487146,Act09,0.18776565746961027
13:36:23,Act06,0.23777652576487146,Act09,0.18776565746961027
13:36:24,Act06,0.23777652576487146,Act09,0.18776565746961027
13:36:25,Act06,0.23777652576487146,Act09,0.18776565746961027
13:36:26,Act06,0.23777652576487146,Act09,0.18776565746961027
13:36:27,Act15,0.5487075871997221,Act14,0.2823683816272897
13:36:28,Act15,0.5487075871997221,Act14,0.2823683816272897
13:36:29,Act15,0.5487075871997221,Act14,0.2823683816272897
13:36:30,Act15,0.5487075871997221,Act14,0.2823683816272897
13:36:31,Act15,0.5487075871997221,Act14,0.2823683816272897
13:36:32,Act15,0.5487075871997221,Act14,0.2823683816272897
13:36:33,Act06,0.23777652576487146,Act09,0.18776565746961027
13:36:34,Act06,0.23777652576487146,Act09,0.18776565746961027
13:36:35,Act06,0.23777652576487146,Act09,0.18776565746961027
13:36:36,Act06,0.23777652576487146,Act09,0.18776565746961027
13:36:37,Act06,0.23777652576487146,Act09,0.18776565746961027
13:36:38,Act06,0.23777652576487146,Act09,0.18776565746961027
13:36:39,Act06,0.23777652576487146,Act09,0.18776565746961027
13:36:40,Act15,0.7984467326704614,Act17,0.07233479853219729
13:36:41,Act15,0.9637561851802948,Act03,0.03221819666662608
13:36:42,Act15,0.9637561851802948,Act03,0.03221819666662608
13:36:43,Act15,0.7984467326704614,Act17,0.07233479853219729
13:36:44,Act15,0.7984467326704614,Act17,0.07233479853219729
13:36:45,Act15,0.7984467326704614,Act17,0.07233479853219729
13:36:46,Act15,0.7984467326704614,Act17,0.07233479853219729
13:36:47,Act15,0.7984467326704614,Act17,0.07233479853219729
13:36:48,Act15,0.7984467326704614,Act17,0.07233479853219729
13:36:49,Act06,0.23777652576487146,Act09,0.18776565746961027
13:36:50,Act15,0.9637561851802948,Act03,0.03221819666662608
13:36:51,Act03,0.9616017032575833,Act08,0.0383982967424166
13:36:52,Act03,0.6801325282422964,Act08,0.2659444493221875
13:36:53,Act03,0.6801325282422964,Act08,0.2659444493221875
13:36:54,Act03,0.89394960383693,Act08,0.07309464725247425
13:36:55,Act03,0.8144496502321585,Act08,0.10108105517517686
13:36:56,Act03,0.9428853307353487,Act08,0.047258546033270184
13:36:57,Act03,0.9428853307353487,Act08,0.047258546033270184
13:36:58,Act20,0.3606268781616602,Act03,0.15971087123090877
13:36:59,Act20,0.3606268781616602,Act03,0.15971087123090877
13:37:00,Act20,0.3606268781616602,Act03,0.15971087123090877
13:37:01,Act06,0.23777652576487146,Act09,0.18776565746961027
13:37:02,Act06,0.23777652576487146,Act09,0.18776565746961027
13:37:03,Act06,0.23777652576487146,Act09,0.18776565746961027
13:37:04,Act20,0.3606268781616602,Act03,0.15971087123090877
13:37:05,Act20,0.3606268781616602,Act03,0.15971087123090877
13:37:06,Act15,0.7158554546564757,Act08,0.23164664175251323
13:37:07,Act15,0.7158554546564757,Act08,0.23164664175251323
13:37:08,Act15,0.7984467326704614,Act17,0.07233479853219729
13:37:09,Act17,0.9681830542676246,Act15,0.024425250696085914
13:37:10,Act17,0.5791342384872498,Act18,0.3346307528273897
13:37:11,Act17,0.5791342384872498,Act18,0.3346307528273897
13:37:12,Act17,0.5791342384872498,Act18,0.3346307528273897
13:37:13,Act17,0.5791342384872498,Act18,0.3346307528273897
13:37:14,Act06,0.23777652576487146,Act09,0.18776565746961027
13:37:15,Act06,0.23777652576487146,Act09,0.18776565746961027
13:37:16,Act06,0.23777652576487146,Act09,0.18776565746961027
13:37:17,Act06,0.23777652576487146,Act09,0.18776565746961027
13:37:18,Act06,0.23777652576487146,Act09,0.18776565746961027
13:37:19,Act06,0.23777652576487146,Act09,0.18776565746961027
13:37:20,Act06,0.23777652576487146,Act09,0.18776565746961027
13:37:21,Act06,0.23777652576487146,Act09,0.18776565746961027
13:37:22,Act08,0.7423804028961706,Act18,0.2576195971038295
13:37:23,Act08,0.7423804028961706,Act18,0.2576195971038295
13:37:24,Act06,0.23777652576487146,Act09,0.18776565746961027
13:37:25,Act17,0.5791342384872498,Act18,0.3346307528273897
13:37:26,Act17,0.5791342384872498,Act18,0.3346307528273897
13:37:27,Act17,0.5791342384872498,Act18,0.3346307528273897
13:37:28,Act06,0.23777652576487146,Act09,0.18776565746961027
13:37:29,Act17,0.5791342384872498,Act18,0.3346307528273897
13:37:30,Act17,0.9681830542676246,Act15,0.024425250696085914
13:37:31,Act15,0.7984467326704614,Act17,0.07233479853219729
13:37:32,Act17,0.5791342384872498,Act18,0.3346307528273897
13:37:33,Act17,0.5791342384872498,Act18,0.3346307528273897
13:37:34,Act15,0.6217439572295028,Act03,0.3502446502635339
13:37:35,Act17,0.8917115961581459,Act20,0.08819030336075588
13:37:36,Act17,0.5791342384872498,Act18,0.3346307528273897
13:37:37,Act17,0.5791342384872498,Act18,0.3346307528273897
13:37:38,Act17,0.5791342384872498,Act18,0.3346307528273897
13:37:39,Act17,0.5791342384872498,Act18,0.3346307528273897
13:37:40,Act17,0.5791342384872498,Act18,0.3346307528273897
13:37:41,Act06,0.23777652576487146,Act09,0.18776565746961027
13:37:42,Act06,0.23777652576487146,Act09,0.18776565746961027
13:37:43,Act06,0.23777652576487146,Act09,0.18776565746961027
13:37:44,Act06,0.23777652576487146,Act09,0.18776565746961027
13:37:45,Act06,0.23777652576487146,Act09,0.18776565746961027
13:37:46,Act06,0.23777652576487146,Act09,0.18776565746961027
13:37:47,Act06,0.23777652576487146,Act09,0.18776565746961027
13:37:48,Act06,0.23777652576487146,Act09,0.18776565746961027
13:37:49,Act06,0.23777652576487146,Act09,0.18776565746961027
13:37:50,Act06,0.23777652576487146,Act09,0.18776565746961027
13:37:51,Act06,0.23777652576487146,Act09,0.18776565746961027
13:37:52,Act06,0.23777652576487146,Act09,0.18776565746961027
13:37:53,Act06,0.23777652576487146,Act09,0.18776565746961027
13:37:54,Act06,0.23777652576487146,Act09,0.18776565746961027
13:37:55,Act06,0.23777652576487146,Act09,0.18776565746961027
13:37:56,Act17,0.5791342384872498,Act18,0.3346307528273897
13:37:57,Act17,0.5791342384872498,Act18,0.3346307528273897
13:37:58,Act17,0.5791342384872498,Act18,0.3346307528273897
13:37:59,Act17,0.5791342384872498,Act18,0.3346307528273897
13:38:00,Act17,0.5791342384872498,Act18,0.3346307528273897
13:38:01,Act17,0.5791342384872498,Act18,0.3346307528273897
13:38:02,Act17,0.5791342384872498,Act18,0.3346307528273897
13:38:03,Act22,0.9210510926017389,Act06,0.06425702041711236
13:38:04,Act22,0.9210510926017389,Act06,0.06425702041711236
13:38:05,Act17,0.5791342384872498,Act18,0.3346307528273897
13:38:06,Act17,0.5791342384872498,Act18,0.3346307528273897
13:38:07,Act06,0.23777652576487146,Act09,0.18776565746961027
13:38:08,Act17,0.5791342384872498,Act18,0.3346307528273897
13:38:09,Act17,0.5791342384872498,Act18,0.3346307528273897
13:38:10,Act06,0.23777652576487146,Act09,0.18776565746961027
13:38:11,Act06,0.23777652576487146,Act09,0.18776565746961027
13:38:12,Act06,0.23777652576487146,Act09,0.18776565746961027
13:38:13,Act06,0.23777652576487146,Act09,0.18776565746961027
13:38:14,Act06,0.23777652576487146,Act09,0.18776565746961027
13:38:15,Act06,0.23777652576487146,Act09,0.18776565746961027
13:38:16,Act06,0.23777652576487146,Act09,0.18776565746961027
13:38:17,Act06,0.23777652576487146,Act09,0.18776565746961027
13:38:18,Act06,0.23777652576487146,Act09,0.18776565746961027
13:38:19,Act06,0.23777652576487146,Act09,0.18776565746961027
13:38:20,Act17,0.5791342384872498,Act18,0.3346307528273897
13:38:21,Act06,0.23777652576487146,Act09,0.18776565746961027
13:38:22,Act15,0.7984467326704614,Act17,0.07233479853219729
13:38:23,Act17,0.9681830542676246,Act15,0.024425250696085914
13:38:24,Act17,0.5791342384872498,Act18,0.3346307528273897
13:38:25,Act06,0.23777652576487146,Act09,0.18776565746961027
13:38:26,Act17,0.5791342384872498,Act18,0.3346307528273897
13:38:27,Act17,0.5791342384872498,Act18,0.3346307528273897
13:38:28,Act17,0.5791342384872498,Act18,0.3346307528273897
13:38:29,Act06,0.23777652576487146,Act09,0.18776565746961027
13:38:30,Act17,0.5791342384872498,Act18,0.3346307528273897
13:38:31,Act06,0.23777652576487146,Act09,0.18776565746961027
13:38:32,Act17,0.5791342384872498,Act18,0.3346307528273897
13:38:33,Act17,0.5791342384872498,Act18,0.3346307528273897
13:38:34,Act17,0.5791342384872498,Act18,0.3346307528273897
13:38:35,Act17,0.5791342384872498,Act18,0.3346307528273897
13:38:36,Act17,0.5791342384872498,Act18,0.3346307528273897
13:38:37,Act17,0.5791342384872498,Act18,0.3346307528273897
13:38:38,Act06,0.23777652576487146,Act09,0.18776565746961027
13:38:39,Act09,0.2881958379371281,Act06,0.1822394714459166
13:38:40,Act15,0.9988469293719573,Act06,0.0011530706280427352
13:38:41,Act15,0.9988469293719573,Act06,0.0011530706280427352
13:38:42,Act09,0.2881958379371281,Act06,0.1822394714459166
13:38:43,Act09,0.2881958379371281,Act06,0.1822394714459166
13:38:44,Act12,0.730456891638578,Act15,0.18532088167619856
13:38:45,Act12,0.730456891638578,Act15,0.18532088167619856
13:38:46,Act12,0.5726467112909936,Act15,0.29683839694866554
13:38:47,Act12,0.5726467112909936,Act15,0.29683839694866554
13:38:48,Act12,0.5726467112909936,Act15,0.29683839694866554
13:38:49,Act12,0.5726467112909936,Act15,0.29683839694866554
13:38:50,Act12,0.5726467112909936,Act15,0.29683839694866554
13:38:51,Act06,0.23777652576487146,Act09,0.18776565746961027
13:38:52,Act12,0.5726467112909936,Act15,0.29683839694866554
13:38:53,Act06,0.23777652576487146,Act09,0.18776565746961027
13:38:54,Act12,0.5726467112909936,Act15,0.29683839694866554
13:38:55,Act12,0.5726467112909936,Act15,0.29683839694866554
13:38:56,Act12,0.5726467112909936,Act15,0.29683839694866554
13:38:57,Act12,0.730456891638578,Act15,0.18532088167619856
13:38:58,Act12,0.8874274211195464,Act15,0.1125725788804536
13:38:59,Act12,1.0,Act20,0.0
13:39:00,Act12,1.0,Act20,0.0
13:39:01,Act09,0.9237912904957939,Act12,0.05671638652267301
13:39:02,Act09,0.9237912904957939,Act12,0.05671638652267301
13:39:03,Act12,1.0,Act20,0.0
13:39:04,Act22,,Act20,
13:39:05,Act09,0.8068152221703414,Act12,0.11291958877752749
13:39:06,Act06,0.23777652576487146,Act09,0.18776565746961027
13:39:07,Act06,0.23777652576487146,Act09,0.18776565746961027
13:39:08,Act06,0.23777652576487146,Act09,0.18776565746961027
13:39:09,Act12,0.5726467112909936,Act15,0.29683839694866554
13:39:10,Act12,0.5726467112909936,Act15,0.29683839694866554
13:39:11,Act06,0.23777652576487146,Act09,0.18776565746961027
13:39:12,Act06,0.23777652576487146,Act09,0.18776565746961027
13:39:13,Act06,0.23777652576487146,Act09,0.18776565746961027
13:39:14,Act06,0.23777652576487146,Act09,0.18776565746961027
13:39:15,Act06,0.23777652576487146,Act09,0.18776565746961027
13:39:16,Act12,0.5726467112909936,Act15,0.29683839694866554
13:39:17,Act12,0.5726467112909936,Act15,0.29683839694866554
13:39:18,Act06,0.23777652576487146,Act09,0.18776565746961027
13:39:19,Act06,0.23777652576487146,Act09,0.18776565746961027
13:39:20,Act06,0.23777652576487146,Act09,0.18776565746961027
13:39:21,Act06,0.23777652576487146,Act09,0.18776565746961027
13:39:22,Act06,0.23777652576487146,Act09,0.18776565746961027
13:39:23,Act06,0.23777652576487146,Act09,0.18776565746961027
13:39:24,Act08,0.7423804028961706,Act18,0.2576195971038295
13:39:25,Act08,0.7423804028961706,Act18,0.2576195971038295
13:39:26,Act06,0.23777652576487146,Act09,0.18776565746961027
13:39:27,Act06,0.23777652576487146,Act09,0.18776565746961027
13:39:28,Act06,0.23777652576487146,Act09,0.18776565746961027
13:39:29,Act09,0.7801573912443216,Act12,0.187212555081939
13:39:30,Act06,0.23777652576487146,Act09,0.18776565746961027
13:39:31,Act06,0.23777652576487146,Act09,0.18776565746961027
13:39:32,Act06,0.23777652576487146,Act09,0.18776565746961027
13:39:33,Act06,0.23777652576487146,Act09,0.18776565746961027
13:39:34,Act09,0.7801573912443216,Act12,0.187212555081939
13:39:35,Act09,0.9237912904957939,Act12,0.05671638652267301
13:39:36,Act09,0.7801573912443216,Act12,0.187212555081939
13:39:37,Act09,0.7801573912443216,Act12,0.187212555081939
13:39:38,Act09,0.7801573912443216,Act12,0.187212555081939
13:39:39,Act09,0.9237912904957939,Act12,0.05671638652267301
13:39:40,Act09,0.7801573912443216,Act12,0.187212555081939
13:39:41,Act06,0.23777652576487146,Act09,0.18776565746961027
13:39:42,Act06,0.23777652576487146,Act09,0.18776565746961027
13:39:43,Act06,0.23777652576487146,Act09,0.18776565746961027
13:39:44,Act06,0.23777652576487146,Act09,0.18776565746961027
13:39:45,Act06,0.23777652576487146,Act09,0.18776565746961027
13:39:46,Act06,0.23777652576487146,Act09,0.18776565746961027
13:39:47,Act06,0.23777652576487146,Act09,0.18776565746961027
13:39:48,Act06,0.23777652576487146,Act09,0.18776565746961027
13:39:49,Act06,0.23777652576487146,Act09,0.18776565746961027
13:39:50,Act06,0.23777652576487146,Act09,0.18776565746961027
13:39:51,Act06,0.23777652576487146,Act09,0.18776565746961027
13:39:52,Act06,0.23777652576487146,Act09,0.18776565746961027
13:39:53,Act06,0.23777652576487146,Act09,0.18776565746961027
13:39:54,Act06,0.23777652576487146,Act09,0.18776565746961027
13:39:55,Act06,0.23777652576487146,Act09,0.18776565746961027
13:39:56,Act06,0.23777652576487146,Act09,0.18776565746961027
13:39:57,Act06,0.23777652576487146,Act09,0.18776565746961027
13:39:58,Act06,0.23777652576487146,Act09,0.18776565746961027
13:39:59,Act06,0.23777652576487146,Act09,0.18776565746961027
13:40:00,Act06,0.23777652576487146,Act09,0.18776565746961027
13:40:01,Act06,0.23777652576487146,Act09,0.18776565746961027
13:40:02,Act06,0.23777652576487146,Act09,0.18776565746961027
13:40:03,Act06,0.23777652576487146,Act09,0.18776565746961027
13:40:04,Act06,0.23777652576487146,Act09,0.18776565746961027
13:40:05,Act09,0.9237912904957939,Act12,0.05671638652267301
13:40:06,Act09,0.9237912904957939,Act12,0.05671638652267301
13:40:07,Act09,0.9237912904957939,Act12,0.05671638652267301
13:40:08,Act09,0.9237912904957939,Act12,0.05671638652267301
13:40:09,Act09,0.8068152221703414,Act12,0.11291958877752749
13:40:10,Act09,0.8068152221703414,Act12,0.11291958877752749
13:40:11,Act09,0.8068152221703414,Act12,0.11291958877752749
13:40:12,Act09,0.8068152221703414,Act12,0.11291958877752749
13:40:13,Act09,0.8068152221703414,Act12,0.11291958877752749
13:40:14,Act09,0.8068152221703414,Act12,0.11291958877752749
13:40:15,Act09,0.8068152221703414,Act12,0.11291958877752749
13:40:16,Act06,0.23777652576487146,Act09,0.18776565746961027
13:40:17,Act09,0.8068152221703414,Act12,0.11291958877752749
13:40:18,Act09,0.8068152221703414,Act12,0.11291958877752749
13:40:19,Act09,0.8068152221703414,Act12,0.11291958877752749
13:40:20,Act06,0.23777652576487146,Act09,0.18776565746961027
13:40:21,Act06,0.23777652576487146,Act09,0.18776565746961027
13:40:22,Act09,0.8068152221703414,Act12,0.11291958877752749
13:40:23,Act09,0.9237912904957939,Act12,0.05671638652267301
13:40:24,Act09,0.9237912904957939,Act12,0.05671638652267301
13:40:25,Act09,0.8068152221703414,Act12,0.11291958877752749
13:40:26,Act09,0.8068152221703414,Act12,0.11291958877752749
13:40:27,Act09,0.9237912904957939,Act12,0.05671638652267301
13:40:28,Act09,0.8068152221703414,Act12,0.11291958877752749
13:40:29,Act09,0.8068152221703414,Act12,0.11291958877752749
13:40:30,Act09,0.8068152221703414,Act12,0.11291958877752749
13:40:31,Act09,0.8068152221703414,Act12,0.11291958877752749
13:40:32,Act09,0.8068152221703414,Act12,0.11291958877752749
13:40:33,Act09,0.8068152221703414,Act12,0.11291958877752749
13:40:34,Act09,0.9237912904957939,Act12,0.05671638652267301
13:40:35,Act09,0.8068152221703414,Act12,0.11291958877752749
13:40:36,Act09,0.8068152221703414,Act12,0.11291958877752749
13:40:37,Act09,0.8068152221703414,Act12,0.11291958877752749
13:40:38,Act09,0.8068152221703414,Act12,0.11291958877752749
13:40:39,Act09,0.8068152221703414,Act12,0.11291958877752749
13:40:40,Act09,0.8068152221703414,Act12,0.11291958877752749
13:40:41,Act09,0.8068152221703414,Act12,0.11291958877752749
13:40:42,Act09,0.8068152221703414,Act12,0.11291958877752749
13:40:43,Act09,0.8068152221703414,Act12,0.11291958877752749
13:40:44,Act09,0.8068152221703414,Act12,0.11291958877752749
13:40:45,Act06,0.23777652576487146,Act09,0.18776565746961027
13:40:46,Act06,0.23777652576487146,Act09,0.18776565746961027
13:40:47,Act06,0.23777652576487146,Act09,0.18776565746961027
13:40:48,Act06,0.23777652576487146,Act09,0.18776565746961027
13:40:49,Act06,0.23777652576487146,Act09,0.18776565746961027
13:40:50,Act06,0.23777652576487146,Act09,0.18776565746961027
13:40:51,Act06,0.23777652576487146,Act09,0.18776565746961027
13:40:52,Act09,0.8068152221703414,Act12,0.11291958877752749
13:40:53,Act06,0.23777652576487146,Act09,0.18776565746961027
13:40:54,Act06,0.23777652576487146,Act09,0.18776565746961027
13:40:55,Act06,0.23777652576487146,Act09,0.18776565746961027
13:40:56,Act06,0.23777652576487146,Act09,0.18776565746961027
13:40:57,Act06,0.23777652576487146,Act09,0.18776565746961027
13:40:58,Act06,0.23777652576487146,Act09,0.18776565746961027
13:40:59,Act06,0.23777652576487146,Act09,0.18776565746961027
13:41:00,Act06,0.23777652576487146,Act09,0.18776565746961027
13:41:01,Act06,0.23777652576487146,Act09,0.18776565746961027
13:41:02,Act06,0.23777652576487146,Act09,0.18776565746961027
13:41:03,Act06,0.23777652576487146,Act09,0.18776565746961027
13:41:04,Act06,0.23777652576487146,Act09,0.18776565746961027
13:41:05,Act06,0.23777652576487146,Act09,0.18776565746961027
13:41:06,Act06,0.23777652576487146,Act09,0.18776565746961027
13:41:07,Act06,0.23777652576487146,Act09,0.18776565746961027
13:41:08,Act06,0.23777652576487146,Act09,0.18776565746961027
13:41:09,Act06,0.23777652576487146,Act09,0.18776565746961027
13:41:10,Act06,0.23777652576487146,Act09,0.18776565746961027
13:41:11,Act06,0.23777652576487146,Act09,0.18776565746961027
13:41:12,Act06,0.23777652576487146,Act09,0.18776565746961027
13:41:13,Act06,0.23777652576487146,Act09,0.18776565746961027
13:41:14,Act06,0.23777652576487146,Act09,0.18776565746961027
13:41:15,Act06,0.23777652576487146,Act09,0.18776565746961027
13:41:16,Act06,0.23777652576487146,Act09,0.18776565746961027
13:41:17,Act09,0.7801573912443216,Act12,0.187212555081939
13:41:18,Act09,0.7801573912443216,Act12,0.187212555081939
13:41:19,Act06,0.23777652576487146,Act09,0.18776565746961027
13:41:20,Act06,0.23777652576487146,Act09,0.18776565746961027
13:41:21,Act06,0.23777652576487146,Act09,0.18776565746961027
13:41:22,Act06,0.23777652576487146,Act09,0.18776565746961027
13:41:23,Act06,0.23777652576487146,Act09,0.18776565746961027
13:41:24,Act06,0.23777652576487146,Act09,0.18776565746961027
13:41:25,Act06,0.23777652576487146,Act09,0.18776565746961027
13:41:26,Act06,0.23777652576487146,Act09,0.18776565746961027
13:41:27,Act06,0.23777652576487146,Act09,0.18776565746961027
13:41:28,Act06,0.23777652576487146,Act09,0.18776565746961027
13:41:29,Act06,0.23777652576487146,Act09,0.18776565746961027
13:41:30,Act06,0.23777652576487146,Act09,0.18776565746961027
13:41:31,Act09,0.8068152221703414,Act12,0.11291958877752749
13:41:32,Act09,0.8068152221703414,Act12,0.11291958877752749
13:41:33,Act06,0.23777652576487146,Act09,0.18776565746961027
13:41:34,Act06,0.23777652576487146,Act09,0.18776565746961027
13:41:35,Act06,0.23777652576487146,Act09,0.18776565746961027
13:41:36,Act06,0.23777652576487146,Act09,0.18776565746961027
13:41:37,Act06,0.23777652576487146,Act09,0.18776565746961027
13:41:38,Act06,0.23777652576487146,Act09,0.18776565746961027
13:41:39,Act09,0.7801573912443216,Act12,0.187212555081939
13:41:40,Act09,0.7801573912443216,Act12,0.187212555081939
13:41:41,Act06,0.23777652576487146,Act09,0.18776565746961027
13:41:42,Act06,0.23777652576487146,Act09,0.18776565746961027
13:41:43,Act06,0.23777652576487146,Act09,0.18776565746961027
13:41:44,Act06,0.23777652576487146,Act09,0.18776565746961027
13:41:45,Act06,0.23777652576487146,Act09,0.18776565746961027
13:41:46,Act06,0.23777652576487146,Act09,0.18776565746961027
13:41:47,Act06,0.23777652576487146,Act09,0.18776565746961027
13:41:48,Act06,0.23777652576487146,Act09,0.18776565746961027
13:41:49,Act06,0.23777652576487146,Act09,0.18776565746961027
13:41:50,Act06,0.23777652576487146,Act09,0.18776565746961027
13:41:51,Act06,0.23777652576487146,Act09,0.18776565746961027
13:41:52,Act09,0.7801573912443216,Act12,0.187212555081939
13:41:53,Act09,0.7801573912443216,Act12,0.187212555081939
13:41:54,Act09,0.7801573912443216,Act12,0.187212555081939
13:41:55,Act06,0.23777652576487146,Act09,0.18776565746961027
13:41:56,Act06,0.23777652576487146,Act09,0.18776565746961027
13:41:57,Act06,0.23777652576487146,Act09,0.18776565746961027
13:41:58,Act06,0.23777652576487146,Act09,0.18776565746961027
13:41:59,Act06,0.23777652576487146,Act09,0.18776565746961027
13:42:00,Act06,0.23777652576487146,Act09,0.18776565746961027
13:42:01,Act06,0.23777652576487146,Act09,0.18776565746961027
13:42:02,Act06,0.23777652576487146,Act09,0.18776565746961027
13:42:03,Act06,0.23777652576487146,Act09,0.18776565746961027
13:42:04,Act06,0.23777652576487146,Act09,0.18776565746961027
13:42:05,Act06,0.23777652576487146,Act09,0.18776565746961027
13:42:06,Act06,0.23777652576487146,Act09,0.18776565746961027
13:42:07,Act09,0.8068152221703414,Act12,0.11291958877752749
13:42:08,Act09,0.8068152221703414,Act12,0.11291958877752749
13:42:09,Act09,0.8068152221703414,Act12,0.11291958877752749
13:42:10,Act06,0.23777652576487146,Act09,0.18776565746961027
13:42:11,Act06,0.23777652576487146,Act09,0.18776565746961027
13:42:12,Act06,0.23777652576487146,Act09,0.18776565746961027
13:42:13,Act06,0.23777652576487146,Act09,0.18776565746961027
13:42:14,Act06,0.23777652576487146,Act09,0.18776565746961027
13:42:15,Act06,0.23777652576487146,Act09,0.18776565746961027
13:42:16,Act09,0.7801573912443216,Act12,0.187212555081939
13:42:17,Act09,0.7801573912443216,Act12,0.187212555081939
13:42:18,Act06,0.23777652576487146,Act09,0.18776565746961027
13:42:19,Act06,0.23777652576487146,Act09,0.18776565746961027
13:42:20,Act06,0.23777652576487146,Act09,0.18776565746961027
13:42:21,Act06,0.23777652576487146,Act09,0.18776565746961027
13:42:22,Act06,0.23777652576487146,Act09,0.18776565746961027
13:42:23,Act06,0.23777652576487146,Act09,0.18776565746961027
13:42:24,Act06,0.23777652576487146,Act09,0.18776565746961027
13:42:25,Act06,0.23777652576487146,Act09,0.18776565746961027
13:42:26,Act06,0.23777652576487146,Act09,0.18776565746961027
13:42:27,Act06,0.23777652576487146,Act09,0.18776565746961027
13:42:28,Act06,0.23777652576487146,Act09,0.18776565746961027
13:42:29,Act06,0.23777652576487146,Act09,0.18776565746961027
13:42:30,Act06,0.23777652576487146,Act09,0.18776565746961027
13:42:31,Act08,0.7423804028961706,Act18,0.2576195971038295
13:42:32,Act08,0.7423804028961706,Act18,0.2576195971038295
13:42:33,Act06,0.23777652576487146,Act09,0.18776565746961027
13:42:34,Act06,0.23777652576487146,Act09,0.18776565746961027
13:42:35,Act06,0.23777652576487146,Act09,0.18776565746961027
13:42:36,Act06,0.23777652576487146,Act09,0.18776565746961027
13:42:37,Act06,0.23777652576487146,Act09,0.18776565746961027
13:42:38,Act06,0.23777652576487146,Act09,0.18776565746961027
13:42:39,Act06,0.23777652576487146,Act09,0.18776565746961027
13:42:40,Act06,0.23777652576487146,Act09,0.18776565746961027
13:42:41,Act06,0.23777652576487146,Act09,0.18776565746961027
13:42:42,Act06,0.23777652576487146,Act09,0.18776565746961027
13:42:43,Act06,0.23777652576487146,Act09,0.18776565746961027
13:42:44,Act06,0.23777652576487146,Act09,0.18776565746961027
13:42:45,Act06,0.23777652576487146,Act09,0.18776565746961027
13:42:46,Act06,0.23777652576487146,Act09,0.18776565746961027
13:42:47,Act08,0.7423804028961706,Act18,0.2576195971038295
13:42:48,Act08,0.7423804028961706,Act18,0.2576195971038295
13:42:49,Act08,0.7423804028961706,Act18,0.2576195971038295
13:42:50,Act06,0.23777652576487146,Act09,0.18776565746961027
13:42:51,Act06,0.23777652576487146,Act09,0.18776565746961027
13:42:52,Act06,0.23777652576487146,Act09,0.18776565746961027
13:42:53,Act06,0.23777652576487146,Act09,0.18776565746961027
13:42:54,Act06,0.23777652576487146,Act09,0.18776565746961027
13:42:55,Act06,0.23777652576487146,Act09,0.18776565746961027
13:42:56,Act06,0.23777652576487146,Act09,0.18776565746961027
13:42:57,Act06,0.23777652576487146,Act09,0.18776565746961027
13:42:58,Act06,0.23777652576487146,Act09,0.18776565746961027
13:42:59,Act06,0.23777652576487146,Act09,0.18776565746961027
13:43:00,Act06,0.23777652576487146,Act09,0.18776565746961027
13:43:01,Act06,0.23777652576487146,Act09,0.18776565746961027
13:43:02,Act06,0.23777652576487146,Act09,0.18776565746961027
13:43:03,Act06,0.23777652576487146,Act09,0.18776565746961027
13:43:04,Act06,0.23777652576487146,Act09,0.18776565746961027
13:43:05,Act06,0.23777652576487146,Act09,0.18776565746961027
13:43:06,Act06,0.23777652576487146,Act09,0.18776565746961027
13:43:07,Act06,0.23777652576487146,Act09,0.18776565746961027
13:43:08,Act06,0.23777652576487146,Act09,0.18776565746961027
13:43:09,Act06,0.23777652576487146,Act09,0.18776565746961027
13:43:10,Act06,0.23777652576487146,Act09,0.18776565746961027
13:43:11,Act06,0.23777652576487146,Act09,0.18776565746961027
13:43:12,Act06,0.23777652576487146,Act09,0.18776565746961027
13:43:13,Act06,0.23777652576487146,Act09,0.18776565746961027
13:43:14,Act06,0.23777652576487146,Act09,0.18776565746961027
13:43:15,Act06,0.23777652576487146,Act09,0.18776565746961027
13:43:16,Act06,0.23777652576487146,Act09,0.18776565746961027
13:43:17,Act06,0.23777652576487146,Act09,0.18776565746961027
13:43:18,Act06,0.23777652576487146,Act09,0.18776565746961027
13:43:19,Act06,0.23777652576487146,Act09,0.18776565746961027
13:43:20,Act06,0.23777652576487146,Act09,0.18776565746961027
13:43:21,Act06,0.23777652576487146,Act09,0.18776565746961027
13:43:22,Act06,0.23777652576487146,Act09,0.18776565746961027
13:43:23,Act06,0.23777652576487146,Act09,0.18776565746961027
13:43:24,Act06,0.23777652576487146,Act09,0.18776565746961027
13:43:25,Act06,0.23777652576487146,Act09,0.18776565746961027
13:43:26,Act06,0.23777652576487146,Act09,0.18776565746961027
13:43:27,Act06,0.23777652576487146,Act09,0.18776565746961027
13:43:28,Act06,0.23777652576487146,Act09,0.18776565746961027
13:43:29,Act06,0.23777652576487146,Act09,0.18776565746961027
13:43:30,Act06,0.23777652576487146,Act09,0.18776565746961027
13:43:31,Act06,0.23777652576487146,Act09,0.18776565746961027
13:43:32,Act06,0.23777652576487146,Act09,0.18776565746961027
13:43:33,Act09,0.7801573912443216,Act12,0.187212555081939
13:43:34,Act09,0.7801573912443216,Act12,0.187212555081939
13:43:35,Act09,0.7801573912443216,Act12,0.187212555081939
13:43:36,Act09,0.7801573912443216,Act12,0.187212555081939
13:43:37,Act06,0.23777652576487146,Act09,0.18776565746961027
13:43:38,Act06,0.23777652576487146,Act09,0.18776565746961027
13:43:39,Act06,0.23777652576487146,Act09,0.18776565746961027
13:43:40,Act06,0.23777652576487146,Act09,0.18776565746961027
13:43:41,Act06,0.23777652576487146,Act09,0.18776565746961027
13:43:42,Act06,0.23777652576487146,Act09,0.18776565746961027
13:43:43,Act06,0.23777652576487146,Act09,0.18776565746961027
13:43:44,Act06,0.23777652576487146,Act09,0.18776565746961027
13:43:45,Act06,0.23777652576487146,Act09,0.18776565746961027
13:43:46,Act06,0.23777652576487146,Act09,0.18776565746961027
13:43:47,Act06,0.23777652576487146,Act09,0.18776565746961027
13:43:48,Act06,0.23777652576487146,Act09,0.18776565746961027
13:43:49,Act06,0.23777652576487146,Act09,0.18776565746961027
13:43:50,Act06,0.23777652576487146,Act09,0.18776565746961027
13:43:51,Act06,0.23777652576487146,Act09,0.18776565746961027
13:43:52,Act06,0.23777652576487146,Act09,0.18776565746961027
13:43:53,Act06,0.23777652576487146,Act09,0.18776565746961027
13:43:54,Act06,0.23777652576487146,Act09,0.18776565746961027
13:43:55,Act06,0.23777652576487146,Act09,0.18776565746961027
13:43:56,Act06,0.23777652576487146,Act09,0.18776565746961027
13:43:57,Act06,0.23777652576487146,Act09,0.18776565746961027
13:43:58,Act06,0.23777652576487146,Act09,0.18776565746961027
13:43:59,Act06,0.23777652576487146,Act09,0.18776565746961027
13:44:00,Act06,0.23777652576487146,Act09,0.18776565746961027
13:44:01,Act06,0.23777652576487146,Act09,0.18776565746961027
13:44:02,Act09,0.7801573912443216,Act12,0.187212555081939
13:44:03,Act09,0.7801573912443216,Act12,0.187212555081939
13:44:04,Act06,0.23777652576487146,Act09,0.18776565746961027
13:44:05,Act06,0.23777652576487146,Act09,0.18776565746961027
13:44:06,Act06,0.23777652576487146,Act09,0.18776565746961027
13:44:07,Act06,0.23777652576487146,Act09,0.18776565746961027
13:44:08,Act06,0.23777652576487146,Act09,0.18776565746961027
13:44:09,Act06,0.23777652576487146,Act09,0.18776565746961027
13:44:10,Act06,0.23777652576487146,Act09,0.18776565746961027
13:44:11,Act06,0.23777652576487146,Act09,0.18776565746961027
13:44:12,Act06,0.23777652576487146,Act09,0.18776565746961027
13:44:13,Act06,0.23777652576487146,Act09,0.18776565746961027
13:44:14,Act06,0.23777652576487146,Act09,0.18776565746961027
13:44:15,Act06,0.23777652576487146,Act09,0.18776565746961027
13:44:16,Act06,0.23777652576487146,Act09,0.18776565746961027
13:44:17,Act06,0.23777652576487146,Act09,0.18776565746961027
13:44:18,Act06,0.23777652576487146,Act09,0.18776565746961027
13:44:19,Act06,0.23777652576487146,Act09,0.18776565746961027
13:44:20,Act06,0.23777652576487146,Act09,0.18776565746961027
13:44:21,Act06,0.23777652576487146,Act09,0.18776565746961027
13:44:22,Act06,0.23777652576487146,Act09,0.18776565746961027
13:44:23,Act06,0.23777652576487146,Act09,0.18776565746961027
13:44:24,Act06,0.23777652576487146,Act09,0.18776565746961027
13:44:25,Act06,0.23777652576487146,Act09,0.18776565746961027
13:44:26,Act06,0.23777652576487146,Act09,0.18776565746961027
13:44:27,Act06,0.23777652576487146,Act09,0.18776565746961027
13:44:28,Act06,0.23777652576487146,Act09,0.18776565746961027
13:44:29,Act06,0.23777652576487146,Act09,0.18776565746961027
13:44:30,Act06,0.23777652576487146,Act09,0.18776565746961027
13:44:31,Act06,0.23777652576487146,Act09,0.18776565746961027
13:44:32,Act06,0.23777652576487146,Act09,0.18776565746961027
13:44:33,Act06,0.23777652576487146,Act09,0.18776565746961027
13:44:34,Act06,0.23777652576487146,Act09,0.18776565746961027
13:44:35,Act06,0.23777652576487146,Act09,0.18776565746961027
13:44:36,Act06,0.23777652576487146,Act09,0.18776565746961027
13:44:37,Act06,0.23777652576487146,Act09,0.18776565746961027
13:44:38,Act06,0.23777652576487146,Act09,0.18776565746961027
13:44:39,Act06,0.23777652576487146,Act09,0.18776565746961027
13:44:40,Act06,0.23777652576487146,Act09,0.18776565746961027
13:44:41,Act06,0.23777652576487146,Act09,0.18776565746961027
13:44:42,Act06,0.23777652576487146,Act09,0.18776565746961027
13:44:43,Act06,0.23777652576487146,Act09,0.18776565746961027
13:44:44,Act06,0.23777652576487146,Act09,0.18776565746961027
13:44:45,Act06,0.23777652576487146,Act09,0.18776565746961027
13:44:46,Act06,0.23777652576487146,Act09,0.18776565746961027
13:44:47,Act06,0.23777652576487146,Act09,0.18776565746961027
13:44:48,Act06,0.23777652576487146,Act09,0.18776565746961027
13:44:49,Act06,0.23777652576487146,Act09,0.18776565746961027
13:44:50,Act06,0.23777652576487146,Act09,0.18776565746961027
13:44:51,Act06,0.23777652576487146,Act09,0.18776565746961027
13:44:52,Act06,0.23777652576487146,Act09,0.18776565746961027
13:44:53,Act06,0.23777652576487146,Act09,0.18776565746961027
13:44:54,Act06,0.23777652576487146,Act09,0.18776565746961027
13:44:55,Act06,0.23777652576487146,Act09,0.18776565746961027
13:44:56,Act06,0.23777652576487146,Act09,0.18776565746961027
13:44:57,Act06,0.23777652576487146,Act09,0.18776565746961027
13:44:58,Act06,0.23777652576487146,Act09,0.18776565746961027
13:44:59,Act06,0.23777652576487146,Act09,0.18776565746961027
13:45:00,Act06,0.23777652576487146,Act09,0.18776565746961027
13:45:01,Act06,0.23777652576487146,Act09,0.18776565746961027
13:45:02,Act06,0.23777652576487146,Act09,0.18776565746961027
13:45:03,Act06,0.23777652576487146,Act09,0.18776565746961027
13:45:04,Act06,0.23777652576487146,Act09,0.18776565746961027
13:45:05,Act06,0.23777652576487146,Act09,0.18776565746961027
13:45:06,Act06,0.23777652576487146,Act09,0.18776565746961027
13:45:07,Act06,0.23777652576487146,Act09,0.18776565746961027
13:45:08,Act06,0.23777652576487146,Act09,0.18776565746961027
13:45:09,Act06,0.23777652576487146,Act09,0.18776565746961027
13:45:10,Act06,0.23777652576487146,Act09,0.18776565746961027
13:45:11,Act06,0.23777652576487146,Act09,0.18776565746961027
13:45:12,Act06,0.23777652576487146,Act09,0.18776565746961027
13:45:13,Act06,0.23777652576487146,Act09,0.18776565746961027
13:45:14,Act06,0.23777652576487146,Act09,0.18776565746961027
13:45:15,Act06,0.23777652576487146,Act09,0.18776565746961027
13:45:16,Act06,0.23777652576487146,Act09,0.18776565746961027
13:45:17,Act06,0.23777652576487146,Act09,0.18776565746961027
13:45:18,Act06,0.23777652576487146,Act09,0.18776565746961027
13:45:19,Act06,0.23777652576487146,Act09,0.18776565746961027
13:45:20,Act06,0.23777652576487146,Act09,0.18776565746961027
13:45:21,Act06,0.23777652576487146,Act09,0.18776565746961027
13:45:22,Act06,0.23777652576487146,Act09,0.18776565746961027
13:45:23,Act06,0.23777652576487146,Act09,0.18776565746961027
13:45:24,Act06,0.23777652576487146,Act09,0.18776565746961027
13:45:25,Act06,0.23777652576487146,Act09,0.18776565746961027
13:45:26,Act06,0.23777652576487146,Act09,0.18776565746961027
13:45:27,Act06,0.23777652576487146,Act09,0.18776565746961027
13:45:28,Act06,0.23777652576487146,Act09,0.18776565746961027
13:45:29,Act06,0.23777652576487146,Act09,0.18776565746961027
13:45:30,Act06,0.23777652576487146,Act09,0.18776565746961027
13:45:31,Act06,0.23777652576487146,Act09,0.18776565746961027
13:45:32,Act06,0.23777652576487146,Act09,0.18776565746961027
13:45:33,Act06,0.23777652576487146,Act09,0.18776565746961027
13:45:34,Act06,0.23777652576487146,Act09,0.18776565746961027
13:45:35,Act06,0.23777652576487146,Act09,0.18776565746961027
13:45:36,Act06,0.23777652576487146,Act09,0.18776565746961027
13:45:37,Act06,0.23777652576487146,Act09,0.18776565746961027
13:45:38,Act06,0.23777652576487146,Act09,0.18776565746961027
13:45:39,Act06,0.23777652576487146,Act09,0.18776565746961027
13:45:40,Act06,0.23777652576487146,Act09,0.18776565746961027
13:45:41,Act06,0.23777652576487146,Act09,0.18776565746961027
13:45:42,Act06,0.23777652576487146,Act09,0.18776565746961027
13:45:43,Act06,0.23777652576487146,Act09,0.18776565746961027
13:45:44,Act06,0.23777652576487146,Act09,0.18776565746961027
13:45:45,Act06,0.23777652576487146,Act09,0.18776565746961027
13:45:46,Act06,0.23777652576487146,Act09,0.18776565746961027
13:45:47,Act06,0.23777652576487146,Act09,0.18776565746961027
13:45:48,Act06,0.23777652576487146,Act09,0.18776565746961027
13:45:49,Act06,0.23777652576487146,Act09,0.18776565746961027
13:45:50,Act06,0.23777652576487146,Act09,0.18776565746961027
13:45:51,Act06,0.23777652576487146,Act09,0.18776565746961027
13:45:52,Act06,0.23777652576487146,Act09,0.18776565746961027
13:45:53,Act06,0.23777652576487146,Act09,0.18776565746961027
13:45:54,Act06,0.23777652576487146,Act09,0.18776565746961027
13:45:55,Act06,0.23777652576487146,Act09,0.18776565746961027
13:45:56,Act06,0.23777652576487146,Act09,0.18776565746961027
13:45:57,Act06,0.23777652576487146,Act09,0.18776565746961027
13:45:58,Act06,0.23777652576487146,Act09,0.18776565746961027
13:45:59,Act06,0.23777652576487146,Act09,0.18776565746961027
13:46:00,Act06,0.23777652576487146,Act09,0.18776565746961027
13:46:01,Act06,0.23777652576487146,Act09,0.18776565746961027
13:46:02,Act06,0.23777652576487146,Act09,0.18776565746961027
13:46:03,Act06,0.23777652576487146,Act09,0.18776565746961027
13:46:04,Act06,0.23777652576487146,Act09,0.18776565746961027
13:46:05,Act06,0.23777652576487146,Act09,0.18776565746961027
13:46:06,Act06,0.23777652576487146,Act09,0.18776565746961027
13:46:07,Act06,0.23777652576487146,Act09,0.18776565746961027
13:46:08,Act06,0.23777652576487146,Act09,0.18776565746961027
13:46:09,Act06,0.23777652576487146,Act09,0.18776565746961027
13:46:10,Act06,0.23777652576487146,Act09,0.18776565746961027
13:46:11,Act06,0.23777652576487146,Act09,0.18776565746961027
13:46:12,Act06,0.23777652576487146,Act09,0.18776565746961027
13:46:13,Act06,0.23777652576487146,Act09,0.18776565746961027
13:46:14,Act06,0.23777652576487146,Act09,0.18776565746961027
13:46:15,Act06,0.23777652576487146,Act09,0.18776565746961027
13:46:16,Act06,0.23777652576487146,Act09,0.18776565746961027
13:46:17,Act06,0.23777652576487146,Act09,0.18776565746961027
13:46:18,Act06,0.23777652576487146,Act09,0.18776565746961027
13:46:19,Act06,0.23777652576487146,Act09,0.18776565746961027
13:46:20,Act06,0.23777652576487146,Act09,0.18776565746961027
13:46:21,Act06,0.23777652576487146,Act09,0.18776565746961027
13:46:22,Act06,0.23777652576487146,Act09,0.18776565746961027
13:46:23,Act06,0.23777652576487146,Act09,0.18776565746961027
13:46:24,Act06,0.23777652576487146,Act09,0.18776565746961027
13:46:25,Act06,0.23777652576487146,Act09,0.18776565746961027
13:46:26,Act06,0.23777652576487146,Act09,0.18776565746961027
13:46:27,Act06,0.23777652576487146,Act09,0.18776565746961027
13:46:28,Act06,0.23777652576487146,Act09,0.18776565746961027
13:46:29,Act06,0.23777652576487146,Act09,0.18776565746961027
13:46:30,Act06,0.23777652576487146,Act09,0.18776565746961027
13:46:31,Act06,0.23777652576487146,Act09,0.18776565746961027
13:46:32,Act06,0.23777652576487146,Act09,0.18776565746961027
13:46:33,Act06,0.23777652576487146,Act09,0.18776565746961027
13:46:34,Act06,0.23777652576487146,Act09,0.18776565746961027
13:46:35,Act06,0.23777652576487146,Act09,0.18776565746961027
13:46:36,Act06,0.23777652576487146,Act09,0.18776565746961027
13:46:37,Act06,0.23777652576487146,Act09,0.18776565746961027
13:46:38,Act06,0.23777652576487146,Act09,0.18776565746961027
13:46:39,Act06,0.23777652576487146,Act09,0.18776565746961027
13:46:40,Act06,0.23777652576487146,Act09,0.18776565746961027
13:46:41,Act06,0.23777652576487146,Act09,0.18776565746961027
13:46:42,Act06,0.23777652576487146,Act09,0.18776565746961027
13:46:43,Act06,0.23777652576487146,Act09,0.18776565746961027
13:46:44,Act06,0.23777652576487146,Act09,0.18776565746961027
13:46:45,Act06,0.23777652576487146,Act09,0.18776565746961027
13:46:46,Act06,0.23777652576487146,Act09,0.18776565746961027
13:46:47,Act06,0.23777652576487146,Act09,0.18776565746961027
13:46:48,Act06,0.23777652576487146,Act09,0.18776565746961027
13:46:49,Act06,0.23777652576487146,Act09,0.18776565746961027
13:46:50,Act06,0.23777652576487146,Act09,0.18776565746961027
13:46:51,Act06,0.23777652576487146,Act09,0.18776565746961027
13:46:52,Act06,0.23777652576487146,Act09,0.18776565746961027
13:46:53,Act06,0.23777652576487146,Act09,0.18776565746961027
13:46:54,Act06,0.23777652576487146,Act09,0.18776565746961027
13:46:55,Act06,0.23777652576487146,Act09,0.18776565746961027
13:46:56,Act06,0.23777652576487146,Act09,0.18776565746961027
13:46:57,Act06,0.23777652576487146,Act09,0.18776565746961027
13:46:58,Act06,0.23777652576487146,Act09,0.18776565746961027
13:46:59,Act06,0.23777652576487146,Act09,0.18776565746961027
13:47:00,Act06,0.23777652576487146,Act09,0.18776565746961027
13:47:01,Act06,0.23777652576487146,Act09,0.18776565746961027
13:47:02,Act06,0.23777652576487146,Act09,0.18776565746961027
13:47:03,Act06,0.23777652576487146,Act09,0.18776565746961027
13:47:04,Act06,0.23777652576487146,Act09,0.18776565746961027
13:47:05,Act06,0.23777652576487146,Act09,0.18776565746961027
13:47:06,Act06,0.23777652576487146,Act09,0.18776565746961027
13:47:07,Act06,0.23777652576487146,Act09,0.18776565746961027
13:47:08,Act06,0.23777652576487146,Act09,0.18776565746961027
13:47:09,Act06,0.23777652576487146,Act09,0.18776565746961027
13:47:10,Act06,0.23777652576487146,Act09,0.18776565746961027
13:47:11,Act06,0.23777652576487146,Act09,0.18776565746961027
13:47:12,Act06,0.23777652576487146,Act09,0.18776565746961027
13:47:13,Act06,0.23777652576487146,Act09,0.18776565746961027
13:47:14,Act06,0.23777652576487146,Act09,0.18776565746961027
13:47:15,Act06,0.23777652576487146,Act09,0.18776565746961027
13:47:16,Act06,0.23777652576487146,Act09,0.18776565746961027
13:47:17,Act06,0.23777652576487146,Act09,0.18776565746961027
13:47:18,Act06,0.23777652576487146,Act09,0.18776565746961027
13:47:19,Act06,0.23777652576487146,Act09,0.18776565746961027
13:47:20,Act06,0.23777652576487146,Act09,0.18776565746961027
13:47:21,Act06,0.23777652576487146,Act09,0.18776565746961027
13:47:22,Act06,0.23777652576487146,Act09,0.18776565746961027
13:47:23,Act06,0.23777652576487146,Act09,0.18776565746961027
13:47:24,Act06,0.23777652576487146,Act09,0.18776565746961027
13:47:25,Act06,0.23777652576487146,Act09,0.18776565746961027
13:47:26,Act06,0.23777652576487146,Act09,0.18776565746961027
13:47:27,Act06,0.23777652576487146,Act09,0.18776565746961027
13:47:28,Act06,0.23777652576487146,Act09,0.18776565746961027
13:47:29,Act06,0.23777652576487146,Act09,0.18776565746961027
13:47:30,Act06,0.23777652576487146,Act09,0.18776565746961027
13:47:31,Act06,0.23777652576487146,Act09,0.18776565746961027
13:47:32,Act06,0.23777652576487146,Act09,0.18776565746961027
13:47:33,Act06,0.23777652576487146,Act09,0.18776565746961027
13:47:34,Act06,0.23777652576487146,Act09,0.18776565746961027
13:47:35,Act06,0.23777652576487146,Act09,0.18776565746961027
13:47:36,Act06,0.23777652576487146,Act09,0.18776565746961027
13:47:37,Act06,0.23777652576487146,Act09,0.18776565746961027
13:47:38,Act06,0.23777652576487146,Act09,0.18776565746961027
13:47:39,Act06,0.23777652576487146,Act09,0.18776565746961027
13:47:40,Act06,0.23777652576487146,Act09,0.18776565746961027
13:47:41,Act06,0.23777652576487146,Act09,0.18776565746961027
13:47:42,Act06,0.23777652576487146,Act09,0.18776565746961027
13:47:43,Act06,0.23777652576487146,Act09,0.18776565746961027
13:47:44,Act06,0.23777652576487146,Act09,0.18776565746961027
13:47:45,Act06,0.23777652576487146,Act09,0.18776565746961027
13:47:46,Act06,0.23777652576487146,Act09,0.18776565746961027
13:47:47,Act06,0.23777652576487146,Act09,0.18776565746961027
13:47:48,Act06,0.23777652576487146,Act09,0.18776565746961027
13:47:49,Act06,0.23777652576487146,Act09,0.18776565746961027
13:47:50,Act06,0.23777652576487146,Act09,0.18776565746961027
13:47:51,Act06,0.23777652576487146,Act09,0.18776565746961027
13:47:52,Act06,0.23777652576487146,Act09,0.18776565746961027
13:47:53,Act06,0.23777652576487146,Act09,0.18776565746961027
13:47:54,Act06,0.23777652576487146,Act09,0.18776565746961027
13:47:55,Act06,0.23777652576487146,Act09,0.18776565746961027
13:47:56,Act06,0.23777652576487146,Act09,0.18776565746961027
13:47:57,Act06,0.23777652576487146,Act09,0.18776565746961027
13:47:58,Act06,0.23777652576487146,Act09,0.18776565746961027
13:47:59,Act06,0.23777652576487146,Act09,0.18776565746961027
13:48:00,Act06,0.23777652576487146,Act09,0.18776565746961027
13:48:01,Act06,0.23777652576487146,Act09,0.18776565746961027
13:48:02,Act06,0.23777652576487146,Act09,0.18776565746961027
13:48:03,Act06,0.23777652576487146,Act09,0.18776565746961027
13:48:04,Act06,0.23777652576487146,Act09,0.18776565746961027
13:48:05,Act06,0.23777652576487146,Act09,0.18776565746961027
13:48:06,Act06,0.23777652576487146,Act09,0.18776565746961027
13:48:07,Act06,0.23777652576487146,Act09,0.18776565746961027
13:48:08,Act06,0.23777652576487146,Act09,0.18776565746961027
13:48:09,Act06,0.23777652576487146,Act09,0.18776565746961027
13:48:10,Act06,0.23777652576487146,Act09,0.18776565746961027
13:48:11,Act06,0.23777652576487146,Act09,0.18776565746961027
13:48:12,Act06,0.23777652576487146,Act09,0.18776565746961027
13:48:13,Act06,0.23777652576487146,Act09,0.18776565746961027
13:48:14,Act06,0.23777652576487146,Act09,0.18776565746961027
13:48:15,Act06,0.23777652576487146,Act09,0.18776565746961027
13:48:16,Act06,0.23777652576487146,Act09,0.18776565746961027
13:48:17,Act06,0.23777652576487146,Act09,0.18776565746961027
13:48:18,Act06,0.23777652576487146,Act09,0.18776565746961027
13:48:19,Act06,0.23777652576487146,Act09,0.18776565746961027
13:48:20,Act06,0.23777652576487146,Act09,0.18776565746961027
13:48:21,Act06,0.23777652576487146,Act09,0.18776565746961027
13:48:22,Act06,0.23777652576487146,Act09,0.18776565746961027
13:48:23,Act06,0.23777652576487146,Act09,0.18776565746961027
13:48:24,Act06,0.23777652576487146,Act09,0.18776565746961027
13:48:25,Act06,0.23777652576487146,Act09,0.18776565746961027
13:48:26,Act06,0.23777652576487146,Act09,0.18776565746961027
13:48:27,Act06,0.23777652576487146,Act09,0.18776565746961027
13:48:28,Act06,0.23777652576487146,Act09,0.18776565746961027
13:48:29,Act06,0.23777652576487146,Act09,0.18776565746961027
13:48:30,Act06,0.23777652576487146,Act09,0.18776565746961027
13:48:31,Act06,0.23777652576487146,Act09,0.18776565746961027
13:48:32,Act06,0.23777652576487146,Act09,0.18776565746961027
13:48:33,Act06,0.23777652576487146,Act09,0.18776565746961027
13:48:34,Act06,0.23777652576487146,Act09,0.18776565746961027
13:48:35,Act06,0.23777652576487146,Act09,0.18776565746961027
13:48:36,Act06,0.23777652576487146,Act09,0.18776565746961027
13:48:37,Act06,0.23777652576487146,Act09,0.18776565746961027
13:48:38,Act06,0.23777652576487146,Act09,0.18776565746961027
13:48:39,Act06,0.23777652576487146,Act09,0.18776565746961027
13:48:40,Act06,0.23777652576487146,Act09,0.18776565746961027
13:48:41,Act06,0.23777652576487146,Act09,0.18776565746961027
13:48:42,Act06,0.23777652576487146,Act09,0.18776565746961027
13:48:43,Act06,0.23777652576487146,Act09,0.18776565746961027
13:48:44,Act06,0.23777652576487146,Act09,0.18776565746961027
13:48:45,Act06,0.23777652576487146,Act09,0.18776565746961027
13:48:46,Act06,0.23777652576487146,Act09,0.18776565746961027
13:48:47,Act06,0.23777652576487146,Act09,0.18776565746961027
13:48:48,Act06,0.23777652576487146,Act09,0.18776565746961027
13:48:49,Act06,0.23777652576487146,Act09,0.18776565746961027
13:48:50,Act15,0.7984467326704614,Act17,0.07233479853219729
13:48:51,Act15,0.7984467326704614,Act17,0.07233479853219729
13:48:52,Act15,0.7984467326704614,Act17,0.07233479853219729
13:48:53,Act06,0.23777652576487146,Act09,0.18776565746961027
13:48:54,Act06,0.23777652576487146,Act09,0.18776565746961027
13:48:55,Act06,0.23777652576487146,Act09,0.18776565746961027
13:48:56,Act06,0.23777652576487146,Act09,0.18776565746961027
13:48:57,Act06,0.23777652576487146,Act09,0.18776565746961027
13:48:58,Act06,0.23777652576487146,Act09,0.18776565746961027
13:48:59,Act06,0.23777652576487146,Act09,0.18776565746961027
13:49:00,Act06,0.23777652576487146,Act09,0.18776565746961027
13:49:01,Act06,0.23777652576487146,Act09,0.18776565746961027
13:49:02,Act06,0.23777652576487146,Act09,0.18776565746961027
13:49:03,Act06,0.23777652576487146,Act09,0.18776565746961027
13:49:04,Act06,0.23777652576487146,Act09,0.18776565746961027
13:49:05,Act06,0.23777652576487146,Act09,0.18776565746961027
13:49:06,Act06,0.23777652576487146,Act09,0.18776565746961027
13:49:07,Act06,0.23777652576487146,Act09,0.18776565746961027
13:49:08,Act06,0.23777652576487146,Act09,0.18776565746961027
13:49:09,Act06,0.23777652576487146,Act09,0.18776565746961027
13:49:10,Act06,0.23777652576487146,Act09,0.18776565746961027
13:49:11,Act06,0.23777652576487146,Act09,0.18776565746961027
13:49:12,Act06,0.23777652576487146,Act09,0.18776565746961027
13:49:13,Act06,0.23777652576487146,Act09,0.18776565746961027
13:49:14,Act06,0.23777652576487146,Act09,0.18776565746961027
13:49:15,Act06,0.23777652576487146,Act09,0.18776565746961027
13:49:16,Act06,0.23777652576487146,Act09,0.18776565746961027
13:49:17,Act06,0.23777652576487146,Act09,0.18776565746961027
13:49:18,Act06,0.23777652576487146,Act09,0.18776565746961027
13:49:19,Act06,0.23777652576487146,Act09,0.18776565746961027
13:49:20,Act06,0.23777652576487146,Act09,0.18776565746961027
13:49:21,Act06,0.23777652576487146,Act09,0.18776565746961027
13:49:22,Act06,0.23777652576487146,Act09,0.18776565746961027
13:49:23,Act06,0.23777652576487146,Act09,0.18776565746961027
13:49:24,Act06,0.23777652576487146,Act09,0.18776565746961027
13:49:25,Act06,0.23777652576487146,Act09,0.18776565746961027
13:49:26,Act06,0.23777652576487146,Act09,0.18776565746961027
13:49:27,Act09,0.8068152221703414,Act12,0.11291958877752749
13:49:28,Act09,0.9237912904957939,Act12,0.05671638652267301
13:49:29,Act09,0.9237912904957939,Act12,0.05671638652267301
13:49:30,Act09,0.9237912904957939,Act12,0.05671638652267301
13:49:31,Act06,0.23777652576487146,Act09,0.18776565746961027
13:49:32,Act06,0.23777652576487146,Act09,0.18776565746961027
13:49:33,Act06,0.23777652576487146,Act09,0.18776565746961027
13:49:34,Act06,0.23777652576487146,Act09,0.18776565746961027
13:49:35,Act06,0.23777652576487146,Act09,0.18776565746961027
13:49:36,Act06,0.23777652576487146,Act09,0.18776565746961027
13:49:37,Act06,0.23777652576487146,Act09,0.18776565746961027
13:49:38,Act06,0.23777652576487146,Act09,0.18776565746961027
13:49:39,Act06,0.23777652576487146,Act09,0.18776565746961027
13:49:40,Act06,0.23777652576487146,Act09,0.18776565746961027
13:49:41,Act06,0.23777652576487146,Act09,0.18776565746961027
13:49:42,Act09,0.8068152221703414,Act12,0.11291958877752749
13:49:43,Act09,0.8068152221703414,Act12,0.11291958877752749
13:49:44,Act09,0.7801573912443216,Act12,0.187212555081939
13:49:45,Act09,0.7801573912443216,Act12,0.187212555081939
13:49:46,Act06,0.23777652576487146,Act09,0.18776565746961027
13:49:47,Act06,0.23777652576487146,Act09,0.18776565746961027
13:49:48,Act06,0.23777652576487146,Act09,0.18776565746961027
13:49:49,Act06,0.23777652576487146,Act09,0.18776565746961027
13:49:50,Act06,0.23777652576487146,Act09,0.18776565746961027
13:49:51,Act06,0.23777652576487146,Act09,0.18776565746961027
13:49:52,Act06,0.23777652576487146,Act09,0.18776565746961027
13:49:53,Act06,0.23777652576487146,Act09,0.18776565746961027
13:49:54,Act09,0.9237912904957939,Act12,0.05671638652267301
13:49:55,Act09,0.9237912904957939,Act12,0.05671638652267301
13:49:56,Act06,0.23777652576487146,Act09,0.18776565746961027
13:49:57,Act06,0.23777652576487146,Act09,0.18776565746961027
13:49:58,Act06,0.23777652576487146,Act09,0.18776565746961027
13:49:59,Act06,0.23777652576487146,Act09,0.18776565746961027
13:50:00,Act06,0.23777652576487146,Act09,0.18776565746961027
13:50:01,Act06,0.23777652576487146,Act09,0.18776565746961027
13:50:02,Act06,0.23777652576487146,Act09,0.18776565746961027
13:50:03,Act06,0.23777652576487146,Act09,0.18776565746961027
13:50:04,Act06,0.23777652576487146,Act09,0.18776565746961027
13:50:05,Act06,0.23777652576487146,Act09,0.18776565746961027
13:50:06,Act06,0.23777652576487146,Act09,0.18776565746961027
13:50:07,Act06,0.23777652576487146,Act09,0.18776565746961027
13:50:08,Act06,0.23777652576487146,Act09,0.18776565746961027
13:50:09,Act09,0.8068152221703414,Act12,0.11291958877752749
13:50:10,Act09,0.8068152221703414,Act12,0.11291958877752749
13:50:11,Act06,0.23777652576487146,Act09,0.18776565746961027
13:50:12,Act06,0.23777652576487146,Act09,0.18776565746961027
13:50:13,Act06,0.23777652576487146,Act09,0.18776565746961027
13:50:14,Act06,0.23777652576487146,Act09,0.18776565746961027
13:50:15,Act06,0.23777652576487146,Act09,0.18776565746961027
13:50:16,Act06,0.23777652576487146,Act09,0.18776565746961027
13:50:17,Act06,0.23777652576487146,Act09,0.18776565746961027
13:50:18,Act06,0.23777652576487146,Act09,0.18776565746961027
13:50:19,Act06,0.23777652576487146,Act09,0.18776565746961027
13:50:20,Act06,0.23777652576487146,Act09,0.18776565746961027
13:50:21,Act06,0.23777652576487146,Act09,0.18776565746961027
13:50:22,Act06,0.23777652576487146,Act09,0.18776565746961027
13:50:23,Act06,0.23777652576487146,Act09,0.18776565746961027
13:50:24,Act06,0.23777652576487146,Act09,0.18776565746961027
13:50:25,Act06,0.23777652576487146,Act09,0.18776565746961027
13:50:26,Act06,0.23777652576487146,Act09,0.18776565746961027
13:50:27,Act06,0.23777652576487146,Act09,0.18776565746961027
13:50:28,Act06,0.23777652576487146,Act09,0.18776565746961027
13:50:29,Act06,0.23777652576487146,Act09,0.18776565746961027
13:50:30,Act06,0.23777652576487146,Act09,0.18776565746961027
13:50:31,Act06,0.23777652576487146,Act09,0.18776565746961027
13:50:32,Act06,0.23777652576487146,Act09,0.18776565746961027
13:50:33,Act06,0.23777652576487146,Act09,0.18776565746961027
13:50:34,Act06,0.23777652576487146,Act09,0.18776565746961027
13:50:35,Act06,0.23777652576487146,Act09,0.18776565746961027
13:50:36,Act06,0.23777652576487146,Act09,0.18776565746961027
13:50:37,Act06,0.23777652576487146,Act09,0.18776565746961027
13:50:38,Act06,0.23777652576487146,Act09,0.18776565746961027
13:50:39,Act06,0.23777652576487146,Act09,0.18776565746961027
13:50:40,Act06,0.23777652576487146,Act09,0.18776565746961027
13:50:41,Act06,0.23777652576487146,Act09,0.18776565746961027
13:50:42,Act06,0.23777652576487146,Act09,0.18776565746961027
13:50:43,Act06,0.23777652576487146,Act09,0.18776565746961027
13:50:44,Act06,0.23777652576487146,Act09,0.18776565746961027
13:50:45,Act06,0.23777652576487146,Act09,0.18776565746961027
13:50:46,Act06,0.23777652576487146,Act09,0.18776565746961027
13:50:47,Act06,0.23777652576487146,Act09,0.18776565746961027
13:50:48,Act06,0.23777652576487146,Act09,0.18776565746961027
13:50:49,Act06,0.23777652576487146,Act09,0.18776565746961027
13:50:50,Act06,0.23777652576487146,Act09,0.18776565746961027
13:50:51,Act06,0.23777652576487146,Act09,0.18776565746961027
13:50:52,Act06,0.23777652576487146,Act09,0.18776565746961027
13:50:53,Act06,0.23777652576487146,Act09,0.18776565746961027
13:50:54,Act06,0.23777652576487146,Act09,0.18776565746961027
13:50:55,Act06,0.23777652576487146,Act09,0.18776565746961027
13:50:56,Act06,0.23777652576487146,Act09,0.18776565746961027
13:50:57,Act06,0.23777652576487146,Act09,0.18776565746961027
13:50:58,Act06,0.23777652576487146,Act09,0.18776565746961027
13:50:59,Act06,0.23777652576487146,Act09,0.18776565746961027
13:51:00,Act06,0.23777652576487146,Act09,0.18776565746961027
13:51:01,Act06,0.23777652576487146,Act09,0.18776565746961027
13:51:02,Act06,0.23777652576487146,Act09,0.18776565746961027
13:51:03,Act09,0.8068152221703414,Act12,0.11291958877752749
13:51:04,Act09,0.9237912904957939,Act12,0.05671638652267301
13:51:05,Act09,0.9237912904957939,Act12,0.05671638652267301
13:51:06,Act09,0.8068152221703414,Act12,0.11291958877752749
13:51:07,Act09,0.9237912904957939,Act12,0.05671638652267301
13:51:08,Act09,0.9237912904957939,Act12,0.05671638652267301
13:51:09,Act09,0.8068152221703414,Act12,0.11291958877752749
13:51:10,Act06,0.23777652576487146,Act09,0.18776565746961027
13:51:11,Act06,0.23777652576487146,Act09,0.18776565746961027
13:51:12,Act06,0.23777652576487146,Act09,0.18776565746961027
13:51:13,Act06,0.23777652576487146,Act09,0.18776565746961027
13:51:14,Act06,0.23777652576487146,Act09,0.18776565746961027
13:51:15,Act06,0.23777652576487146,Act09,0.18776565746961027
13:51:16,Act06,0.23777652576487146,Act09,0.18776565746961027
13:51:17,Act06,0.23777652576487146,Act09,0.18776565746961027
13:51:18,Act06,0.23777652576487146,Act09,0.18776565746961027
13:51:19,Act06,0.23777652576487146,Act09,0.18776565746961027
13:51:20,Act06,0.23777652576487146,Act09,0.18776565746961027
13:51:21,Act09,0.9237912904957939,Act12,0.05671638652267301
13:51:22,Act09,0.9237912904957939,Act12,0.05671638652267301
13:51:23,Act09,0.9237912904957939,Act12,0.05671638652267301
13:51:24,Act09,0.935015253758814,Act08,0.06498474624118604
13:51:25,Act09,1.0,Act20,0.0
13:51:26,Act18,0.1631235977722374,Act14,0.15930038844945058
13:51:27,Act12,0.29719803125477595,Act14,0.1493168852681
13:51:28,Act12,1.0,Act20,0.0
13:51:29,Act12,1.0,Act20,0.0
13:51:30,Act12,0.5726467112909936,Act15,0.29683839694866554
13:51:31,Act09,0.8068152221703414,Act12,0.11291958877752749
13:51:32,Act12,0.5726467112909936,Act15,0.29683839694866554
13:51:33,Act12,0.5726467112909936,Act15,0.29683839694866554
13:51:34,Act12,0.5726467112909936,Act15,0.29683839694866554
13:51:35,Act12,0.5726467112909936,Act15,0.29683839694866554
13:51:36,Act12,0.5726467112909936,Act15,0.29683839694866554
13:51:37,Act06,0.23777652576487146,Act09,0.18776565746961027
13:51:38,Act06,0.23777652576487146,Act09,0.18776565746961027
13:51:39,Act06,0.23777652576487146,Act09,0.18776565746961027
13:51:40,Act06,0.23777652576487146,Act09,0.18776565746961027
13:51:41,Act06,0.23777652576487146,Act09,0.18776565746961027
13:51:42,Act06,0.23777652576487146,Act09,0.18776565746961027
13:51:43,Act06,0.23777652576487146,Act09,0.18776565746961027
13:51:44,Act06,0.23777652576487146,Act09,0.18776565746961027
13:51:45,Act06,0.23777652576487146,Act09,0.18776565746961027
13:51:46,Act06,0.23777652576487146,Act09,0.18776565746961027
13:51:47,Act09,0.8068152221703414,Act12,0.11291958877752749
13:51:48,Act09,0.8068152221703414,Act12,0.11291958877752749
13:51:49,Act15,0.5487075871997221,Act14,0.2823683816272897
13:51:50,Act15,0.5487075871997221,Act14,0.2823683816272897
13:51:51,Act15,0.5487075871997221,Act14,0.2823683816272897
13:51:52,Act15,0.5487075871997221,Act14,0.2823683816272897
13:51:53,Act15,0.5487075871997221,Act14,0.2823683816272897
13:51:54,Act15,0.5487075871997221,Act14,0.2823683816272897
13:51:55,Act15,0.5487075871997221,Act14,0.2823683816272897
13:51:56,Act06,0.23777652576487146,Act09,0.18776565746961027
13:51:57,Act06,0.23777652576487146,Act09,0.18776565746961027
13:51:58,Act06,0.23777652576487146,Act09,0.18776565746961027
13:51:59,Act06,0.23777652576487146,Act09,0.18776565746961027
13:52:00,Act06,0.23777652576487146,Act09,0.18776565746961027
13:52:01,Act06,0.23777652576487146,Act09,0.18776565746961027
13:52:02,Act06,0.23777652576487146,Act09,0.18776565746961027
13:52:03,Act06,0.23777652576487146,Act09,0.18776565746961027
13:52:04,Act06,0.23777652576487146,Act09,0.18776565746961027
13:52:05,Act09,0.7801573912443216,Act12,0.187212555081939
13:52:06,Act09,0.7801573912443216,Act12,0.187212555081939
13:52:07,Act06,0.23777652576487146,Act09,0.18776565746961027
13:52:08,Act06,0.23777652576487146,Act09,0.18776565746961027
13:52:09,Act09,0.8068152221703414,Act12,0.11291958877752749
13:52:10,Act09,0.8068152221703414,Act12,0.11291958877752749
13:52:11,Act09,0.8068152221703414,Act12,0.11291958877752749
