TIMESTAMP,PREDICCION,PROB1,PREDICCION_2,PROB2
09:42:08,Act05,0.3303740086785286,Act21,0.16312741489660976
09:42:09,Act05,0.3303740086785286,Act21,0.16312741489660976
09:42:10,Act05,0.3303740086785286,Act21,0.16312741489660976
09:42:11,Act05,0.3303740086785286,Act21,0.16312741489660976
09:42:12,Act05,0.3303740086785286,Act21,0.16312741489660976
09:42:13,Act05,0.3303740086785286,Act21,0.16312741489660976
09:42:14,Act05,0.3303740086785286,Act21,0.16312741489660976
09:42:15,Act05,0.3303740086785286,Act21,0.16312741489660976
09:42:16,Act05,0.3303740086785286,Act21,0.16312741489660976
09:42:17,Act05,0.3303740086785286,Act21,0.16312741489660976
09:42:18,Act05,0.3303740086785286,Act21,0.16312741489660976
09:42:19,Act05,0.3303740086785286,Act21,0.16312741489660976
09:42:20,Act05,0.3303740086785286,Act21,0.16312741489660976
09:42:21,Act05,0.3303740086785286,Act21,0.16312741489660976
09:42:22,Act05,0.3303740086785286,Act21,0.16312741489660976
09:42:23,Act05,0.3303740086785286,Act21,0.16312741489660976
09:42:24,Act05,0.3303740086785286,Act21,0.16312741489660976
09:42:25,Act05,0.3303740086785286,Act21,0.16312741489660976
09:42:26,Act05,0.3303740086785286,Act21,0.16312741489660976
09:42:27,Act05,0.3303740086785286,Act21,0.16312741489660976
09:42:28,Act05,0.3303740086785286,Act21,0.16312741489660976
09:42:29,Act05,0.3303740086785286,Act21,0.16312741489660976
09:42:30,Act05,0.3303740086785286,Act21,0.16312741489660976
09:42:31,Act05,0.3303740086785286,Act21,0.16312741489660976
09:42:32,Act05,0.3303740086785286,Act21,0.16312741489660976
09:42:33,Act05,0.3303740086785286,Act21,0.16312741489660976
09:42:34,Act05,0.3303740086785286,Act21,0.16312741489660976
09:42:35,Act05,0.3303740086785286,Act21,0.16312741489660976
09:42:36,Act05,0.3303740086785286,Act21,0.16312741489660976
09:42:37,Act05,0.3303740086785286,Act21,0.16312741489660976
09:42:38,Act05,0.3303740086785286,Act21,0.16312741489660976
09:42:39,Act05,0.3303740086785286,Act21,0.16312741489660976
09:42:40,Act05,0.3303740086785286,Act21,0.16312741489660976
09:42:41,Act05,0.3303740086785286,Act21,0.16312741489660976
09:42:42,Act05,0.3303740086785286,Act21,0.16312741489660976
09:42:43,Act05,0.3303740086785286,Act21,0.16312741489660976
09:42:44,Act05,0.3303740086785286,Act21,0.16312741489660976
09:42:45,Act05,0.3303740086785286,Act21,0.16312741489660976
09:42:46,Act05,0.3303740086785286,Act21,0.16312741489660976
09:42:47,Act05,0.3303740086785286,Act21,0.16312741489660976
09:42:48,Act05,0.3303740086785286,Act21,0.16312741489660976
09:42:49,Act05,0.3303740086785286,Act21,0.16312741489660976
09:42:50,Act05,0.3303740086785286,Act21,0.16312741489660976
09:42:51,Act05,0.3303740086785286,Act21,0.16312741489660976
09:42:52,Act05,0.3303740086785286,Act21,0.16312741489660976
09:42:53,Act05,0.3303740086785286,Act21,0.16312741489660976
09:42:54,Act05,0.3303740086785286,Act21,0.16312741489660976
09:42:55,Act05,0.3303740086785286,Act21,0.16312741489660976
09:42:56,Act05,0.3303740086785286,Act21,0.16312741489660976
09:42:57,Act05,0.3303740086785286,Act21,0.16312741489660976
09:42:58,Act05,0.3303740086785286,Act21,0.16312741489660976
09:42:59,Act05,0.3303740086785286,Act21,0.16312741489660976
09:43:00,Act05,0.3303740086785286,Act21,0.16312741489660976
09:43:01,Act05,0.3303740086785286,Act21,0.16312741489660976
09:43:02,Act05,0.3303740086785286,Act21,0.16312741489660976
09:43:03,Act05,0.3303740086785286,Act21,0.16312741489660976
09:43:04,Act05,0.3303740086785286,Act21,0.16312741489660976
09:43:05,Act05,0.3303740086785286,Act21,0.16312741489660976
09:43:06,Act05,0.3303740086785286,Act21,0.16312741489660976
09:43:07,Act05,0.3303740086785286,Act21,0.16312741489660976
09:43:08,Act05,0.3303740086785286,Act21,0.16312741489660976
09:43:09,Act05,0.3303740086785286,Act21,0.16312741489660976
09:43:10,Act05,0.3303740086785286,Act21,0.16312741489660976
09:43:11,Act05,0.3303740086785286,Act21,0.16312741489660976
09:43:12,Act05,0.3303740086785286,Act21,0.16312741489660976
09:43:13,Act05,0.3303740086785286,Act21,0.16312741489660976
09:43:14,Act05,0.3303740086785286,Act21,0.16312741489660976
09:43:15,Act05,0.3303740086785286,Act21,0.16312741489660976
09:43:16,Act05,0.3303740086785286,Act21,0.16312741489660976
09:43:17,Act05,0.3303740086785286,Act21,0.16312741489660976
09:43:18,Act05,0.3303740086785286,Act21,0.16312741489660976
09:43:19,Act05,0.3303740086785286,Act21,0.16312741489660976
09:43:20,Act05,0.3303740086785286,Act21,0.16312741489660976
09:43:21,Act05,0.3303740086785286,Act21,0.16312741489660976
09:43:22,Act05,0.3303740086785286,Act21,0.16312741489660976
09:43:23,Act05,0.3303740086785286,Act21,0.16312741489660976
09:43:24,Act05,0.3303740086785286,Act21,0.16312741489660976
09:43:25,Act05,0.3303740086785286,Act21,0.16312741489660976
09:43:26,Act05,0.3303740086785286,Act21,0.16312741489660976
09:43:27,Act05,0.3303740086785286,Act21,0.16312741489660976
09:43:28,Act05,0.3303740086785286,Act21,0.16312741489660976
09:43:29,Act05,0.3303740086785286,Act21,0.16312741489660976
09:43:30,Act05,0.3303740086785286,Act21,0.16312741489660976
09:43:31,Act05,0.3303740086785286,Act21,0.16312741489660976
09:43:32,Act05,0.3303740086785286,Act21,0.16312741489660976
09:43:33,Act05,0.3303740086785286,Act21,0.16312741489660976
09:43:34,Act05,0.3303740086785286,Act21,0.16312741489660976
09:43:35,Act05,0.3303740086785286,Act21,0.16312741489660976
09:43:36,Act05,0.3303740086785286,Act21,0.16312741489660976
09:43:37,Act05,0.3303740086785286,Act21,0.16312741489660976
09:43:38,Act05,0.3303740086785286,Act21,0.16312741489660976
09:43:39,Act05,0.3303740086785286,Act21,0.16312741489660976
09:43:40,Act05,0.3303740086785286,Act21,0.16312741489660976
09:43:41,Act05,0.3303740086785286,Act21,0.16312741489660976
09:43:42,Act05,0.3303740086785286,Act21,0.16312741489660976
09:43:43,Act05,0.3303740086785286,Act21,0.16312741489660976
09:43:44,Act05,0.3303740086785286,Act21,0.16312741489660976
09:43:45,Act05,0.3303740086785286,Act21,0.16312741489660976
09:43:46,Act05,0.3303740086785286,Act21,0.16312741489660976
09:43:47,Act05,0.3303740086785286,Act21,0.16312741489660976
09:43:48,Act05,0.3303740086785286,Act21,0.16312741489660976
09:43:49,Act05,0.3303740086785286,Act21,0.16312741489660976
09:43:50,Act05,0.3303740086785286,Act21,0.16312741489660976
09:43:51,Act05,0.3303740086785286,Act21,0.16312741489660976
09:43:52,Act05,0.3303740086785286,Act21,0.16312741489660976
09:43:53,Act05,0.3303740086785286,Act21,0.16312741489660976
09:43:54,Act05,0.3303740086785286,Act21,0.16312741489660976
09:43:55,Act05,0.3303740086785286,Act21,0.16312741489660976
09:43:56,Act05,0.3303740086785286,Act21,0.16312741489660976
09:43:57,Act05,0.3303740086785286,Act21,0.16312741489660976
09:43:58,Act05,0.3303740086785286,Act21,0.16312741489660976
09:43:59,Act05,0.3303740086785286,Act21,0.16312741489660976
09:44:00,Act05,0.3303740086785286,Act21,0.16312741489660976
09:44:01,Act05,0.3303740086785286,Act21,0.16312741489660976
09:44:02,Act05,0.3303740086785286,Act21,0.16312741489660976
09:44:03,Act05,0.3303740086785286,Act21,0.16312741489660976
09:44:04,Act05,0.3303740086785286,Act21,0.16312741489660976
09:44:05,Act05,0.3303740086785286,Act21,0.16312741489660976
09:44:06,Act05,0.3303740086785286,Act21,0.16312741489660976
09:44:07,Act05,0.3303740086785286,Act21,0.16312741489660976
09:44:08,Act05,0.3303740086785286,Act21,0.16312741489660976
09:44:09,Act05,0.3303740086785286,Act21,0.16312741489660976
09:44:10,Act05,0.3303740086785286,Act21,0.16312741489660976
09:44:11,Act05,0.3303740086785286,Act21,0.16312741489660976
09:44:12,Act05,0.3303740086785286,Act21,0.16312741489660976
09:44:13,Act05,0.3303740086785286,Act21,0.16312741489660976
09:44:14,Act05,0.3303740086785286,Act21,0.16312741489660976
09:44:15,Act05,0.3303740086785286,Act21,0.16312741489660976
09:44:16,Act05,0.3303740086785286,Act21,0.16312741489660976
09:44:17,Act05,0.3303740086785286,Act21,0.16312741489660976
09:44:18,Act05,0.3303740086785286,Act21,0.16312741489660976
09:44:19,Act05,0.3303740086785286,Act21,0.16312741489660976
09:44:20,Act05,0.3303740086785286,Act21,0.16312741489660976
09:44:21,Act05,0.3303740086785286,Act21,0.16312741489660976
09:44:22,Act05,0.3303740086785286,Act21,0.16312741489660976
09:44:23,Act05,0.3303740086785286,Act21,0.16312741489660976
09:44:24,Act05,0.3303740086785286,Act21,0.16312741489660976
09:44:25,Act05,0.3303740086785286,Act21,0.16312741489660976
09:44:26,Act05,0.3303740086785286,Act21,0.16312741489660976
09:44:27,Act05,0.3303740086785286,Act21,0.16312741489660976
09:44:28,Act05,0.3303740086785286,Act21,0.16312741489660976
09:44:29,Act05,0.3303740086785286,Act21,0.16312741489660976
09:44:30,Act05,0.3303740086785286,Act21,0.16312741489660976
09:44:31,Act05,0.3303740086785286,Act21,0.16312741489660976
09:44:32,Act05,0.3303740086785286,Act21,0.16312741489660976
09:44:33,Act05,0.3303740086785286,Act21,0.16312741489660976
09:44:34,Act05,0.3303740086785286,Act21,0.16312741489660976
09:44:35,Act05,0.3303740086785286,Act21,0.16312741489660976
09:44:36,Act05,0.3303740086785286,Act21,0.16312741489660976
09:44:37,Act05,0.3303740086785286,Act21,0.16312741489660976
09:44:38,Act05,0.3303740086785286,Act21,0.16312741489660976
09:44:39,Act05,0.3303740086785286,Act21,0.16312741489660976
09:44:40,Act05,0.3303740086785286,Act21,0.16312741489660976
09:44:41,Act05,0.3303740086785286,Act21,0.16312741489660976
09:44:42,Act05,0.3303740086785286,Act21,0.16312741489660976
09:44:43,Act05,0.3303740086785286,Act21,0.16312741489660976
09:44:44,Act05,0.3303740086785286,Act21,0.16312741489660976
09:44:45,Act05,0.3303740086785286,Act21,0.16312741489660976
09:44:46,Act05,0.3303740086785286,Act21,0.16312741489660976
09:44:47,Act05,0.3303740086785286,Act21,0.16312741489660976
09:44:48,Act05,0.3303740086785286,Act21,0.16312741489660976
09:44:49,Act05,0.3303740086785286,Act21,0.16312741489660976
09:44:50,Act05,0.3303740086785286,Act21,0.16312741489660976
09:44:51,Act05,0.3303740086785286,Act21,0.16312741489660976
09:44:52,Act05,0.3303740086785286,Act21,0.16312741489660976
09:44:53,Act05,0.3303740086785286,Act21,0.16312741489660976
09:44:54,Act05,0.3303740086785286,Act21,0.16312741489660976
09:44:55,Act05,0.3303740086785286,Act21,0.16312741489660976
09:44:56,Act05,0.3303740086785286,Act21,0.16312741489660976
09:44:57,Act05,0.3303740086785286,Act21,0.16312741489660976
09:44:58,Act05,0.3303740086785286,Act21,0.16312741489660976
09:44:59,Act05,0.3303740086785286,Act21,0.16312741489660976
09:45:00,Act05,0.3303740086785286,Act21,0.16312741489660976
09:45:01,Act05,0.3303740086785286,Act21,0.16312741489660976
09:45:02,Act05,0.3303740086785286,Act21,0.16312741489660976
09:45:03,Act05,0.3303740086785286,Act21,0.16312741489660976
09:45:04,Act05,0.3303740086785286,Act21,0.16312741489660976
09:45:05,Act05,0.3303740086785286,Act21,0.16312741489660976
09:45:06,Act05,0.3303740086785286,Act21,0.16312741489660976
09:45:07,Act05,0.3303740086785286,Act21,0.16312741489660976
09:45:08,Act05,0.3303740086785286,Act21,0.16312741489660976
09:45:09,Act05,0.3303740086785286,Act21,0.16312741489660976
09:45:10,Act05,0.3303740086785286,Act21,0.16312741489660976
09:45:11,Act05,0.3303740086785286,Act21,0.16312741489660976
09:45:12,Act05,0.3303740086785286,Act21,0.16312741489660976
09:45:13,Act05,0.3303740086785286,Act21,0.16312741489660976
09:45:14,Act05,0.3303740086785286,Act21,0.16312741489660976
09:45:15,Act05,0.3303740086785286,Act21,0.16312741489660976
09:45:16,Act05,0.3303740086785286,Act21,0.16312741489660976
09:45:17,Act05,0.3303740086785286,Act21,0.16312741489660976
09:45:18,Act05,0.3303740086785286,Act21,0.16312741489660976
09:45:19,Act05,0.3303740086785286,Act21,0.16312741489660976
09:45:20,Act05,0.3303740086785286,Act21,0.16312741489660976
09:45:21,Act05,0.3303740086785286,Act21,0.16312741489660976
09:45:22,Act05,0.3303740086785286,Act21,0.16312741489660976
09:45:23,Act05,0.3303740086785286,Act21,0.16312741489660976
09:45:24,Act05,0.3303740086785286,Act21,0.16312741489660976
09:45:25,Act05,0.3303740086785286,Act21,0.16312741489660976
09:45:26,Act05,0.3303740086785286,Act21,0.16312741489660976
09:45:27,Act05,0.3303740086785286,Act21,0.16312741489660976
09:45:28,Act05,0.3303740086785286,Act21,0.16312741489660976
09:45:29,Act05,0.3303740086785286,Act21,0.16312741489660976
09:45:30,Act05,0.3303740086785286,Act21,0.16312741489660976
09:45:31,Act05,0.3303740086785286,Act21,0.16312741489660976
09:45:32,Act05,0.3303740086785286,Act21,0.16312741489660976
09:45:33,Act05,0.3303740086785286,Act21,0.16312741489660976
09:45:34,Act05,0.3303740086785286,Act21,0.16312741489660976
09:45:35,Act05,0.3303740086785286,Act21,0.16312741489660976
09:45:36,Act05,0.3303740086785286,Act21,0.16312741489660976
09:45:37,Act05,0.3303740086785286,Act21,0.16312741489660976
09:45:38,Act05,0.3303740086785286,Act21,0.16312741489660976
09:45:39,Act05,0.3303740086785286,Act21,0.16312741489660976
09:45:40,Act05,0.3303740086785286,Act21,0.16312741489660976
09:45:41,Act05,0.3303740086785286,Act21,0.16312741489660976
09:45:42,Act05,0.3303740086785286,Act21,0.16312741489660976
09:45:43,Act05,0.3303740086785286,Act21,0.16312741489660976
09:45:44,Act05,0.3303740086785286,Act21,0.16312741489660976
09:45:45,Act05,0.3303740086785286,Act21,0.16312741489660976
09:45:46,Act05,0.3303740086785286,Act21,0.16312741489660976
09:45:47,Act05,0.3303740086785286,Act21,0.16312741489660976
09:45:48,Act05,0.3303740086785286,Act21,0.16312741489660976
09:45:49,Act05,0.3303740086785286,Act21,0.16312741489660976
09:45:50,Act05,0.3303740086785286,Act21,0.16312741489660976
09:45:51,Act05,0.3303740086785286,Act21,0.16312741489660976
09:45:52,Act05,0.3303740086785286,Act21,0.16312741489660976
09:45:53,Act05,0.3303740086785286,Act21,0.16312741489660976
09:45:54,Act05,0.3303740086785286,Act21,0.16312741489660976
09:45:55,Act05,0.3303740086785286,Act21,0.16312741489660976
09:45:56,Act05,0.3303740086785286,Act21,0.16312741489660976
09:45:57,Act05,0.3303740086785286,Act21,0.16312741489660976
09:45:58,Act05,0.3303740086785286,Act21,0.16312741489660976
09:45:59,Act05,0.3303740086785286,Act21,0.16312741489660976
09:46:00,Act05,0.3303740086785286,Act21,0.16312741489660976
09:46:01,Act05,0.3303740086785286,Act21,0.16312741489660976
09:46:02,Act05,0.3303740086785286,Act21,0.16312741489660976
09:46:03,Act05,0.3303740086785286,Act21,0.16312741489660976
09:46:04,Act05,0.3303740086785286,Act21,0.16312741489660976
09:46:05,Act05,0.3303740086785286,Act21,0.16312741489660976
09:46:06,Act05,0.3303740086785286,Act21,0.16312741489660976
09:46:07,Act05,0.3303740086785286,Act21,0.16312741489660976
09:46:08,Act05,0.3303740086785286,Act21,0.16312741489660976
09:46:09,Act05,0.3303740086785286,Act21,0.16312741489660976
09:46:10,Act05,0.3303740086785286,Act21,0.16312741489660976
09:46:11,Act05,0.3303740086785286,Act21,0.16312741489660976
09:46:12,Act05,0.3303740086785286,Act21,0.16312741489660976
09:46:13,Act05,0.3303740086785286,Act21,0.16312741489660976
09:46:14,Act05,0.3303740086785286,Act21,0.16312741489660976
09:46:15,Act05,0.3303740086785286,Act21,0.16312741489660976
09:46:16,Act05,0.3303740086785286,Act21,0.16312741489660976
09:46:17,Act05,0.3303740086785286,Act21,0.16312741489660976
09:46:18,Act05,0.3303740086785286,Act21,0.16312741489660976
09:46:19,Act05,0.3303740086785286,Act21,0.16312741489660976
09:46:20,Act05,0.3303740086785286,Act21,0.16312741489660976
09:46:21,Act05,0.3303740086785286,Act21,0.16312741489660976
09:46:22,Act05,0.3303740086785286,Act21,0.16312741489660976
09:46:23,Act05,0.3303740086785286,Act21,0.16312741489660976
09:46:24,Act05,0.3303740086785286,Act21,0.16312741489660976
09:46:25,Act05,0.3303740086785286,Act21,0.16312741489660976
09:46:26,Act05,0.3303740086785286,Act21,0.16312741489660976
09:46:27,Act05,0.3303740086785286,Act21,0.16312741489660976
09:46:28,Act05,0.3303740086785286,Act21,0.16312741489660976
09:46:29,Act05,0.3303740086785286,Act21,0.16312741489660976
09:46:30,Act05,0.3303740086785286,Act21,0.16312741489660976
09:46:31,Act05,0.3303740086785286,Act21,0.16312741489660976
09:46:32,Act05,0.3303740086785286,Act21,0.16312741489660976
09:46:33,Act05,0.3303740086785286,Act21,0.16312741489660976
09:46:34,Act05,0.3303740086785286,Act21,0.16312741489660976
09:46:35,Act05,0.3303740086785286,Act21,0.16312741489660976
09:46:36,Act05,0.3303740086785286,Act21,0.16312741489660976
09:46:37,Act05,0.3303740086785286,Act21,0.16312741489660976
09:46:38,Act05,0.3303740086785286,Act21,0.16312741489660976
09:46:39,Act05,0.3303740086785286,Act21,0.16312741489660976
09:46:40,Act05,0.3303740086785286,Act21,0.16312741489660976
09:46:41,Act05,0.3303740086785286,Act21,0.16312741489660976
09:46:42,Act05,0.3303740086785286,Act21,0.16312741489660976
09:46:43,Act05,0.3303740086785286,Act21,0.16312741489660976
09:46:44,Act05,0.3303740086785286,Act21,0.16312741489660976
09:46:45,Act05,0.3303740086785286,Act21,0.16312741489660976
09:46:46,Act05,0.3303740086785286,Act21,0.16312741489660976
09:46:47,Act05,0.3303740086785286,Act21,0.16312741489660976
09:46:48,Act05,0.3303740086785286,Act21,0.16312741489660976
09:46:49,Act05,0.3303740086785286,Act21,0.16312741489660976
09:46:50,Act05,0.3303740086785286,Act21,0.16312741489660976
09:46:51,Act05,0.3303740086785286,Act21,0.16312741489660976
09:46:52,Act05,0.3303740086785286,Act21,0.16312741489660976
09:46:53,Act05,0.3303740086785286,Act21,0.16312741489660976
09:46:54,Act05,0.3303740086785286,Act21,0.16312741489660976
09:46:55,Act05,0.3303740086785286,Act21,0.16312741489660976
09:46:56,Act05,0.3303740086785286,Act21,0.16312741489660976
09:46:57,Act05,0.3303740086785286,Act21,0.16312741489660976
09:46:58,Act05,0.3303740086785286,Act21,0.16312741489660976
09:46:59,Act05,0.3303740086785286,Act21,0.16312741489660976
09:47:00,Act05,0.3303740086785286,Act21,0.16312741489660976
09:47:01,Act05,0.3303740086785286,Act21,0.16312741489660976
09:47:02,Act05,0.3303740086785286,Act21,0.16312741489660976
09:47:03,Act05,0.3303740086785286,Act21,0.16312741489660976
09:47:04,Act05,0.3303740086785286,Act21,0.16312741489660976
09:47:05,Act05,0.3303740086785286,Act21,0.16312741489660976
09:47:06,Act05,0.3303740086785286,Act21,0.16312741489660976
09:47:07,Act05,0.3303740086785286,Act21,0.16312741489660976
09:47:08,Act05,0.3303740086785286,Act21,0.16312741489660976
09:47:09,Act05,0.3303740086785286,Act21,0.16312741489660976
09:47:10,Act05,0.3303740086785286,Act21,0.16312741489660976
09:47:11,Act05,0.3303740086785286,Act21,0.16312741489660976
09:47:12,Act05,0.3303740086785286,Act21,0.16312741489660976
09:47:13,Act05,0.3303740086785286,Act21,0.16312741489660976
09:47:14,Act05,0.3303740086785286,Act21,0.16312741489660976
09:47:15,Act05,0.3303740086785286,Act21,0.16312741489660976
09:47:16,Act05,0.3303740086785286,Act21,0.16312741489660976
09:47:17,Act05,0.3303740086785286,Act21,0.16312741489660976
09:47:18,Act05,0.3303740086785286,Act21,0.16312741489660976
09:47:19,Act05,0.3303740086785286,Act21,0.16312741489660976
09:47:20,Act05,0.3303740086785286,Act21,0.16312741489660976
09:47:21,Act05,0.3303740086785286,Act21,0.16312741489660976
09:47:22,Act05,0.3303740086785286,Act21,0.16312741489660976
09:47:23,Act05,0.3303740086785286,Act21,0.16312741489660976
09:47:24,Act05,0.3303740086785286,Act21,0.16312741489660976
09:47:25,Act05,0.3303740086785286,Act21,0.16312741489660976
09:47:26,Act05,0.3303740086785286,Act21,0.16312741489660976
09:47:27,Act05,0.3303740086785286,Act21,0.16312741489660976
09:47:28,Act05,0.3303740086785286,Act21,0.16312741489660976
09:47:29,Act05,0.3303740086785286,Act21,0.16312741489660976
09:47:30,Act05,0.3303740086785286,Act21,0.16312741489660976
09:47:31,Act05,0.3303740086785286,Act21,0.16312741489660976
09:47:32,Act05,0.3303740086785286,Act21,0.16312741489660976
09:47:33,Act05,0.3303740086785286,Act21,0.16312741489660976
09:47:34,Act05,0.3303740086785286,Act21,0.16312741489660976
09:47:35,Act05,0.3303740086785286,Act21,0.16312741489660976
09:47:36,Act05,0.3303740086785286,Act21,0.16312741489660976
09:47:37,Act05,0.3303740086785286,Act21,0.16312741489660976
09:47:38,Act05,0.3303740086785286,Act21,0.16312741489660976
09:47:39,Act05,0.3303740086785286,Act21,0.16312741489660976
09:47:40,Act05,0.3303740086785286,Act21,0.16312741489660976
09:47:41,Act05,0.3303740086785286,Act21,0.16312741489660976
09:47:42,Act05,0.3303740086785286,Act21,0.16312741489660976
09:47:43,Act05,0.3303740086785286,Act21,0.16312741489660976
09:47:44,Act05,0.3303740086785286,Act21,0.16312741489660976
09:47:45,Act05,0.3303740086785286,Act21,0.16312741489660976
09:47:46,Act05,0.3303740086785286,Act21,0.16312741489660976
09:47:47,Act05,0.3303740086785286,Act21,0.16312741489660976
09:47:48,Act05,0.3303740086785286,Act21,0.16312741489660976
09:47:49,Act05,0.3303740086785286,Act21,0.16312741489660976
09:47:50,Act05,0.3303740086785286,Act21,0.16312741489660976
09:47:51,Act05,0.3303740086785286,Act21,0.16312741489660976
09:47:52,Act05,0.3303740086785286,Act21,0.16312741489660976
09:47:53,Act05,0.3303740086785286,Act21,0.16312741489660976
09:47:54,Act05,0.3303740086785286,Act21,0.16312741489660976
09:47:55,Act05,0.3303740086785286,Act21,0.16312741489660976
09:47:56,Act05,0.3303740086785286,Act21,0.16312741489660976
09:47:57,Act05,0.3303740086785286,Act21,0.16312741489660976
09:47:58,Act05,0.3303740086785286,Act21,0.16312741489660976
09:47:59,Act05,0.3303740086785286,Act21,0.16312741489660976
09:48:00,Act05,0.3303740086785286,Act21,0.16312741489660976
09:48:01,Act05,0.3303740086785286,Act21,0.16312741489660976
09:48:02,Act05,0.3303740086785286,Act21,0.16312741489660976
09:48:03,Act05,0.3303740086785286,Act21,0.16312741489660976
09:48:04,Act05,0.3303740086785286,Act21,0.16312741489660976
09:48:05,Act05,0.3303740086785286,Act21,0.16312741489660976
09:48:06,Act05,0.3303740086785286,Act21,0.16312741489660976
09:48:07,Act05,0.3303740086785286,Act21,0.16312741489660976
09:48:08,Act05,0.3303740086785286,Act21,0.16312741489660976
09:48:09,Act05,0.3303740086785286,Act21,0.16312741489660976
09:48:10,Act05,0.3303740086785286,Act21,0.16312741489660976
09:48:11,Act05,0.3303740086785286,Act21,0.16312741489660976
09:48:12,Act05,0.3303740086785286,Act21,0.16312741489660976
09:48:13,Act05,0.3303740086785286,Act21,0.16312741489660976
09:48:14,Act05,0.3303740086785286,Act21,0.16312741489660976
09:48:15,Act05,0.3303740086785286,Act21,0.16312741489660976
09:48:16,Act05,0.3303740086785286,Act21,0.16312741489660976
09:48:17,Act05,0.3303740086785286,Act21,0.16312741489660976
09:48:18,Act05,0.3303740086785286,Act21,0.16312741489660976
09:48:19,Act05,0.3303740086785286,Act21,0.16312741489660976
09:48:20,Act05,0.3303740086785286,Act21,0.16312741489660976
09:48:21,Act05,0.3303740086785286,Act21,0.16312741489660976
09:48:22,Act05,0.3303740086785286,Act21,0.16312741489660976
09:48:23,Act05,0.3303740086785286,Act21,0.16312741489660976
09:48:24,Act05,0.3303740086785286,Act21,0.16312741489660976
09:48:25,Act05,0.3303740086785286,Act21,0.16312741489660976
09:48:26,Act05,0.3303740086785286,Act21,0.16312741489660976
09:48:27,Act05,0.3303740086785286,Act21,0.16312741489660976
09:48:28,Act05,0.3303740086785286,Act21,0.16312741489660976
09:48:29,Act05,0.3303740086785286,Act21,0.16312741489660976
09:48:30,Act05,0.3303740086785286,Act21,0.16312741489660976
09:48:31,Act05,0.3303740086785286,Act21,0.16312741489660976
09:48:32,Act05,0.3303740086785286,Act21,0.16312741489660976
09:48:33,Act05,0.3303740086785286,Act21,0.16312741489660976
09:48:34,Act05,0.3303740086785286,Act21,0.16312741489660976
09:48:35,Act05,0.3303740086785286,Act21,0.16312741489660976
09:48:36,Act05,0.3303740086785286,Act21,0.16312741489660976
09:48:37,Act05,0.3303740086785286,Act21,0.16312741489660976
09:48:38,Act05,0.3303740086785286,Act21,0.16312741489660976
09:48:39,Act05,0.3303740086785286,Act21,0.16312741489660976
09:48:40,Act05,0.3303740086785286,Act21,0.16312741489660976
09:48:41,Act05,0.3303740086785286,Act21,0.16312741489660976
09:48:42,Act05,0.3303740086785286,Act21,0.16312741489660976
09:48:43,Act05,0.3303740086785286,Act21,0.16312741489660976
09:48:44,Act05,0.3303740086785286,Act21,0.16312741489660976
09:48:45,Act05,0.3303740086785286,Act21,0.16312741489660976
09:48:46,Act05,0.3303740086785286,Act21,0.16312741489660976
09:48:47,Act05,0.3303740086785286,Act21,0.16312741489660976
09:48:48,Act05,0.3303740086785286,Act21,0.16312741489660976
09:48:49,Act05,0.3303740086785286,Act21,0.16312741489660976
09:48:50,Act05,0.3303740086785286,Act21,0.16312741489660976
09:48:51,Act05,0.3303740086785286,Act21,0.16312741489660976
09:48:52,Act05,0.3303740086785286,Act21,0.16312741489660976
09:48:53,Act05,0.3303740086785286,Act21,0.16312741489660976
09:48:54,Act05,0.3303740086785286,Act21,0.16312741489660976
09:48:55,Act05,0.3303740086785286,Act21,0.16312741489660976
09:48:56,Act05,0.3303740086785286,Act21,0.16312741489660976
09:48:57,Act05,0.3303740086785286,Act21,0.16312741489660976
09:48:58,Act05,0.3303740086785286,Act21,0.16312741489660976
09:48:59,Act05,0.3303740086785286,Act21,0.16312741489660976
09:49:00,Act05,0.3303740086785286,Act21,0.16312741489660976
09:49:01,Act05,0.3303740086785286,Act21,0.16312741489660976
09:49:02,Act05,0.3303740086785286,Act21,0.16312741489660976
09:49:03,Act05,0.3303740086785286,Act21,0.16312741489660976
09:49:04,Act05,0.3303740086785286,Act21,0.16312741489660976
09:49:05,Act05,0.3303740086785286,Act21,0.16312741489660976
09:49:06,Act05,0.3303740086785286,Act21,0.16312741489660976
09:49:07,Act05,0.3303740086785286,Act21,0.16312741489660976
09:49:08,Act05,0.3303740086785286,Act21,0.16312741489660976
09:49:09,Act05,0.3303740086785286,Act21,0.16312741489660976
09:49:10,Act05,0.3303740086785286,Act21,0.16312741489660976
09:49:11,Act05,0.3303740086785286,Act21,0.16312741489660976
09:49:12,Act05,0.3303740086785286,Act21,0.16312741489660976
09:49:13,Act05,0.3303740086785286,Act21,0.16312741489660976
09:49:14,Act05,0.3303740086785286,Act21,0.16312741489660976
09:49:15,Act05,0.3303740086785286,Act21,0.16312741489660976
09:49:16,Act05,0.3303740086785286,Act21,0.16312741489660976
09:49:17,Act05,0.3303740086785286,Act21,0.16312741489660976
09:49:18,Act05,0.3303740086785286,Act21,0.16312741489660976
09:49:19,Act05,0.3303740086785286,Act21,0.16312741489660976
09:49:20,Act05,0.3303740086785286,Act21,0.16312741489660976
09:49:21,Act05,0.3303740086785286,Act21,0.16312741489660976
09:49:22,Act05,0.3303740086785286,Act21,0.16312741489660976
09:49:23,Act05,0.3303740086785286,Act21,0.16312741489660976
09:49:24,Act05,0.3303740086785286,Act21,0.16312741489660976
09:49:25,Act05,0.3303740086785286,Act21,0.16312741489660976
09:49:26,Act05,0.3303740086785286,Act21,0.16312741489660976
09:49:27,Act05,0.3303740086785286,Act21,0.16312741489660976
09:49:28,Act05,0.3303740086785286,Act21,0.16312741489660976
09:49:29,Act05,0.3303740086785286,Act21,0.16312741489660976
09:49:30,Act05,0.3303740086785286,Act21,0.16312741489660976
09:49:31,Act05,0.3303740086785286,Act21,0.16312741489660976
09:49:32,Act05,0.3303740086785286,Act21,0.16312741489660976
09:49:33,Act05,0.3303740086785286,Act21,0.16312741489660976
09:49:34,Act05,0.3303740086785286,Act21,0.16312741489660976
09:49:35,Act05,0.3303740086785286,Act21,0.16312741489660976
09:49:36,Act05,0.3303740086785286,Act21,0.16312741489660976
09:49:37,Act05,0.3303740086785286,Act21,0.16312741489660976
09:49:38,Act05,0.3303740086785286,Act21,0.16312741489660976
09:49:39,Act05,0.3303740086785286,Act21,0.16312741489660976
09:49:40,Act05,0.3303740086785286,Act21,0.16312741489660976
09:49:41,Act05,0.3303740086785286,Act21,0.16312741489660976
09:49:42,Act05,0.3303740086785286,Act21,0.16312741489660976
09:49:43,Act05,0.3303740086785286,Act21,0.16312741489660976
09:49:44,Act05,0.3303740086785286,Act21,0.16312741489660976
09:49:45,Act05,0.3303740086785286,Act21,0.16312741489660976
09:49:46,Act05,0.3303740086785286,Act21,0.16312741489660976
09:49:47,Act05,0.3303740086785286,Act21,0.16312741489660976
09:49:48,Act05,0.3303740086785286,Act21,0.16312741489660976
09:49:49,Act05,0.3303740086785286,Act21,0.16312741489660976
09:49:50,Act05,0.3303740086785286,Act21,0.16312741489660976
09:49:51,Act05,0.3303740086785286,Act21,0.16312741489660976
09:49:52,Act05,0.3303740086785286,Act21,0.16312741489660976
09:49:53,Act05,0.3303740086785286,Act21,0.16312741489660976
09:49:54,Act05,0.3303740086785286,Act21,0.16312741489660976
09:49:55,Act05,0.3303740086785286,Act21,0.16312741489660976
09:49:56,Act05,0.3303740086785286,Act21,0.16312741489660976
09:49:57,Act05,0.3303740086785286,Act21,0.16312741489660976
09:49:58,Act05,0.3303740086785286,Act21,0.16312741489660976
09:49:59,Act05,0.3303740086785286,Act21,0.16312741489660976
09:50:00,Act05,0.3303740086785286,Act21,0.16312741489660976
09:50:01,Act05,0.3303740086785286,Act21,0.16312741489660976
09:50:02,Act05,0.3303740086785286,Act21,0.16312741489660976
09:50:03,Act05,0.3303740086785286,Act21,0.16312741489660976
09:50:04,Act05,0.3303740086785286,Act21,0.16312741489660976
09:50:05,Act05,0.3303740086785286,Act21,0.16312741489660976
09:50:06,Act05,0.3303740086785286,Act21,0.16312741489660976
09:50:07,Act05,0.3303740086785286,Act21,0.16312741489660976
09:50:08,Act05,0.3303740086785286,Act21,0.16312741489660976
09:50:09,Act05,0.3303740086785286,Act21,0.16312741489660976
09:50:10,Act05,0.3303740086785286,Act21,0.16312741489660976
09:50:11,Act05,0.3303740086785286,Act21,0.16312741489660976
09:50:12,Act05,0.3303740086785286,Act21,0.16312741489660976
09:50:13,Act05,0.3303740086785286,Act21,0.16312741489660976
09:50:14,Act05,0.3303740086785286,Act21,0.16312741489660976
09:50:15,Act05,0.3303740086785286,Act21,0.16312741489660976
09:50:16,Act05,0.3303740086785286,Act21,0.16312741489660976
09:50:17,Act05,0.3303740086785286,Act21,0.16312741489660976
09:50:18,Act05,0.3303740086785286,Act21,0.16312741489660976
09:50:19,Act05,0.3303740086785286,Act21,0.16312741489660976
09:50:20,Act05,0.3303740086785286,Act21,0.16312741489660976
09:50:21,Act05,0.3303740086785286,Act21,0.16312741489660976
09:50:22,Act05,0.3303740086785286,Act21,0.16312741489660976
09:50:23,Act05,0.3303740086785286,Act21,0.16312741489660976
09:50:24,Act05,0.3303740086785286,Act21,0.16312741489660976
09:50:25,Act05,0.3303740086785286,Act21,0.16312741489660976
09:50:26,Act05,0.3303740086785286,Act21,0.16312741489660976
09:50:27,Act05,0.3303740086785286,Act21,0.16312741489660976
09:50:28,Act05,0.3303740086785286,Act21,0.16312741489660976
09:50:29,Act05,0.3303740086785286,Act21,0.16312741489660976
09:50:30,Act05,0.3303740086785286,Act21,0.16312741489660976
09:50:31,Act05,0.3303740086785286,Act21,0.16312741489660976
09:50:32,Act05,0.3303740086785286,Act21,0.16312741489660976
09:50:33,Act05,0.3303740086785286,Act21,0.16312741489660976
09:50:34,Act05,0.3303740086785286,Act21,0.16312741489660976
09:50:35,Act05,0.3303740086785286,Act21,0.16312741489660976
09:50:36,Act05,0.3303740086785286,Act21,0.16312741489660976
09:50:37,Act05,0.3303740086785286,Act21,0.16312741489660976
09:50:38,Act05,0.3303740086785286,Act21,0.16312741489660976
09:50:39,Act05,0.3303740086785286,Act21,0.16312741489660976
09:50:40,Act05,0.3303740086785286,Act21,0.16312741489660976
09:50:41,Act05,0.3303740086785286,Act21,0.16312741489660976
09:50:42,Act05,0.3303740086785286,Act21,0.16312741489660976
09:50:43,Act05,0.3303740086785286,Act21,0.16312741489660976
09:50:44,Act05,0.3303740086785286,Act21,0.16312741489660976
09:50:45,Act05,0.3303740086785286,Act21,0.16312741489660976
09:50:46,Act05,0.3303740086785286,Act21,0.16312741489660976
09:50:47,Act05,0.3303740086785286,Act21,0.16312741489660976
09:50:48,Act05,0.3303740086785286,Act21,0.16312741489660976
09:50:49,Act05,0.3303740086785286,Act21,0.16312741489660976
09:50:50,Act05,0.3303740086785286,Act21,0.16312741489660976
09:50:51,Act05,0.3303740086785286,Act21,0.16312741489660976
09:50:52,Act05,0.3303740086785286,Act21,0.16312741489660976
09:50:53,Act05,0.3303740086785286,Act21,0.16312741489660976
09:50:54,Act05,0.3303740086785286,Act21,0.16312741489660976
09:50:55,Act05,0.3303740086785286,Act21,0.16312741489660976
09:50:56,Act05,0.3303740086785286,Act21,0.16312741489660976
09:50:57,Act05,0.3303740086785286,Act21,0.16312741489660976
09:50:58,Act05,0.3303740086785286,Act21,0.16312741489660976
09:50:59,Act05,0.3303740086785286,Act21,0.16312741489660976
09:51:00,Act05,0.3303740086785286,Act21,0.16312741489660976
09:51:01,Act05,0.3303740086785286,Act21,0.16312741489660976
09:51:02,Act05,0.3303740086785286,Act21,0.16312741489660976
09:51:03,Act05,0.3303740086785286,Act21,0.16312741489660976
09:51:04,Act05,0.3303740086785286,Act21,0.16312741489660976
09:51:05,Act05,0.3303740086785286,Act21,0.16312741489660976
09:51:06,Act05,0.3303740086785286,Act21,0.16312741489660976
09:51:07,Act05,0.3303740086785286,Act21,0.16312741489660976
09:51:08,Act05,0.3303740086785286,Act21,0.16312741489660976
09:51:09,Act05,0.3303740086785286,Act21,0.16312741489660976
09:51:10,Act05,0.3303740086785286,Act21,0.16312741489660976
09:51:11,Act05,0.3303740086785286,Act21,0.16312741489660976
09:51:12,Act05,0.3303740086785286,Act21,0.16312741489660976
09:51:13,Act05,0.3303740086785286,Act21,0.16312741489660976
09:51:14,Act05,0.3303740086785286,Act21,0.16312741489660976
09:51:15,Act05,0.3303740086785286,Act21,0.16312741489660976
09:51:16,Act05,0.3303740086785286,Act21,0.16312741489660976
09:51:17,Act05,0.3303740086785286,Act21,0.16312741489660976
09:51:18,Act05,0.3303740086785286,Act21,0.16312741489660976
09:51:19,Act05,0.3303740086785286,Act21,0.16312741489660976
09:51:20,Act05,0.3303740086785286,Act21,0.16312741489660976
09:51:21,Act05,0.3303740086785286,Act21,0.16312741489660976
09:51:22,Act05,0.3303740086785286,Act21,0.16312741489660976
09:51:23,Act05,0.3303740086785286,Act21,0.16312741489660976
09:51:24,Act05,0.3303740086785286,Act21,0.16312741489660976
09:51:25,Act05,0.3303740086785286,Act21,0.16312741489660976
09:51:26,Act05,0.3303740086785286,Act21,0.16312741489660976
09:51:27,Act05,0.3303740086785286,Act21,0.16312741489660976
09:51:28,Act05,0.3303740086785286,Act21,0.16312741489660976
09:51:29,Act05,0.3303740086785286,Act21,0.16312741489660976
09:51:30,Act05,0.3303740086785286,Act21,0.16312741489660976
09:51:31,Act05,0.3303740086785286,Act21,0.16312741489660976
09:51:32,Act05,0.3303740086785286,Act21,0.16312741489660976
09:51:33,Act05,0.3303740086785286,Act21,0.16312741489660976
09:51:34,Act05,0.3303740086785286,Act21,0.16312741489660976
09:51:35,Act05,0.3303740086785286,Act21,0.16312741489660976
09:51:36,Act05,0.3303740086785286,Act21,0.16312741489660976
09:51:37,Act05,0.3303740086785286,Act21,0.16312741489660976
09:51:38,Act05,0.3303740086785286,Act21,0.16312741489660976
09:51:39,Act05,0.3303740086785286,Act21,0.16312741489660976
09:51:40,Act05,0.3303740086785286,Act21,0.16312741489660976
09:51:41,Act05,0.3303740086785286,Act21,0.16312741489660976
09:51:42,Act05,0.3303740086785286,Act21,0.16312741489660976
09:51:43,Act05,0.3303740086785286,Act21,0.16312741489660976
09:51:44,Act05,0.3303740086785286,Act21,0.16312741489660976
09:51:45,Act05,0.3303740086785286,Act21,0.16312741489660976
09:51:46,Act05,0.3303740086785286,Act21,0.16312741489660976
09:51:47,Act05,0.3303740086785286,Act21,0.16312741489660976
09:51:48,Act05,0.3303740086785286,Act21,0.16312741489660976
09:51:49,Act05,0.3303740086785286,Act21,0.16312741489660976
09:51:50,Act05,0.3303740086785286,Act21,0.16312741489660976
09:51:51,Act05,0.3303740086785286,Act21,0.16312741489660976
09:51:52,Act05,0.3303740086785286,Act21,0.16312741489660976
09:51:53,Act05,0.3303740086785286,Act21,0.16312741489660976
09:51:54,Act05,0.3303740086785286,Act21,0.16312741489660976
09:51:55,Act05,0.3303740086785286,Act21,0.16312741489660976
09:51:56,Act05,0.3303740086785286,Act21,0.16312741489660976
09:51:57,Act05,0.3303740086785286,Act21,0.16312741489660976
09:51:58,Act05,0.3303740086785286,Act21,0.16312741489660976
09:51:59,Act05,0.3303740086785286,Act21,0.16312741489660976
09:52:00,Act05,0.3303740086785286,Act21,0.16312741489660976
09:52:01,Act05,0.3303740086785286,Act21,0.16312741489660976
09:52:02,Act05,0.3303740086785286,Act21,0.16312741489660976
09:52:03,Act05,0.3303740086785286,Act21,0.16312741489660976
09:52:04,Act05,0.3303740086785286,Act21,0.16312741489660976
09:52:05,Act05,0.3303740086785286,Act21,0.16312741489660976
09:52:06,Act05,0.3303740086785286,Act21,0.16312741489660976
09:52:07,Act05,0.3303740086785286,Act21,0.16312741489660976
09:52:08,Act05,0.3303740086785286,Act21,0.16312741489660976
09:52:09,Act05,0.3303740086785286,Act21,0.16312741489660976
09:52:10,Act05,0.3303740086785286,Act21,0.16312741489660976
09:52:11,Act05,0.3303740086785286,Act21,0.16312741489660976
09:52:12,Act05,0.3303740086785286,Act21,0.16312741489660976
09:52:13,Act05,0.3303740086785286,Act21,0.16312741489660976
09:52:14,Act05,0.3303740086785286,Act21,0.16312741489660976
09:52:15,Act05,0.3303740086785286,Act21,0.16312741489660976
09:52:16,Act05,0.3303740086785286,Act21,0.16312741489660976
09:52:17,Act05,0.3303740086785286,Act21,0.16312741489660976
09:52:18,Act05,0.3303740086785286,Act21,0.16312741489660976
09:52:19,Act05,0.3303740086785286,Act21,0.16312741489660976
09:52:20,Act05,0.3303740086785286,Act21,0.16312741489660976
09:52:21,Act05,0.3303740086785286,Act21,0.16312741489660976
09:52:22,Act05,0.3303740086785286,Act21,0.16312741489660976
09:52:23,Act05,0.3303740086785286,Act21,0.16312741489660976
09:52:24,Act05,0.3303740086785286,Act21,0.16312741489660976
09:52:25,Act05,0.3303740086785286,Act21,0.16312741489660976
09:52:26,Act05,0.3303740086785286,Act21,0.16312741489660976
09:52:27,Act05,0.3303740086785286,Act21,0.16312741489660976
09:52:28,Act05,0.3303740086785286,Act21,0.16312741489660976
09:52:29,Act05,0.3303740086785286,Act21,0.16312741489660976
09:52:30,Act05,0.3303740086785286,Act21,0.16312741489660976
09:52:31,Act05,0.3303740086785286,Act21,0.16312741489660976
09:52:32,Act05,0.3303740086785286,Act21,0.16312741489660976
09:52:33,Act05,0.3303740086785286,Act21,0.16312741489660976
09:52:34,Act05,0.3303740086785286,Act21,0.16312741489660976
09:52:35,Act05,0.3303740086785286,Act21,0.16312741489660976
09:52:36,Act05,0.3303740086785286,Act21,0.16312741489660976
09:52:37,Act05,0.3303740086785286,Act21,0.16312741489660976
09:52:38,Act05,0.3303740086785286,Act21,0.16312741489660976
09:52:39,Act05,0.3303740086785286,Act21,0.16312741489660976
09:52:40,Act05,0.3303740086785286,Act21,0.16312741489660976
09:52:41,Act05,0.3303740086785286,Act21,0.16312741489660976
09:52:42,Act05,0.3303740086785286,Act21,0.16312741489660976
09:52:43,Act05,0.3303740086785286,Act21,0.16312741489660976
09:52:44,Act05,0.3303740086785286,Act21,0.16312741489660976
09:52:45,Act05,0.3303740086785286,Act21,0.16312741489660976
09:52:46,Act05,0.3303740086785286,Act21,0.16312741489660976
09:52:47,Act05,0.3303740086785286,Act21,0.16312741489660976
09:52:48,Act05,0.3303740086785286,Act21,0.16312741489660976
09:52:49,Act05,0.3303740086785286,Act21,0.16312741489660976
09:52:50,Act05,0.3303740086785286,Act21,0.16312741489660976
09:52:51,Act05,0.3303740086785286,Act21,0.16312741489660976
09:52:52,Act05,0.3303740086785286,Act21,0.16312741489660976
09:52:53,Act05,0.3303740086785286,Act21,0.16312741489660976
09:52:54,Act05,0.3303740086785286,Act21,0.16312741489660976
09:52:55,Act05,0.3303740086785286,Act21,0.16312741489660976
09:52:56,Act05,0.3303740086785286,Act21,0.16312741489660976
09:52:57,Act05,0.3303740086785286,Act21,0.16312741489660976
09:52:58,Act05,0.3303740086785286,Act21,0.16312741489660976
09:52:59,Act05,0.3303740086785286,Act21,0.16312741489660976
09:53:00,Act05,0.3303740086785286,Act21,0.16312741489660976
09:53:01,Act05,0.3303740086785286,Act21,0.16312741489660976
09:53:02,Act05,0.3303740086785286,Act21,0.16312741489660976
09:53:03,Act05,0.3303740086785286,Act21,0.16312741489660976
09:53:04,Act05,0.3303740086785286,Act21,0.16312741489660976
09:53:05,Act05,0.3303740086785286,Act21,0.16312741489660976
09:53:06,Act05,0.3303740086785286,Act21,0.16312741489660976
09:53:07,Act05,0.3303740086785286,Act21,0.16312741489660976
09:53:08,Act05,0.3303740086785286,Act21,0.16312741489660976
09:53:09,Act05,0.3303740086785286,Act21,0.16312741489660976
09:53:10,Act05,0.3303740086785286,Act21,0.16312741489660976
09:53:11,Act05,0.3303740086785286,Act21,0.16312741489660976
09:53:12,Act05,0.3303740086785286,Act21,0.16312741489660976
09:53:13,Act05,0.3303740086785286,Act21,0.16312741489660976
09:53:14,Act05,0.3303740086785286,Act21,0.16312741489660976
09:53:15,Act05,0.3303740086785286,Act21,0.16312741489660976
09:53:16,Act05,0.3303740086785286,Act21,0.16312741489660976
09:53:17,Act05,0.3303740086785286,Act21,0.16312741489660976
09:53:18,Act05,0.3303740086785286,Act21,0.16312741489660976
09:53:19,Act05,0.3303740086785286,Act21,0.16312741489660976
09:53:20,Act05,0.3303740086785286,Act21,0.16312741489660976
09:53:21,Act05,0.3303740086785286,Act21,0.16312741489660976
09:53:22,Act05,0.3303740086785286,Act21,0.16312741489660976
09:53:23,Act05,0.3303740086785286,Act21,0.16312741489660976
09:53:24,Act05,0.3303740086785286,Act21,0.16312741489660976
09:53:25,Act05,0.3303740086785286,Act21,0.16312741489660976
09:53:26,Act05,0.3303740086785286,Act21,0.16312741489660976
09:53:27,Act05,0.3303740086785286,Act21,0.16312741489660976
09:53:28,Act05,0.3303740086785286,Act21,0.16312741489660976
09:53:29,Act05,0.3303740086785286,Act21,0.16312741489660976
09:53:30,Act05,0.3303740086785286,Act21,0.16312741489660976
09:53:31,Act05,0.3303740086785286,Act21,0.16312741489660976
09:53:32,Act05,0.3303740086785286,Act21,0.16312741489660976
09:53:33,Act05,0.3303740086785286,Act21,0.16312741489660976
09:53:34,Act05,0.3303740086785286,Act21,0.16312741489660976
09:53:35,Act05,0.3303740086785286,Act21,0.16312741489660976
09:53:36,Act05,0.3303740086785286,Act21,0.16312741489660976
09:53:37,Act05,0.3303740086785286,Act21,0.16312741489660976
09:53:38,Act05,0.3303740086785286,Act21,0.16312741489660976
09:53:39,Act05,0.3303740086785286,Act21,0.16312741489660976
09:53:40,Act05,0.3303740086785286,Act21,0.16312741489660976
09:53:41,Act05,0.3303740086785286,Act21,0.16312741489660976
09:53:42,Act05,0.3303740086785286,Act21,0.16312741489660976
09:53:43,Act05,0.3303740086785286,Act21,0.16312741489660976
09:53:44,Act05,0.3303740086785286,Act21,0.16312741489660976
09:53:45,Act05,0.3303740086785286,Act21,0.16312741489660976
09:53:46,Act05,0.3303740086785286,Act21,0.16312741489660976
09:53:47,Act05,0.3303740086785286,Act21,0.16312741489660976
09:53:48,Act05,0.3303740086785286,Act21,0.16312741489660976
09:53:49,Act05,0.3303740086785286,Act21,0.16312741489660976
09:53:50,Act05,0.3303740086785286,Act21,0.16312741489660976
09:53:51,Act05,0.3303740086785286,Act21,0.16312741489660976
09:53:52,Act05,0.3303740086785286,Act21,0.16312741489660976
09:53:53,Act05,0.3303740086785286,Act21,0.16312741489660976
09:53:54,Act05,0.3303740086785286,Act21,0.16312741489660976
09:53:55,Act05,0.3303740086785286,Act21,0.16312741489660976
09:53:56,Act05,0.3303740086785286,Act21,0.16312741489660976
09:53:57,Act17,0.8151366439170933,Act16,0.18486335608290677
09:53:58,Act17,0.8151366439170933,Act16,0.18486335608290677
09:53:59,Act17,0.8151366439170933,Act16,0.18486335608290677
09:54:00,Act17,0.8151366439170933,Act16,0.18486335608290677
09:54:01,Act17,0.8151366439170933,Act16,0.18486335608290677
09:54:02,Act17,0.8151366439170933,Act16,0.18486335608290677
09:54:03,Act17,0.8151366439170933,Act16,0.18486335608290677
09:54:04,Act17,0.8151366439170933,Act16,0.18486335608290677
09:54:05,Act17,0.8151366439170933,Act16,0.18486335608290677
09:54:06,Act17,0.8151366439170933,Act16,0.18486335608290677
09:54:07,Act17,0.8151366439170933,Act16,0.18486335608290677
09:54:08,Act17,0.8151366439170933,Act16,0.18486335608290677
09:54:09,Act17,0.8151366439170933,Act16,0.18486335608290677
09:54:10,Act17,0.8151366439170933,Act16,0.18486335608290677
09:54:11,Act17,0.8151366439170933,Act16,0.18486335608290677
09:54:12,Act05,0.3303740086785286,Act21,0.16312741489660976
09:54:13,Act05,0.3303740086785286,Act21,0.16312741489660976
09:54:14,Act05,0.3303740086785286,Act21,0.16312741489660976
09:54:15,Act05,0.3303740086785286,Act21,0.16312741489660976
09:54:16,Act05,0.3303740086785286,Act21,0.16312741489660976
09:54:17,Act05,0.3303740086785286,Act21,0.16312741489660976
09:54:18,Act05,0.3303740086785286,Act21,0.16312741489660976
09:54:19,Act05,0.3303740086785286,Act21,0.16312741489660976
09:54:20,Act05,0.3303740086785286,Act21,0.16312741489660976
09:54:21,Act05,0.3303740086785286,Act21,0.16312741489660976
09:54:22,Act05,0.3303740086785286,Act21,0.16312741489660976
09:54:23,Act05,0.3303740086785286,Act21,0.16312741489660976
09:54:24,Act05,0.3303740086785286,Act21,0.16312741489660976
09:54:25,Act05,0.3303740086785286,Act21,0.16312741489660976
09:54:26,Act05,0.3303740086785286,Act21,0.16312741489660976
09:54:27,Act05,0.3303740086785286,Act21,0.16312741489660976
09:54:28,Act05,0.3303740086785286,Act21,0.16312741489660976
09:54:29,Act05,0.3303740086785286,Act21,0.16312741489660976
09:54:30,Act05,0.3303740086785286,Act21,0.16312741489660976
09:54:31,Act05,0.3303740086785286,Act21,0.16312741489660976
09:54:32,Act05,0.3303740086785286,Act21,0.16312741489660976
09:54:33,Act05,0.3303740086785286,Act21,0.16312741489660976
09:54:34,Act05,0.3303740086785286,Act21,0.16312741489660976
09:54:35,Act05,0.3303740086785286,Act21,0.16312741489660976
09:54:36,Act05,0.3303740086785286,Act21,0.16312741489660976
09:54:37,Act05,0.3303740086785286,Act21,0.16312741489660976
09:54:38,Act05,0.3303740086785286,Act21,0.16312741489660976
09:54:39,Act05,0.3303740086785286,Act21,0.16312741489660976
09:54:40,Act05,0.3303740086785286,Act21,0.16312741489660976
09:54:41,Act05,0.3303740086785286,Act21,0.16312741489660976
09:54:42,Act05,0.3303740086785286,Act21,0.16312741489660976
09:54:43,Act05,0.3303740086785286,Act21,0.16312741489660976
09:54:44,Act05,0.3303740086785286,Act21,0.16312741489660976
09:54:45,Act05,0.3303740086785286,Act21,0.16312741489660976
09:54:46,Act05,0.3303740086785286,Act21,0.16312741489660976
09:54:47,Act05,0.3303740086785286,Act21,0.16312741489660976
09:54:48,Act05,0.3303740086785286,Act21,0.16312741489660976
09:54:49,Act05,0.3303740086785286,Act21,0.16312741489660976
09:54:50,Act05,0.3303740086785286,Act21,0.16312741489660976
09:54:51,Act05,0.3303740086785286,Act21,0.16312741489660976
09:54:52,Act05,0.3303740086785286,Act21,0.16312741489660976
09:54:53,Act05,0.3303740086785286,Act21,0.16312741489660976
09:54:54,Act05,0.3303740086785286,Act21,0.16312741489660976
09:54:55,Act05,0.3303740086785286,Act21,0.16312741489660976
09:54:56,Act05,0.3303740086785286,Act21,0.16312741489660976
09:54:57,Act05,0.3303740086785286,Act21,0.16312741489660976
09:54:58,Act05,0.3303740086785286,Act21,0.16312741489660976
09:54:59,Act05,0.3303740086785286,Act21,0.16312741489660976
09:55:00,Act05,0.3303740086785286,Act21,0.16312741489660976
09:55:01,Act05,0.3303740086785286,Act21,0.16312741489660976
09:55:02,Act05,0.3303740086785286,Act21,0.16312741489660976
09:55:03,Act05,0.3303740086785286,Act21,0.16312741489660976
09:55:04,Act05,0.3303740086785286,Act21,0.16312741489660976
09:55:05,Act05,0.3303740086785286,Act21,0.16312741489660976
09:55:06,Act05,0.3303740086785286,Act21,0.16312741489660976
09:55:07,Act05,0.3303740086785286,Act21,0.16312741489660976
09:55:08,Act05,0.3303740086785286,Act21,0.16312741489660976
09:55:09,Act05,0.3303740086785286,Act21,0.16312741489660976
09:55:10,Act05,0.3303740086785286,Act21,0.16312741489660976
09:55:11,Act05,0.3303740086785286,Act21,0.16312741489660976
09:55:12,Act05,0.3303740086785286,Act21,0.16312741489660976
09:55:13,Act05,0.3303740086785286,Act21,0.16312741489660976
09:55:14,Act05,0.3303740086785286,Act21,0.16312741489660976
09:55:15,Act05,0.3303740086785286,Act21,0.16312741489660976
09:55:16,Act05,0.3303740086785286,Act21,0.16312741489660976
09:55:17,Act05,0.3303740086785286,Act21,0.16312741489660976
09:55:18,Act05,0.3303740086785286,Act21,0.16312741489660976
09:55:19,Act05,0.3303740086785286,Act21,0.16312741489660976
09:55:20,Act05,0.3303740086785286,Act21,0.16312741489660976
09:55:21,Act05,0.3303740086785286,Act21,0.16312741489660976
09:55:22,Act05,0.3303740086785286,Act21,0.16312741489660976
09:55:23,Act05,0.3303740086785286,Act21,0.16312741489660976
09:55:24,Act05,0.3303740086785286,Act21,0.16312741489660976
09:55:25,Act05,0.3303740086785286,Act21,0.16312741489660976
09:55:26,Act05,0.3303740086785286,Act21,0.16312741489660976
09:55:27,Act05,0.3303740086785286,Act21,0.16312741489660976
09:55:28,Act05,0.3303740086785286,Act21,0.16312741489660976
09:55:29,Act05,0.3303740086785286,Act21,0.16312741489660976
09:55:30,Act05,0.3303740086785286,Act21,0.16312741489660976
09:55:31,Act05,0.3303740086785286,Act21,0.16312741489660976
09:55:32,Act05,0.3303740086785286,Act21,0.16312741489660976
09:55:33,Act05,0.3303740086785286,Act21,0.16312741489660976
09:55:34,Act05,0.3303740086785286,Act21,0.16312741489660976
09:55:35,Act05,0.3303740086785286,Act21,0.16312741489660976
09:55:36,Act05,0.3303740086785286,Act21,0.16312741489660976
09:55:37,Act05,0.3303740086785286,Act21,0.16312741489660976
09:55:38,Act05,0.3303740086785286,Act21,0.16312741489660976
09:55:39,Act05,0.3303740086785286,Act21,0.16312741489660976
09:55:40,Act05,0.3303740086785286,Act21,0.16312741489660976
09:55:41,Act05,0.3303740086785286,Act21,0.16312741489660976
09:55:42,Act05,0.3303740086785286,Act21,0.16312741489660976
09:55:43,Act05,0.3303740086785286,Act21,0.16312741489660976
09:55:44,Act05,0.3303740086785286,Act21,0.16312741489660976
09:55:45,Act05,0.3303740086785286,Act21,0.16312741489660976
09:55:46,Act05,0.3303740086785286,Act21,0.16312741489660976
09:55:47,Act05,0.3303740086785286,Act21,0.16312741489660976
09:55:48,Act05,0.3303740086785286,Act21,0.16312741489660976
09:55:49,Act05,0.3303740086785286,Act21,0.16312741489660976
09:55:50,Act05,0.3303740086785286,Act21,0.16312741489660976
09:55:51,Act05,0.3303740086785286,Act21,0.16312741489660976
09:55:52,Act05,0.3303740086785286,Act21,0.16312741489660976
09:55:53,Act05,0.3303740086785286,Act21,0.16312741489660976
09:55:54,Act05,0.3303740086785286,Act21,0.16312741489660976
09:55:55,Act05,0.3303740086785286,Act21,0.16312741489660976
09:55:56,Act05,0.3303740086785286,Act21,0.16312741489660976
09:55:57,Act05,0.3303740086785286,Act21,0.16312741489660976
09:55:58,Act05,0.3303740086785286,Act21,0.16312741489660976
09:55:59,Act05,0.3303740086785286,Act21,0.16312741489660976
09:56:00,Act05,0.3303740086785286,Act21,0.16312741489660976
09:56:01,Act05,0.3303740086785286,Act21,0.16312741489660976
09:56:02,Act05,0.3303740086785286,Act21,0.16312741489660976
09:56:03,Act05,0.3303740086785286,Act21,0.16312741489660976
09:56:04,Act05,0.3303740086785286,Act21,0.16312741489660976
09:56:05,Act05,0.3303740086785286,Act21,0.16312741489660976
09:56:06,Act05,0.3303740086785286,Act21,0.16312741489660976
09:56:07,Act05,0.3303740086785286,Act21,0.16312741489660976
09:56:08,Act05,0.3303740086785286,Act21,0.16312741489660976
09:56:09,Act05,0.3303740086785286,Act21,0.16312741489660976
09:56:10,Act05,0.3303740086785286,Act21,0.16312741489660976
09:56:11,Act05,0.3303740086785286,Act21,0.16312741489660976
09:56:12,Act05,0.3303740086785286,Act21,0.16312741489660976
09:56:13,Act05,0.3303740086785286,Act21,0.16312741489660976
09:56:14,Act05,0.3303740086785286,Act21,0.16312741489660976
09:56:15,Act05,0.3303740086785286,Act21,0.16312741489660976
09:56:16,Act05,0.3303740086785286,Act21,0.16312741489660976
09:56:17,Act05,0.3303740086785286,Act21,0.16312741489660976
09:56:18,Act05,0.3303740086785286,Act21,0.16312741489660976
09:56:19,Act05,0.3303740086785286,Act21,0.16312741489660976
09:56:20,Act05,0.3303740086785286,Act21,0.16312741489660976
09:56:21,Act05,0.3303740086785286,Act21,0.16312741489660976
09:56:22,Act05,0.3303740086785286,Act21,0.16312741489660976
09:56:23,Act05,0.3303740086785286,Act21,0.16312741489660976
09:56:24,Act05,0.3303740086785286,Act21,0.16312741489660976
09:56:25,Act05,0.3303740086785286,Act21,0.16312741489660976
09:56:26,Act05,0.3303740086785286,Act21,0.16312741489660976
09:56:27,Act05,0.3303740086785286,Act21,0.16312741489660976
09:56:28,Act05,0.3303740086785286,Act21,0.16312741489660976
09:56:29,Act05,0.3303740086785286,Act21,0.16312741489660976
09:56:30,Act05,0.3303740086785286,Act21,0.16312741489660976
09:56:31,Act05,0.3303740086785286,Act21,0.16312741489660976
09:56:32,Act05,0.3303740086785286,Act21,0.16312741489660976
09:56:33,Act05,0.3303740086785286,Act21,0.16312741489660976
09:56:34,Act05,0.3303740086785286,Act21,0.16312741489660976
09:56:35,Act05,0.3303740086785286,Act21,0.16312741489660976
09:56:36,Act05,0.3303740086785286,Act21,0.16312741489660976
09:56:37,Act05,0.3303740086785286,Act21,0.16312741489660976
09:56:38,Act05,0.3303740086785286,Act21,0.16312741489660976
09:56:39,Act05,0.3303740086785286,Act21,0.16312741489660976
09:56:40,Act05,0.3303740086785286,Act21,0.16312741489660976
09:56:41,Act05,0.3303740086785286,Act21,0.16312741489660976
09:56:42,Act05,0.3303740086785286,Act21,0.16312741489660976
09:56:43,Act05,0.3303740086785286,Act21,0.16312741489660976
09:56:44,Act05,0.3303740086785286,Act21,0.16312741489660976
09:56:45,Act05,0.3303740086785286,Act21,0.16312741489660976
09:56:46,Act05,0.3303740086785286,Act21,0.16312741489660976
09:56:47,Act05,0.3303740086785286,Act21,0.16312741489660976
09:56:48,Act05,0.3303740086785286,Act21,0.16312741489660976
09:56:49,Act05,0.3303740086785286,Act21,0.16312741489660976
09:56:50,Act05,0.3303740086785286,Act21,0.16312741489660976
09:56:51,Act05,0.3303740086785286,Act21,0.16312741489660976
09:56:52,Act05,0.3303740086785286,Act21,0.16312741489660976
09:56:53,Act05,0.3303740086785286,Act21,0.16312741489660976
09:56:54,Act05,0.3303740086785286,Act21,0.16312741489660976
09:56:55,Act05,0.3303740086785286,Act21,0.16312741489660976
09:56:56,Act05,0.3303740086785286,Act21,0.16312741489660976
09:56:57,Act05,0.3303740086785286,Act21,0.16312741489660976
09:56:58,Act05,0.3303740086785286,Act21,0.16312741489660976
09:56:59,Act05,0.3303740086785286,Act21,0.16312741489660976
09:57:00,Act05,0.3303740086785286,Act21,0.16312741489660976
09:57:01,Act05,0.3303740086785286,Act21,0.16312741489660976
09:57:02,Act05,0.3303740086785286,Act21,0.16312741489660976
09:57:03,Act05,0.3303740086785286,Act21,0.16312741489660976
09:57:04,Act05,0.3303740086785286,Act21,0.16312741489660976
09:57:05,Act05,0.3303740086785286,Act21,0.16312741489660976
09:57:06,Act05,0.3303740086785286,Act21,0.16312741489660976
09:57:07,Act05,0.3303740086785286,Act21,0.16312741489660976
09:57:08,Act05,0.3303740086785286,Act21,0.16312741489660976
09:57:09,Act05,0.3303740086785286,Act21,0.16312741489660976
09:57:10,Act05,0.3303740086785286,Act21,0.16312741489660976
09:57:11,Act05,0.3303740086785286,Act21,0.16312741489660976
09:57:12,Act05,0.3303740086785286,Act21,0.16312741489660976
09:57:13,Act05,0.3303740086785286,Act21,0.16312741489660976
09:57:14,Act05,0.3303740086785286,Act21,0.16312741489660976
09:57:15,Act05,0.3303740086785286,Act21,0.16312741489660976
09:57:16,Act05,0.3303740086785286,Act21,0.16312741489660976
09:57:17,Act05,0.3303740086785286,Act21,0.16312741489660976
09:57:18,Act05,0.3303740086785286,Act21,0.16312741489660976
09:57:19,Act05,0.3303740086785286,Act21,0.16312741489660976
09:57:20,Act05,0.3303740086785286,Act21,0.16312741489660976
09:57:21,Act05,0.3303740086785286,Act21,0.16312741489660976
09:57:22,Act05,0.3303740086785286,Act21,0.16312741489660976
09:57:23,Act05,0.3303740086785286,Act21,0.16312741489660976
09:57:24,Act05,0.3303740086785286,Act21,0.16312741489660976
09:57:25,Act05,0.3303740086785286,Act21,0.16312741489660976
09:57:26,Act05,0.3303740086785286,Act21,0.16312741489660976
09:57:27,Act05,0.3303740086785286,Act21,0.16312741489660976
09:57:28,Act05,0.3303740086785286,Act21,0.16312741489660976
09:57:29,Act05,0.3303740086785286,Act21,0.16312741489660976
09:57:30,Act05,0.3303740086785286,Act21,0.16312741489660976
09:57:31,Act05,0.3303740086785286,Act21,0.16312741489660976
09:57:32,Act05,0.3303740086785286,Act21,0.16312741489660976
09:57:33,Act05,0.3303740086785286,Act21,0.16312741489660976
09:57:34,Act05,0.3303740086785286,Act21,0.16312741489660976
09:57:35,Act05,0.3303740086785286,Act21,0.16312741489660976
09:57:36,Act05,0.3303740086785286,Act21,0.16312741489660976
09:57:37,Act05,0.3303740086785286,Act21,0.16312741489660976
09:57:38,Act05,0.3303740086785286,Act21,0.16312741489660976
09:57:39,Act05,0.3303740086785286,Act21,0.16312741489660976
09:57:40,Act05,0.3303740086785286,Act21,0.16312741489660976
09:57:41,Act05,0.3303740086785286,Act21,0.16312741489660976
09:57:42,Act05,0.3303740086785286,Act21,0.16312741489660976
09:57:43,Act05,0.3303740086785286,Act21,0.16312741489660976
09:57:44,Act05,0.3303740086785286,Act21,0.16312741489660976
09:57:45,Act05,0.3303740086785286,Act21,0.16312741489660976
09:57:46,Act05,0.3303740086785286,Act21,0.16312741489660976
09:57:47,Act05,0.3303740086785286,Act21,0.16312741489660976
09:57:48,Act05,0.3303740086785286,Act21,0.16312741489660976
09:57:49,Act05,0.3303740086785286,Act21,0.16312741489660976
09:57:50,Act05,0.3303740086785286,Act21,0.16312741489660976
09:57:51,Act05,0.3303740086785286,Act21,0.16312741489660976
09:57:52,Act05,0.3303740086785286,Act21,0.16312741489660976
09:57:53,Act05,0.3303740086785286,Act21,0.16312741489660976
09:57:54,Act05,0.3303740086785286,Act21,0.16312741489660976
09:57:55,Act05,0.3303740086785286,Act21,0.16312741489660976
09:57:56,Act05,0.3303740086785286,Act21,0.16312741489660976
09:57:57,Act05,0.3303740086785286,Act21,0.16312741489660976
09:57:58,Act05,0.3303740086785286,Act21,0.16312741489660976
09:57:59,Act05,0.3303740086785286,Act21,0.16312741489660976
09:58:00,Act05,0.3303740086785286,Act21,0.16312741489660976
09:58:01,Act05,0.3303740086785286,Act21,0.16312741489660976
09:58:02,Act05,0.3303740086785286,Act21,0.16312741489660976
09:58:03,Act05,0.3303740086785286,Act21,0.16312741489660976
09:58:04,Act05,0.3303740086785286,Act21,0.16312741489660976
09:58:05,Act05,0.3303740086785286,Act21,0.16312741489660976
09:58:06,Act05,0.3303740086785286,Act21,0.16312741489660976
09:58:07,Act05,0.3303740086785286,Act21,0.16312741489660976
09:58:08,Act05,0.3303740086785286,Act21,0.16312741489660976
09:58:09,Act05,0.3303740086785286,Act21,0.16312741489660976
09:58:10,Act05,0.3303740086785286,Act21,0.16312741489660976
09:58:11,Act05,0.3303740086785286,Act21,0.16312741489660976
09:58:12,Act05,0.3303740086785286,Act21,0.16312741489660976
09:58:13,Act05,0.3303740086785286,Act21,0.16312741489660976
09:58:14,Act05,0.3303740086785286,Act21,0.16312741489660976
09:58:15,Act05,0.3303740086785286,Act21,0.16312741489660976
09:58:16,Act05,0.3303740086785286,Act21,0.16312741489660976
09:58:17,Act05,0.3303740086785286,Act21,0.16312741489660976
09:58:18,Act05,0.3303740086785286,Act21,0.16312741489660976
09:58:19,Act05,0.3303740086785286,Act21,0.16312741489660976
09:58:20,Act05,0.3303740086785286,Act21,0.16312741489660976
09:58:21,Act05,0.3303740086785286,Act21,0.16312741489660976
09:58:22,Act05,0.3303740086785286,Act21,0.16312741489660976
09:58:23,Act05,0.3303740086785286,Act21,0.16312741489660976
09:58:24,Act05,0.3303740086785286,Act21,0.16312741489660976
09:58:25,Act05,0.3303740086785286,Act21,0.16312741489660976
09:58:26,Act05,0.3303740086785286,Act21,0.16312741489660976
09:58:27,Act05,0.3303740086785286,Act21,0.16312741489660976
09:58:28,Act05,0.3303740086785286,Act21,0.16312741489660976
09:58:29,Act05,0.3303740086785286,Act21,0.16312741489660976
09:58:30,Act05,0.3303740086785286,Act21,0.16312741489660976
09:58:31,Act05,0.3303740086785286,Act21,0.16312741489660976
09:58:32,Act05,0.3303740086785286,Act21,0.16312741489660976
09:58:33,Act05,0.3303740086785286,Act21,0.16312741489660976
09:58:34,Act05,0.3303740086785286,Act21,0.16312741489660976
09:58:35,Act05,0.3303740086785286,Act21,0.16312741489660976
09:58:36,Act05,0.3303740086785286,Act21,0.16312741489660976
09:58:37,Act05,0.3303740086785286,Act21,0.16312741489660976
09:58:38,Act05,0.3303740086785286,Act21,0.16312741489660976
09:58:39,Act05,0.3303740086785286,Act21,0.16312741489660976
09:58:40,Act05,0.3303740086785286,Act21,0.16312741489660976
09:58:41,Act05,0.3303740086785286,Act21,0.16312741489660976
09:58:42,Act05,0.3303740086785286,Act21,0.16312741489660976
09:58:43,Act05,0.3303740086785286,Act21,0.16312741489660976
09:58:44,Act05,0.3303740086785286,Act21,0.16312741489660976
09:58:45,Act05,0.3303740086785286,Act21,0.16312741489660976
09:58:46,Act05,0.3303740086785286,Act21,0.16312741489660976
09:58:47,Act05,0.3303740086785286,Act21,0.16312741489660976
09:58:48,Act05,0.3303740086785286,Act21,0.16312741489660976
09:58:49,Act05,0.3303740086785286,Act21,0.16312741489660976
09:58:50,Act05,0.3303740086785286,Act21,0.16312741489660976
09:58:51,Act05,0.3303740086785286,Act21,0.16312741489660976
09:58:52,Act05,0.3303740086785286,Act21,0.16312741489660976
09:58:53,Act05,0.3303740086785286,Act21,0.16312741489660976
09:58:54,Act05,0.3303740086785286,Act21,0.16312741489660976
09:58:55,Act05,0.3303740086785286,Act21,0.16312741489660976
09:58:56,Act05,0.3303740086785286,Act21,0.16312741489660976
09:58:57,Act05,0.3303740086785286,Act21,0.16312741489660976
09:58:58,Act05,0.3303740086785286,Act21,0.16312741489660976
09:58:59,Act05,0.3303740086785286,Act21,0.16312741489660976
09:59:00,Act05,0.3303740086785286,Act21,0.16312741489660976
09:59:01,Act05,0.3303740086785286,Act21,0.16312741489660976
09:59:02,Act05,0.3303740086785286,Act21,0.16312741489660976
09:59:03,Act05,0.3303740086785286,Act21,0.16312741489660976
09:59:04,Act05,0.3303740086785286,Act21,0.16312741489660976
09:59:05,Act05,0.3303740086785286,Act21,0.16312741489660976
09:59:06,Act05,0.3303740086785286,Act21,0.16312741489660976
09:59:07,Act05,0.3303740086785286,Act21,0.16312741489660976
09:59:08,Act05,0.3303740086785286,Act21,0.16312741489660976
09:59:09,Act05,0.3303740086785286,Act21,0.16312741489660976
09:59:10,Act05,0.3303740086785286,Act21,0.16312741489660976
09:59:11,Act05,0.3303740086785286,Act21,0.16312741489660976
09:59:12,Act05,0.3303740086785286,Act21,0.16312741489660976
09:59:13,Act05,0.3303740086785286,Act21,0.16312741489660976
09:59:14,Act05,0.3303740086785286,Act21,0.16312741489660976
09:59:15,Act05,0.3303740086785286,Act21,0.16312741489660976
09:59:16,Act05,0.3303740086785286,Act21,0.16312741489660976
09:59:17,Act05,0.3303740086785286,Act21,0.16312741489660976
09:59:18,Act05,0.3303740086785286,Act21,0.16312741489660976
09:59:19,Act05,0.3303740086785286,Act21,0.16312741489660976
09:59:20,Act05,0.3303740086785286,Act21,0.16312741489660976
09:59:21,Act05,0.3303740086785286,Act21,0.16312741489660976
09:59:22,Act05,0.3303740086785286,Act21,0.16312741489660976
09:59:23,Act05,0.3303740086785286,Act21,0.16312741489660976
09:59:24,Act05,0.3303740086785286,Act21,0.16312741489660976
09:59:25,Act05,0.3303740086785286,Act21,0.16312741489660976
09:59:26,Act05,0.3303740086785286,Act21,0.16312741489660976
09:59:27,Act05,0.3303740086785286,Act21,0.16312741489660976
09:59:28,Act05,0.3303740086785286,Act21,0.16312741489660976
09:59:29,Act05,0.3303740086785286,Act21,0.16312741489660976
09:59:30,Act05,0.3303740086785286,Act21,0.16312741489660976
09:59:31,Act05,0.3303740086785286,Act21,0.16312741489660976
09:59:32,Act05,0.3303740086785286,Act21,0.16312741489660976
09:59:33,Act05,0.3303740086785286,Act21,0.16312741489660976
09:59:34,Act05,0.3303740086785286,Act21,0.16312741489660976
09:59:35,Act05,0.3303740086785286,Act21,0.16312741489660976
09:59:36,Act05,0.3303740086785286,Act21,0.16312741489660976
09:59:37,Act05,0.3303740086785286,Act21,0.16312741489660976
09:59:38,Act05,0.3303740086785286,Act21,0.16312741489660976
09:59:39,Act05,0.3303740086785286,Act21,0.16312741489660976
09:59:40,Act05,0.3303740086785286,Act21,0.16312741489660976
09:59:41,Act05,0.3303740086785286,Act21,0.16312741489660976
09:59:42,Act05,0.3303740086785286,Act21,0.16312741489660976
09:59:43,Act05,0.3303740086785286,Act21,0.16312741489660976
09:59:44,Act05,0.3303740086785286,Act21,0.16312741489660976
09:59:45,Act05,0.3303740086785286,Act21,0.16312741489660976
09:59:46,Act05,0.3303740086785286,Act21,0.16312741489660976
09:59:47,Act05,0.3303740086785286,Act21,0.16312741489660976
09:59:48,Act05,0.3303740086785286,Act21,0.16312741489660976
09:59:49,Act05,0.3303740086785286,Act21,0.16312741489660976
09:59:50,Act05,0.3303740086785286,Act21,0.16312741489660976
09:59:51,Act05,0.3303740086785286,Act21,0.16312741489660976
09:59:52,Act05,0.3303740086785286,Act21,0.16312741489660976
09:59:53,Act05,0.3303740086785286,Act21,0.16312741489660976
09:59:54,Act05,0.3303740086785286,Act21,0.16312741489660976
09:59:55,Act05,0.3303740086785286,Act21,0.16312741489660976
09:59:56,Act05,0.3303740086785286,Act21,0.16312741489660976
09:59:57,Act05,0.3303740086785286,Act21,0.16312741489660976
09:59:58,Act05,0.3303740086785286,Act21,0.16312741489660976
09:59:59,Act05,0.3303740086785286,Act21,0.16312741489660976
10:00:00,Act05,0.3303740086785286,Act21,0.16312741489660976
10:00:01,Act05,0.3303740086785286,Act21,0.16312741489660976
10:00:02,Act05,0.3303740086785286,Act21,0.16312741489660976
10:00:03,Act05,0.3303740086785286,Act21,0.16312741489660976
10:00:04,Act05,0.3303740086785286,Act21,0.16312741489660976
10:00:05,Act05,0.3303740086785286,Act21,0.16312741489660976
10:00:06,Act05,0.3303740086785286,Act21,0.16312741489660976
10:00:07,Act05,0.3303740086785286,Act21,0.16312741489660976
10:00:08,Act05,0.3303740086785286,Act21,0.16312741489660976
10:00:09,Act05,0.3303740086785286,Act21,0.16312741489660976
10:00:10,Act05,0.3303740086785286,Act21,0.16312741489660976
10:00:11,Act17,0.5082855512246907,Act16,0.4076326067264589
10:00:12,Act05,0.3303740086785286,Act21,0.16312741489660976
10:00:13,Act05,0.3303740086785286,Act21,0.16312741489660976
10:00:14,Act05,0.3303740086785286,Act21,0.16312741489660976
10:00:15,Act05,0.3303740086785286,Act21,0.16312741489660976
10:00:16,Act05,0.3303740086785286,Act21,0.16312741489660976
10:00:17,Act05,0.3303740086785286,Act21,0.16312741489660976
10:00:18,Act05,0.3303740086785286,Act21,0.16312741489660976
10:00:19,Act05,0.3303740086785286,Act21,0.16312741489660976
10:00:20,Act05,0.3303740086785286,Act21,0.16312741489660976
10:00:21,Act05,0.3303740086785286,Act21,0.16312741489660976
10:00:22,Act05,0.3303740086785286,Act21,0.16312741489660976
10:00:23,Act05,0.3303740086785286,Act21,0.16312741489660976
10:00:24,Act05,0.3303740086785286,Act21,0.16312741489660976
10:00:25,Act05,0.3303740086785286,Act21,0.16312741489660976
10:00:26,Act05,0.3303740086785286,Act21,0.16312741489660976
10:00:27,Act05,0.3303740086785286,Act21,0.16312741489660976
10:00:28,Act05,0.3303740086785286,Act21,0.16312741489660976
10:00:29,Act05,0.3303740086785286,Act21,0.16312741489660976
10:00:30,Act05,0.3303740086785286,Act21,0.16312741489660976
10:00:31,Act05,0.3303740086785286,Act21,0.16312741489660976
10:00:32,Act05,0.3303740086785286,Act21,0.16312741489660976
10:00:33,Act05,0.3303740086785286,Act21,0.16312741489660976
10:00:34,Act05,0.3303740086785286,Act21,0.16312741489660976
10:00:35,Act05,0.3303740086785286,Act21,0.16312741489660976
10:00:36,Act05,0.3303740086785286,Act21,0.16312741489660976
10:00:37,Act05,0.3303740086785286,Act21,0.16312741489660976
10:00:38,Act05,0.3303740086785286,Act21,0.16312741489660976
10:00:39,Act05,0.3303740086785286,Act21,0.16312741489660976
10:00:40,Act05,0.3303740086785286,Act21,0.16312741489660976
10:00:41,Act05,0.3303740086785286,Act21,0.16312741489660976
10:00:42,Act05,0.3303740086785286,Act21,0.16312741489660976
10:00:43,Act05,0.3303740086785286,Act21,0.16312741489660976
10:00:44,Act05,0.3303740086785286,Act21,0.16312741489660976
10:00:45,Act05,0.3303740086785286,Act21,0.16312741489660976
10:00:46,Act05,0.3303740086785286,Act21,0.16312741489660976
10:00:47,Act05,0.3303740086785286,Act21,0.16312741489660976
10:00:48,Act05,0.3303740086785286,Act21,0.16312741489660976
10:00:49,Act05,0.3303740086785286,Act21,0.16312741489660976
10:00:50,Act05,0.3303740086785286,Act21,0.16312741489660976
10:00:51,Act05,0.3303740086785286,Act21,0.16312741489660976
10:00:52,Act05,0.3303740086785286,Act21,0.16312741489660976
10:00:53,Act05,0.3303740086785286,Act21,0.16312741489660976
10:00:54,Act05,0.3303740086785286,Act21,0.16312741489660976
10:00:55,Act05,0.3303740086785286,Act21,0.16312741489660976
10:00:56,Act05,0.3303740086785286,Act21,0.16312741489660976
10:00:57,Act05,0.3303740086785286,Act21,0.16312741489660976
10:00:58,Act05,0.3303740086785286,Act21,0.16312741489660976
10:00:59,Act05,0.3303740086785286,Act21,0.16312741489660976
10:01:00,Act05,0.3303740086785286,Act21,0.16312741489660976
10:01:01,Act05,0.3303740086785286,Act21,0.16312741489660976
10:01:02,Act05,0.3303740086785286,Act21,0.16312741489660976
10:01:03,Act05,0.3303740086785286,Act21,0.16312741489660976
10:01:04,Act05,0.3303740086785286,Act21,0.16312741489660976
10:01:05,Act05,0.3303740086785286,Act21,0.16312741489660976
10:01:06,Act05,0.2655987154215391,Act21,0.2632024858511521
10:01:07,Act05,0.2655987154215391,Act21,0.2632024858511521
10:01:08,Act05,0.2655987154215391,Act21,0.2632024858511521
10:01:09,Act05,0.3303740086785286,Act21,0.16312741489660976
10:01:10,Act05,0.3303740086785286,Act21,0.16312741489660976
10:01:11,Act05,0.3303740086785286,Act21,0.16312741489660976
10:01:12,Act05,0.3303740086785286,Act21,0.16312741489660976
10:01:13,Act05,0.3303740086785286,Act21,0.16312741489660976
10:01:14,Act05,0.3303740086785286,Act21,0.16312741489660976
10:01:15,Act05,0.3303740086785286,Act21,0.16312741489660976
10:01:16,Act05,0.3303740086785286,Act21,0.16312741489660976
10:01:17,Act05,0.3303740086785286,Act21,0.16312741489660976
10:01:18,Act05,0.3303740086785286,Act21,0.16312741489660976
10:01:19,Act05,0.3303740086785286,Act21,0.16312741489660976
10:01:20,Act05,0.3303740086785286,Act21,0.16312741489660976
10:01:21,Act05,0.3303740086785286,Act21,0.16312741489660976
10:01:22,Act05,0.3303740086785286,Act21,0.16312741489660976
10:01:23,Act05,0.3303740086785286,Act21,0.16312741489660976
10:01:24,Act05,0.3303740086785286,Act21,0.16312741489660976
10:01:25,Act05,0.3303740086785286,Act21,0.16312741489660976
10:01:26,Act05,0.3303740086785286,Act21,0.16312741489660976
10:01:27,Act05,0.3303740086785286,Act21,0.16312741489660976
10:01:28,Act05,0.3303740086785286,Act21,0.16312741489660976
10:01:29,Act05,0.3303740086785286,Act21,0.16312741489660976
10:01:30,Act05,0.3303740086785286,Act21,0.16312741489660976
10:01:31,Act05,0.3303740086785286,Act21,0.16312741489660976
10:01:32,Act05,0.3303740086785286,Act21,0.16312741489660976
10:01:33,Act05,0.3303740086785286,Act21,0.16312741489660976
10:01:34,Act05,0.3303740086785286,Act21,0.16312741489660976
10:01:35,Act05,0.3303740086785286,Act21,0.16312741489660976
10:01:36,Act05,0.3303740086785286,Act21,0.16312741489660976
10:01:37,Act05,0.3303740086785286,Act21,0.16312741489660976
10:01:38,Act05,0.3303740086785286,Act21,0.16312741489660976
10:01:39,Act05,0.3303740086785286,Act21,0.16312741489660976
10:01:40,Act05,0.3303740086785286,Act21,0.16312741489660976
10:01:41,Act05,0.3303740086785286,Act21,0.16312741489660976
10:01:42,Act05,0.3303740086785286,Act21,0.16312741489660976
10:01:43,Act05,0.3303740086785286,Act21,0.16312741489660976
10:01:44,Act05,0.3303740086785286,Act21,0.16312741489660976
10:01:45,Act05,0.3303740086785286,Act21,0.16312741489660976
10:01:46,Act05,0.3303740086785286,Act21,0.16312741489660976
10:01:47,Act05,0.3303740086785286,Act21,0.16312741489660976
10:01:48,Act05,0.3303740086785286,Act21,0.16312741489660976
10:01:49,Act05,0.3303740086785286,Act21,0.16312741489660976
10:01:50,Act05,0.3303740086785286,Act21,0.16312741489660976
10:01:51,Act17,0.5082855512246907,Act16,0.4076326067264589
10:01:52,Act17,0.5082855512246907,Act16,0.4076326067264589
10:01:53,Act05,0.3303740086785286,Act21,0.16312741489660976
10:01:54,Act05,0.3303740086785286,Act21,0.16312741489660976
10:01:55,Act05,0.3303740086785286,Act21,0.16312741489660976
10:01:56,Act05,0.3303740086785286,Act21,0.16312741489660976
10:01:57,Act05,0.3303740086785286,Act21,0.16312741489660976
10:01:58,Act05,0.3303740086785286,Act21,0.16312741489660976
10:01:59,Act05,0.3303740086785286,Act21,0.16312741489660976
10:02:00,Act05,0.3303740086785286,Act21,0.16312741489660976
10:02:01,Act05,0.3303740086785286,Act21,0.16312741489660976
10:02:02,Act05,0.3303740086785286,Act21,0.16312741489660976
10:02:03,Act05,0.3303740086785286,Act21,0.16312741489660976
10:02:04,Act05,0.3303740086785286,Act21,0.16312741489660976
10:02:05,Act05,0.3303740086785286,Act21,0.16312741489660976
10:02:06,Act05,0.3303740086785286,Act21,0.16312741489660976
10:02:07,Act05,0.3303740086785286,Act21,0.16312741489660976
10:02:08,Act05,0.3303740086785286,Act21,0.16312741489660976
10:02:09,Act05,0.3303740086785286,Act21,0.16312741489660976
10:02:10,Act05,0.3303740086785286,Act21,0.16312741489660976
10:02:11,Act05,0.3303740086785286,Act21,0.16312741489660976
10:02:12,Act05,0.3303740086785286,Act21,0.16312741489660976
10:02:13,Act05,0.3303740086785286,Act21,0.16312741489660976
10:02:14,Act05,0.3303740086785286,Act21,0.16312741489660976
10:02:15,Act05,0.3303740086785286,Act21,0.16312741489660976
10:02:16,Act05,0.3303740086785286,Act21,0.16312741489660976
10:02:17,Act05,0.3303740086785286,Act21,0.16312741489660976
10:02:18,Act05,0.3303740086785286,Act21,0.16312741489660976
10:02:19,Act05,0.3303740086785286,Act21,0.16312741489660976
10:02:20,Act05,0.3303740086785286,Act21,0.16312741489660976
10:02:21,Act05,0.3303740086785286,Act21,0.16312741489660976
10:02:22,Act05,0.3303740086785286,Act21,0.16312741489660976
10:02:23,Act05,0.3303740086785286,Act21,0.16312741489660976
10:02:24,Act05,0.3303740086785286,Act21,0.16312741489660976
10:02:25,Act05,0.3303740086785286,Act21,0.16312741489660976
10:02:26,Act05,0.3303740086785286,Act21,0.16312741489660976
10:02:27,Act05,0.3303740086785286,Act21,0.16312741489660976
10:02:28,Act05,0.3303740086785286,Act21,0.16312741489660976
10:02:29,Act05,0.3303740086785286,Act21,0.16312741489660976
10:02:30,Act05,0.3303740086785286,Act21,0.16312741489660976
10:02:31,Act05,0.3303740086785286,Act21,0.16312741489660976
10:02:32,Act05,0.3303740086785286,Act21,0.16312741489660976
10:02:33,Act05,0.3303740086785286,Act21,0.16312741489660976
10:02:34,Act05,0.3303740086785286,Act21,0.16312741489660976
10:02:35,Act05,0.3303740086785286,Act21,0.16312741489660976
10:02:36,Act05,0.3303740086785286,Act21,0.16312741489660976
10:02:37,Act05,0.3303740086785286,Act21,0.16312741489660976
10:02:38,Act05,0.3303740086785286,Act21,0.16312741489660976
10:02:39,Act05,0.3303740086785286,Act21,0.16312741489660976
10:02:40,Act05,0.3303740086785286,Act21,0.16312741489660976
10:02:41,Act05,0.3303740086785286,Act21,0.16312741489660976
10:02:42,Act05,0.3303740086785286,Act21,0.16312741489660976
10:02:43,Act05,0.3303740086785286,Act21,0.16312741489660976
10:02:44,Act05,0.3303740086785286,Act21,0.16312741489660976
10:02:45,Act05,0.3303740086785286,Act21,0.16312741489660976
10:02:46,Act05,0.3303740086785286,Act21,0.16312741489660976
10:02:47,Act05,0.3303740086785286,Act21,0.16312741489660976
10:02:48,Act05,0.3303740086785286,Act21,0.16312741489660976
10:02:49,Act05,0.3303740086785286,Act21,0.16312741489660976
10:02:50,Act05,0.3303740086785286,Act21,0.16312741489660976
10:02:51,Act05,0.3303740086785286,Act21,0.16312741489660976
10:02:52,Act05,0.3303740086785286,Act21,0.16312741489660976
10:02:53,Act05,0.3303740086785286,Act21,0.16312741489660976
10:02:54,Act05,0.3303740086785286,Act21,0.16312741489660976
10:02:55,Act05,0.3303740086785286,Act21,0.16312741489660976
10:02:56,Act05,0.3303740086785286,Act21,0.16312741489660976
10:02:57,Act05,0.3303740086785286,Act21,0.16312741489660976
10:02:58,Act05,0.3303740086785286,Act21,0.16312741489660976
10:02:59,Act05,0.3303740086785286,Act21,0.16312741489660976
10:03:00,Act05,0.3303740086785286,Act21,0.16312741489660976
10:03:01,Act05,0.3303740086785286,Act21,0.16312741489660976
10:03:02,Act05,0.3303740086785286,Act21,0.16312741489660976
10:03:03,Act05,0.3303740086785286,Act21,0.16312741489660976
10:03:04,Act05,0.3303740086785286,Act21,0.16312741489660976
10:03:05,Act05,0.3303740086785286,Act21,0.16312741489660976
10:03:06,Act05,0.3303740086785286,Act21,0.16312741489660976
10:03:07,Act05,0.3303740086785286,Act21,0.16312741489660976
10:03:08,Act05,0.3303740086785286,Act21,0.16312741489660976
10:03:09,Act05,0.3303740086785286,Act21,0.16312741489660976
10:03:10,Act05,0.3303740086785286,Act21,0.16312741489660976
10:03:11,Act05,0.3303740086785286,Act21,0.16312741489660976
10:03:12,Act05,0.3303740086785286,Act21,0.16312741489660976
10:03:13,Act05,0.3303740086785286,Act21,0.16312741489660976
10:03:14,Act05,0.3303740086785286,Act21,0.16312741489660976
10:03:15,Act05,0.3303740086785286,Act21,0.16312741489660976
10:03:16,Act05,0.3303740086785286,Act21,0.16312741489660976
10:03:17,Act05,0.3303740086785286,Act21,0.16312741489660976
10:03:18,Act05,0.3303740086785286,Act21,0.16312741489660976
10:03:19,Act05,0.3303740086785286,Act21,0.16312741489660976
10:03:20,Act05,0.3303740086785286,Act21,0.16312741489660976
10:03:21,Act05,0.3303740086785286,Act21,0.16312741489660976
10:03:22,Act05,0.3303740086785286,Act21,0.16312741489660976
10:03:23,Act05,0.3303740086785286,Act21,0.16312741489660976
10:03:24,Act05,0.3303740086785286,Act21,0.16312741489660976
10:03:25,Act05,0.3303740086785286,Act21,0.16312741489660976
10:03:26,Act05,0.3303740086785286,Act21,0.16312741489660976
10:03:27,Act05,0.3303740086785286,Act21,0.16312741489660976
10:03:28,Act05,0.3303740086785286,Act21,0.16312741489660976
10:03:29,Act05,0.3303740086785286,Act21,0.16312741489660976
10:03:30,Act05,0.3303740086785286,Act21,0.16312741489660976
10:03:31,Act05,0.3303740086785286,Act21,0.16312741489660976
10:03:32,Act05,0.3303740086785286,Act21,0.16312741489660976
10:03:33,Act05,0.3303740086785286,Act21,0.16312741489660976
10:03:34,Act05,0.3303740086785286,Act21,0.16312741489660976
10:03:35,Act05,0.3303740086785286,Act21,0.16312741489660976
10:03:36,Act05,0.3303740086785286,Act21,0.16312741489660976
10:03:37,Act05,0.3303740086785286,Act21,0.16312741489660976
10:03:38,Act05,0.3303740086785286,Act21,0.16312741489660976
10:03:39,Act05,0.3303740086785286,Act21,0.16312741489660976
10:03:40,Act05,0.3303740086785286,Act21,0.16312741489660976
10:03:41,Act05,0.3303740086785286,Act21,0.16312741489660976
10:03:42,Act05,0.3303740086785286,Act21,0.16312741489660976
10:03:43,Act05,0.3303740086785286,Act21,0.16312741489660976
10:03:44,Act05,0.3303740086785286,Act21,0.16312741489660976
10:03:45,Act05,0.3303740086785286,Act21,0.16312741489660976
10:03:46,Act05,0.3303740086785286,Act21,0.16312741489660976
10:03:47,Act05,0.3303740086785286,Act21,0.16312741489660976
10:03:48,Act05,0.3303740086785286,Act21,0.16312741489660976
10:03:49,Act05,0.3303740086785286,Act21,0.16312741489660976
10:03:50,Act05,0.3303740086785286,Act21,0.16312741489660976
10:03:51,Act05,0.3303740086785286,Act21,0.16312741489660976
10:03:52,Act05,0.3303740086785286,Act21,0.16312741489660976
10:03:53,Act05,0.3303740086785286,Act21,0.16312741489660976
10:03:54,Act05,0.3303740086785286,Act21,0.16312741489660976
10:03:55,Act05,0.3303740086785286,Act21,0.16312741489660976
10:03:56,Act05,0.3303740086785286,Act21,0.16312741489660976
10:03:57,Act05,0.3303740086785286,Act21,0.16312741489660976
10:03:58,Act05,0.3303740086785286,Act21,0.16312741489660976
10:03:59,Act05,0.3303740086785286,Act21,0.16312741489660976
10:04:00,Act05,0.3303740086785286,Act21,0.16312741489660976
10:04:01,Act05,0.3303740086785286,Act21,0.16312741489660976
10:04:02,Act05,0.3303740086785286,Act21,0.16312741489660976
10:04:03,Act05,0.3303740086785286,Act21,0.16312741489660976
10:04:04,Act05,0.3303740086785286,Act21,0.16312741489660976
10:04:05,Act05,0.3303740086785286,Act21,0.16312741489660976
10:04:06,Act05,0.3303740086785286,Act21,0.16312741489660976
10:04:07,Act05,0.3303740086785286,Act21,0.16312741489660976
10:04:08,Act22,0.5666346513246845,Act05,0.4333653486753155
10:04:09,Act05,0.3303740086785286,Act21,0.16312741489660976
10:04:10,Act05,0.3303740086785286,Act21,0.16312741489660976
10:04:11,Act05,0.3303740086785286,Act21,0.16312741489660976
10:04:12,Act05,0.3303740086785286,Act21,0.16312741489660976
10:04:13,Act05,0.3303740086785286,Act21,0.16312741489660976
10:04:14,Act05,0.3303740086785286,Act21,0.16312741489660976
10:04:15,Act05,0.3303740086785286,Act21,0.16312741489660976
10:04:16,Act05,0.3303740086785286,Act21,0.16312741489660976
10:04:17,Act05,0.3303740086785286,Act21,0.16312741489660976
10:04:18,Act05,0.3303740086785286,Act21,0.16312741489660976
10:04:19,Act22,1.0,Act24,0.0
10:04:20,Act22,1.0,Act24,0.0
10:04:21,Act24,,Act22,
10:04:22,Act05,0.2655987154215391,Act21,0.2632024858511521
10:04:23,Act05,0.3303740086785286,Act21,0.16312741489660976
10:04:24,Act05,0.3303740086785286,Act21,0.16312741489660976
10:04:25,Act05,0.3303740086785286,Act21,0.16312741489660976
10:04:26,Act05,0.3303740086785286,Act21,0.16312741489660976
10:04:27,Act21,0.9420226212415611,Act22,0.03322931183367433
10:04:28,Act21,0.9420226212415611,Act22,0.03322931183367433
10:04:29,Act05,0.3303740086785286,Act21,0.16312741489660976
10:04:30,Act05,0.3303740086785286,Act21,0.16312741489660976
10:04:31,Act05,0.3303740086785286,Act21,0.16312741489660976
10:04:32,Act05,0.3303740086785286,Act21,0.16312741489660976
10:04:33,Act05,0.3303740086785286,Act21,0.16312741489660976
10:04:34,Act05,0.3303740086785286,Act21,0.16312741489660976
10:04:35,Act05,0.3303740086785286,Act21,0.16312741489660976
10:04:36,Act05,0.3303740086785286,Act21,0.16312741489660976
10:04:37,Act05,0.3303740086785286,Act21,0.16312741489660976
10:04:38,Act05,0.3303740086785286,Act21,0.16312741489660976
10:04:39,Act05,0.3303740086785286,Act21,0.16312741489660976
10:04:40,Act05,0.3303740086785286,Act21,0.16312741489660976
10:04:41,Act05,0.3303740086785286,Act21,0.16312741489660976
10:04:42,Act05,0.3303740086785286,Act21,0.16312741489660976
10:04:43,Act05,0.3303740086785286,Act21,0.16312741489660976
10:04:44,Act05,0.3303740086785286,Act21,0.16312741489660976
10:04:45,Act05,0.3303740086785286,Act21,0.16312741489660976
10:04:46,Act05,0.3303740086785286,Act21,0.16312741489660976
10:04:47,Act05,0.3303740086785286,Act21,0.16312741489660976
10:04:48,Act05,0.3303740086785286,Act21,0.16312741489660976
10:04:49,Act05,0.3303740086785286,Act21,0.16312741489660976
10:04:50,Act05,0.3303740086785286,Act21,0.16312741489660976
10:04:51,Act05,0.3303740086785286,Act21,0.16312741489660976
10:04:52,Act05,0.3303740086785286,Act21,0.16312741489660976
10:04:53,Act05,0.3303740086785286,Act21,0.16312741489660976
10:04:54,Act05,0.3303740086785286,Act21,0.16312741489660976
10:04:55,Act05,0.3303740086785286,Act21,0.16312741489660976
10:04:56,Act05,0.3303740086785286,Act21,0.16312741489660976
10:04:57,Act05,0.3303740086785286,Act21,0.16312741489660976
10:04:58,Act05,0.3303740086785286,Act21,0.16312741489660976
10:04:59,Act05,0.3303740086785286,Act21,0.16312741489660976
10:05:00,Act05,0.3303740086785286,Act21,0.16312741489660976
10:05:01,Act05,0.3303740086785286,Act21,0.16312741489660976
10:05:02,Act05,0.3303740086785286,Act21,0.16312741489660976
10:05:03,Act05,0.3303740086785286,Act21,0.16312741489660976
10:05:04,Act05,0.3303740086785286,Act21,0.16312741489660976
10:05:05,Act05,0.3303740086785286,Act21,0.16312741489660976
10:05:06,Act05,0.3303740086785286,Act21,0.16312741489660976
10:05:07,Act05,0.3303740086785286,Act21,0.16312741489660976
10:05:08,Act05,0.3303740086785286,Act21,0.16312741489660976
10:05:09,Act05,0.3303740086785286,Act21,0.16312741489660976
10:05:10,Act05,0.3303740086785286,Act21,0.16312741489660976
10:05:11,Act05,0.3303740086785286,Act21,0.16312741489660976
10:05:12,Act05,0.3303740086785286,Act21,0.16312741489660976
10:05:13,Act05,0.3303740086785286,Act21,0.16312741489660976
10:05:14,Act05,0.3303740086785286,Act21,0.16312741489660976
10:05:15,Act05,0.3303740086785286,Act21,0.16312741489660976
10:05:16,Act05,0.3303740086785286,Act21,0.16312741489660976
10:05:17,Act05,0.3303740086785286,Act21,0.16312741489660976
10:05:18,Act05,0.3303740086785286,Act21,0.16312741489660976
10:05:19,Act05,0.3303740086785286,Act21,0.16312741489660976
10:05:20,Act05,0.3303740086785286,Act21,0.16312741489660976
10:05:21,Act05,0.3303740086785286,Act21,0.16312741489660976
10:05:22,Act05,0.3303740086785286,Act21,0.16312741489660976
10:05:23,Act05,0.3303740086785286,Act21,0.16312741489660976
10:05:24,Act05,0.3303740086785286,Act21,0.16312741489660976
10:05:25,Act05,0.3303740086785286,Act21,0.16312741489660976
10:05:26,Act05,0.3303740086785286,Act21,0.16312741489660976
10:05:27,Act05,0.3303740086785286,Act21,0.16312741489660976
10:05:28,Act05,0.3303740086785286,Act21,0.16312741489660976
10:05:29,Act05,0.3303740086785286,Act21,0.16312741489660976
10:05:30,Act05,0.3303740086785286,Act21,0.16312741489660976
10:05:31,Act05,0.3303740086785286,Act21,0.16312741489660976
10:05:32,Act05,0.3303740086785286,Act21,0.16312741489660976
10:05:33,Act05,0.3303740086785286,Act21,0.16312741489660976
10:05:34,Act05,0.3303740086785286,Act21,0.16312741489660976
10:05:35,Act05,0.3303740086785286,Act21,0.16312741489660976
10:05:36,Act05,0.3303740086785286,Act21,0.16312741489660976
10:05:37,Act05,0.3303740086785286,Act21,0.16312741489660976
10:05:38,Act05,0.3303740086785286,Act21,0.16312741489660976
10:05:39,Act05,0.3303740086785286,Act21,0.16312741489660976
10:05:40,Act05,0.3303740086785286,Act21,0.16312741489660976
10:05:41,Act05,0.3303740086785286,Act21,0.16312741489660976
10:05:42,Act05,0.3303740086785286,Act21,0.16312741489660976
10:05:43,Act05,0.3303740086785286,Act21,0.16312741489660976
10:05:44,Act05,0.3303740086785286,Act21,0.16312741489660976
10:05:45,Act05,0.3303740086785286,Act21,0.16312741489660976
10:05:46,Act05,0.3303740086785286,Act21,0.16312741489660976
10:05:47,Act05,0.3303740086785286,Act21,0.16312741489660976
10:05:48,Act05,0.3303740086785286,Act21,0.16312741489660976
10:05:49,Act05,0.3303740086785286,Act21,0.16312741489660976
10:05:50,Act05,0.3303740086785286,Act21,0.16312741489660976
10:05:51,Act05,0.3303740086785286,Act21,0.16312741489660976
10:05:52,Act05,0.3303740086785286,Act21,0.16312741489660976
10:05:53,Act05,0.3303740086785286,Act21,0.16312741489660976
10:05:54,Act05,0.3303740086785286,Act21,0.16312741489660976
10:05:55,Act05,0.3303740086785286,Act21,0.16312741489660976
10:05:56,Act05,0.3303740086785286,Act21,0.16312741489660976
10:05:57,Act05,0.3303740086785286,Act21,0.16312741489660976
10:05:58,Act05,0.3303740086785286,Act21,0.16312741489660976
10:05:59,Act05,0.3303740086785286,Act21,0.16312741489660976
10:06:00,Act05,0.3303740086785286,Act21,0.16312741489660976
10:06:01,Act05,0.3303740086785286,Act21,0.16312741489660976
10:06:02,Act05,0.3303740086785286,Act21,0.16312741489660976
10:06:03,Act05,0.3303740086785286,Act21,0.16312741489660976
10:06:04,Act05,0.3303740086785286,Act21,0.16312741489660976
10:06:05,Act05,0.3303740086785286,Act21,0.16312741489660976
10:06:06,Act05,0.3303740086785286,Act21,0.16312741489660976
10:06:07,Act05,0.3303740086785286,Act21,0.16312741489660976
10:06:08,Act05,0.3303740086785286,Act21,0.16312741489660976
10:06:09,Act05,0.3303740086785286,Act21,0.16312741489660976
10:06:10,Act05,0.3303740086785286,Act21,0.16312741489660976
10:06:11,Act05,0.3303740086785286,Act21,0.16312741489660976
10:06:12,Act05,0.3303740086785286,Act21,0.16312741489660976
10:06:13,Act05,0.3303740086785286,Act21,0.16312741489660976
10:06:14,Act05,0.3303740086785286,Act21,0.16312741489660976
10:06:15,Act05,0.3303740086785286,Act21,0.16312741489660976
10:06:16,Act05,0.3303740086785286,Act21,0.16312741489660976
10:06:17,Act05,0.3303740086785286,Act21,0.16312741489660976
10:06:18,Act05,0.3303740086785286,Act21,0.16312741489660976
10:06:19,Act05,0.3303740086785286,Act21,0.16312741489660976
10:06:20,Act05,0.3303740086785286,Act21,0.16312741489660976
10:06:21,Act05,0.3303740086785286,Act21,0.16312741489660976
10:06:22,Act05,0.3303740086785286,Act21,0.16312741489660976
10:06:23,Act05,0.3303740086785286,Act21,0.16312741489660976
10:06:24,Act05,0.3303740086785286,Act21,0.16312741489660976
10:06:25,Act05,0.3303740086785286,Act21,0.16312741489660976
10:06:26,Act05,0.3303740086785286,Act21,0.16312741489660976
10:06:27,Act05,0.3303740086785286,Act21,0.16312741489660976
10:06:28,Act05,0.3303740086785286,Act21,0.16312741489660976
10:06:29,Act05,0.3303740086785286,Act21,0.16312741489660976
10:06:30,Act05,0.3303740086785286,Act21,0.16312741489660976
10:06:31,Act05,0.3303740086785286,Act21,0.16312741489660976
10:06:32,Act05,0.3303740086785286,Act21,0.16312741489660976
10:06:33,Act05,0.3303740086785286,Act21,0.16312741489660976
10:06:34,Act05,0.3303740086785286,Act21,0.16312741489660976
10:06:35,Act05,0.3303740086785286,Act21,0.16312741489660976
10:06:36,Act05,0.3303740086785286,Act21,0.16312741489660976
10:06:37,Act05,0.3303740086785286,Act21,0.16312741489660976
10:06:38,Act05,0.3303740086785286,Act21,0.16312741489660976
10:06:39,Act05,0.3303740086785286,Act21,0.16312741489660976
10:06:40,Act05,0.3303740086785286,Act21,0.16312741489660976
10:06:41,Act05,0.3303740086785286,Act21,0.16312741489660976
10:06:42,Act05,0.3303740086785286,Act21,0.16312741489660976
10:06:43,Act05,0.3303740086785286,Act21,0.16312741489660976
10:06:44,Act05,0.3303740086785286,Act21,0.16312741489660976
10:06:45,Act05,0.3303740086785286,Act21,0.16312741489660976
10:06:46,Act05,0.3303740086785286,Act21,0.16312741489660976
10:06:47,Act05,0.3303740086785286,Act21,0.16312741489660976
10:06:48,Act05,0.3303740086785286,Act21,0.16312741489660976
10:06:49,Act05,0.3303740086785286,Act21,0.16312741489660976
10:06:50,Act05,0.3303740086785286,Act21,0.16312741489660976
10:06:51,Act05,0.3303740086785286,Act21,0.16312741489660976
10:06:52,Act05,0.3303740086785286,Act21,0.16312741489660976
10:06:53,Act05,0.3303740086785286,Act21,0.16312741489660976
10:06:54,Act05,0.3303740086785286,Act21,0.16312741489660976
10:06:55,Act05,0.3303740086785286,Act21,0.16312741489660976
10:06:56,Act05,0.3303740086785286,Act21,0.16312741489660976
10:06:57,Act05,0.3303740086785286,Act21,0.16312741489660976
10:06:58,Act05,0.3303740086785286,Act21,0.16312741489660976
10:06:59,Act05,0.3303740086785286,Act21,0.16312741489660976
10:07:00,Act05,0.3303740086785286,Act21,0.16312741489660976
10:07:01,Act05,0.3303740086785286,Act21,0.16312741489660976
10:07:02,Act05,0.3303740086785286,Act21,0.16312741489660976
10:07:03,Act05,0.3303740086785286,Act21,0.16312741489660976
10:07:04,Act05,0.3303740086785286,Act21,0.16312741489660976
10:07:05,Act05,0.3303740086785286,Act21,0.16312741489660976
10:07:06,Act05,0.3303740086785286,Act21,0.16312741489660976
10:07:07,Act05,0.3303740086785286,Act21,0.16312741489660976
10:07:08,Act05,0.3303740086785286,Act21,0.16312741489660976
10:07:09,Act05,0.3303740086785286,Act21,0.16312741489660976
10:07:10,Act05,0.3303740086785286,Act21,0.16312741489660976
10:07:11,Act05,0.3303740086785286,Act21,0.16312741489660976
10:07:12,Act05,0.3303740086785286,Act21,0.16312741489660976
10:07:13,Act05,0.3303740086785286,Act21,0.16312741489660976
10:07:14,Act05,0.3303740086785286,Act21,0.16312741489660976
10:07:15,Act05,0.3303740086785286,Act21,0.16312741489660976
10:07:16,Act05,0.3303740086785286,Act21,0.16312741489660976
10:07:17,Act05,0.3303740086785286,Act21,0.16312741489660976
10:07:18,Act05,0.3303740086785286,Act21,0.16312741489660976
10:07:19,Act05,0.3303740086785286,Act21,0.16312741489660976
10:07:20,Act05,0.3303740086785286,Act21,0.16312741489660976
10:07:21,Act05,0.3303740086785286,Act21,0.16312741489660976
10:07:22,Act05,0.3303740086785286,Act21,0.16312741489660976
10:07:23,Act05,0.3303740086785286,Act21,0.16312741489660976
10:07:24,Act05,0.3303740086785286,Act21,0.16312741489660976
10:07:25,Act05,0.3303740086785286,Act21,0.16312741489660976
10:07:26,Act05,0.3303740086785286,Act21,0.16312741489660976
10:07:27,Act05,0.3303740086785286,Act21,0.16312741489660976
10:07:28,Act05,0.3303740086785286,Act21,0.16312741489660976
10:07:29,Act05,0.3303740086785286,Act21,0.16312741489660976
10:07:30,Act05,0.3303740086785286,Act21,0.16312741489660976
10:07:31,Act05,0.3303740086785286,Act21,0.16312741489660976
10:07:32,Act05,0.3303740086785286,Act21,0.16312741489660976
10:07:33,Act05,0.3303740086785286,Act21,0.16312741489660976
10:07:34,Act05,0.3303740086785286,Act21,0.16312741489660976
10:07:35,Act05,0.3303740086785286,Act21,0.16312741489660976
10:07:36,Act05,0.3303740086785286,Act21,0.16312741489660976
10:07:37,Act05,0.3303740086785286,Act21,0.16312741489660976
10:07:38,Act05,0.3303740086785286,Act21,0.16312741489660976
10:07:39,Act05,0.3303740086785286,Act21,0.16312741489660976
10:07:40,Act05,0.3303740086785286,Act21,0.16312741489660976
10:07:41,Act05,0.3303740086785286,Act21,0.16312741489660976
10:07:42,Act05,0.3303740086785286,Act21,0.16312741489660976
10:07:43,Act05,0.3303740086785286,Act21,0.16312741489660976
10:07:44,Act05,0.3303740086785286,Act21,0.16312741489660976
10:07:45,Act05,0.3303740086785286,Act21,0.16312741489660976
10:07:46,Act05,0.3303740086785286,Act21,0.16312741489660976
10:07:47,Act05,0.3303740086785286,Act21,0.16312741489660976
10:07:48,Act05,0.3303740086785286,Act21,0.16312741489660976
10:07:49,Act05,0.3303740086785286,Act21,0.16312741489660976
10:07:50,Act05,0.3303740086785286,Act21,0.16312741489660976
10:07:51,Act05,0.3303740086785286,Act21,0.16312741489660976
10:07:52,Act05,0.3303740086785286,Act21,0.16312741489660976
10:07:53,Act05,0.3303740086785286,Act21,0.16312741489660976
10:07:54,Act05,0.3303740086785286,Act21,0.16312741489660976
10:07:55,Act05,0.3303740086785286,Act21,0.16312741489660976
10:07:56,Act05,0.3303740086785286,Act21,0.16312741489660976
10:07:57,Act05,0.3303740086785286,Act21,0.16312741489660976
10:07:58,Act05,0.3303740086785286,Act21,0.16312741489660976
10:07:59,Act05,0.3303740086785286,Act21,0.16312741489660976
10:08:00,Act05,0.3303740086785286,Act21,0.16312741489660976
10:08:01,Act05,0.3303740086785286,Act21,0.16312741489660976
10:08:02,Act05,0.3303740086785286,Act21,0.16312741489660976
10:08:03,Act05,0.3303740086785286,Act21,0.16312741489660976
10:08:04,Act05,0.3303740086785286,Act21,0.16312741489660976
10:08:05,Act05,0.3303740086785286,Act21,0.16312741489660976
10:08:06,Act05,0.3303740086785286,Act21,0.16312741489660976
10:08:07,Act05,0.3303740086785286,Act21,0.16312741489660976
10:08:08,Act05,0.3303740086785286,Act21,0.16312741489660976
10:08:09,Act05,0.3303740086785286,Act21,0.16312741489660976
10:08:10,Act05,0.3303740086785286,Act21,0.16312741489660976
10:08:11,Act05,0.3303740086785286,Act21,0.16312741489660976
10:08:12,Act05,0.3303740086785286,Act21,0.16312741489660976
10:08:13,Act05,0.3303740086785286,Act21,0.16312741489660976
10:08:14,Act05,0.3303740086785286,Act21,0.16312741489660976
10:08:15,Act05,0.3303740086785286,Act21,0.16312741489660976
10:08:16,Act05,0.3303740086785286,Act21,0.16312741489660976
10:08:17,Act05,0.3303740086785286,Act21,0.16312741489660976
10:08:18,Act05,0.3303740086785286,Act21,0.16312741489660976
10:08:19,Act02,0.943072512492289,Act05,0.05692748750771108
10:08:20,Act02,0.943072512492289,Act05,0.05692748750771108
10:08:21,Act05,0.3303740086785286,Act21,0.16312741489660976
10:08:22,Act05,0.3303740086785286,Act21,0.16312741489660976
10:08:23,Act05,0.3303740086785286,Act21,0.16312741489660976
10:08:24,Act05,0.3303740086785286,Act21,0.16312741489660976
10:08:25,Act05,0.3303740086785286,Act21,0.16312741489660976
10:08:26,Act05,0.3303740086785286,Act21,0.16312741489660976
10:08:27,Act05,0.3303740086785286,Act21,0.16312741489660976
10:08:28,Act05,0.3303740086785286,Act21,0.16312741489660976
10:08:29,Act05,0.3303740086785286,Act21,0.16312741489660976
10:08:30,Act05,0.3303740086785286,Act21,0.16312741489660976
10:08:31,Act05,0.3303740086785286,Act21,0.16312741489660976
10:08:32,Act05,0.3303740086785286,Act21,0.16312741489660976
10:08:33,Act05,0.3303740086785286,Act21,0.16312741489660976
10:08:34,Act05,0.3303740086785286,Act21,0.16312741489660976
10:08:35,Act05,0.3303740086785286,Act21,0.16312741489660976
10:08:36,Act05,0.3303740086785286,Act21,0.16312741489660976
10:08:37,Act05,0.3303740086785286,Act21,0.16312741489660976
10:08:38,Act05,0.3303740086785286,Act21,0.16312741489660976
10:08:39,Act05,0.3303740086785286,Act21,0.16312741489660976
10:08:40,Act05,0.3303740086785286,Act21,0.16312741489660976
10:08:41,Act05,0.3303740086785286,Act21,0.16312741489660976
10:08:42,Act05,0.3303740086785286,Act21,0.16312741489660976
10:08:43,Act05,0.3303740086785286,Act21,0.16312741489660976
10:08:44,Act05,0.3303740086785286,Act21,0.16312741489660976
10:08:45,Act05,0.3303740086785286,Act21,0.16312741489660976
10:08:46,Act05,0.3303740086785286,Act21,0.16312741489660976
10:08:47,Act05,0.3303740086785286,Act21,0.16312741489660976
10:08:48,Act05,0.3303740086785286,Act21,0.16312741489660976
10:08:49,Act05,0.3303740086785286,Act21,0.16312741489660976
10:08:50,Act05,0.3303740086785286,Act21,0.16312741489660976
10:08:51,Act05,0.3303740086785286,Act21,0.16312741489660976
10:08:52,Act05,0.3303740086785286,Act21,0.16312741489660976
10:08:53,Act05,0.3303740086785286,Act21,0.16312741489660976
10:08:54,Act05,0.3303740086785286,Act21,0.16312741489660976
10:08:55,Act05,0.3303740086785286,Act21,0.16312741489660976
10:08:56,Act05,0.3303740086785286,Act21,0.16312741489660976
10:08:57,Act05,0.3303740086785286,Act21,0.16312741489660976
10:08:58,Act05,0.3303740086785286,Act21,0.16312741489660976
10:08:59,Act05,0.3303740086785286,Act21,0.16312741489660976
10:09:00,Act05,0.3303740086785286,Act21,0.16312741489660976
10:09:01,Act05,0.3303740086785286,Act21,0.16312741489660976
10:09:02,Act05,0.3303740086785286,Act21,0.16312741489660976
10:09:03,Act05,0.3303740086785286,Act21,0.16312741489660976
10:09:04,Act05,0.3303740086785286,Act21,0.16312741489660976
10:09:05,Act05,0.3303740086785286,Act21,0.16312741489660976
10:09:06,Act05,0.3303740086785286,Act21,0.16312741489660976
10:09:07,Act05,0.3303740086785286,Act21,0.16312741489660976
10:09:08,Act05,0.3303740086785286,Act21,0.16312741489660976
10:09:09,Act05,0.3303740086785286,Act21,0.16312741489660976
10:09:10,Act05,0.3303740086785286,Act21,0.16312741489660976
10:09:11,Act05,0.3303740086785286,Act21,0.16312741489660976
10:09:12,Act05,0.3303740086785286,Act21,0.16312741489660976
10:09:13,Act05,0.3303740086785286,Act21,0.16312741489660976
10:09:14,Act05,0.3303740086785286,Act21,0.16312741489660976
10:09:15,Act05,0.3303740086785286,Act21,0.16312741489660976
10:09:16,Act05,0.3303740086785286,Act21,0.16312741489660976
10:09:17,Act05,0.3303740086785286,Act21,0.16312741489660976
10:09:18,Act05,0.3303740086785286,Act21,0.16312741489660976
10:09:19,Act05,0.3303740086785286,Act21,0.16312741489660976
10:09:20,Act05,0.3303740086785286,Act21,0.16312741489660976
10:09:21,Act05,0.3303740086785286,Act21,0.16312741489660976
10:09:22,Act05,0.3303740086785286,Act21,0.16312741489660976
10:09:23,Act05,0.3303740086785286,Act21,0.16312741489660976
10:09:24,Act05,0.3303740086785286,Act21,0.16312741489660976
10:09:25,Act05,0.3303740086785286,Act21,0.16312741489660976
10:09:26,Act05,0.3303740086785286,Act21,0.16312741489660976
10:09:27,Act05,0.3303740086785286,Act21,0.16312741489660976
10:09:28,Act05,0.3303740086785286,Act21,0.16312741489660976
10:09:29,Act05,0.3303740086785286,Act21,0.16312741489660976
10:09:30,Act05,0.3303740086785286,Act21,0.16312741489660976
10:09:31,Act05,0.3303740086785286,Act21,0.16312741489660976
10:09:32,Act05,0.3303740086785286,Act21,0.16312741489660976
10:09:33,Act05,0.3303740086785286,Act21,0.16312741489660976
10:09:34,Act05,0.3303740086785286,Act21,0.16312741489660976
10:09:35,Act05,0.3303740086785286,Act21,0.16312741489660976
10:09:36,Act05,0.3303740086785286,Act21,0.16312741489660976
10:09:37,Act05,0.3303740086785286,Act21,0.16312741489660976
10:09:38,Act05,0.3303740086785286,Act21,0.16312741489660976
10:09:39,Act05,0.3303740086785286,Act21,0.16312741489660976
10:09:40,Act05,0.3303740086785286,Act21,0.16312741489660976
10:09:41,Act05,0.3303740086785286,Act21,0.16312741489660976
10:09:42,Act05,0.3303740086785286,Act21,0.16312741489660976
10:09:43,Act05,0.3303740086785286,Act21,0.16312741489660976
10:09:44,Act05,0.3303740086785286,Act21,0.16312741489660976
10:09:45,Act05,0.3303740086785286,Act21,0.16312741489660976
10:09:46,Act05,0.3303740086785286,Act21,0.16312741489660976
10:09:47,Act05,0.3303740086785286,Act21,0.16312741489660976
10:09:48,Act05,0.3303740086785286,Act21,0.16312741489660976
10:09:49,Act05,0.3303740086785286,Act21,0.16312741489660976
10:09:50,Act05,0.3303740086785286,Act21,0.16312741489660976
10:09:51,Act05,0.3303740086785286,Act21,0.16312741489660976
10:09:52,Act05,0.3303740086785286,Act21,0.16312741489660976
10:09:53,Act05,0.3303740086785286,Act21,0.16312741489660976
10:09:54,Act05,0.3303740086785286,Act21,0.16312741489660976
10:09:55,Act05,0.3303740086785286,Act21,0.16312741489660976
10:09:56,Act05,0.3303740086785286,Act21,0.16312741489660976
10:09:57,Act05,0.3303740086785286,Act21,0.16312741489660976
10:09:58,Act05,0.3303740086785286,Act21,0.16312741489660976
10:09:59,Act05,0.3303740086785286,Act21,0.16312741489660976
10:10:00,Act05,0.3303740086785286,Act21,0.16312741489660976
10:10:01,Act05,0.3303740086785286,Act21,0.16312741489660976
10:10:02,Act05,0.3303740086785286,Act21,0.16312741489660976
10:10:03,Act05,0.3303740086785286,Act21,0.16312741489660976
10:10:04,Act05,0.3303740086785286,Act21,0.16312741489660976
10:10:05,Act05,0.3303740086785286,Act21,0.16312741489660976
10:10:06,Act05,0.3303740086785286,Act21,0.16312741489660976
10:10:07,Act05,0.3303740086785286,Act21,0.16312741489660976
10:10:08,Act05,0.3303740086785286,Act21,0.16312741489660976
10:10:09,Act05,0.3303740086785286,Act21,0.16312741489660976
10:10:10,Act05,0.3303740086785286,Act21,0.16312741489660976
10:10:11,Act05,0.3303740086785286,Act21,0.16312741489660976
10:10:12,Act05,0.3303740086785286,Act21,0.16312741489660976
10:10:13,Act05,0.3303740086785286,Act21,0.16312741489660976
